ARM GAS  /tmp/ccWclncs.s 			page 1


   1              		.cpu cortex-m4
   2              		.arch armv7e-m
   3              		.fpu fpv4-sp-d16
   4              		.eabi_attribute 27, 1
   5              		.eabi_attribute 28, 1
   6              		.eabi_attribute 20, 1
   7              		.eabi_attribute 21, 1
   8              		.eabi_attribute 23, 3
   9              		.eabi_attribute 24, 1
  10              		.eabi_attribute 25, 1
  11              		.eabi_attribute 26, 1
  12              		.eabi_attribute 30, 1
  13              		.eabi_attribute 34, 1
  14              		.eabi_attribute 18, 4
  15              		.file	"main.c"
  16              		.text
  17              	.Ltext0:
  18              		.cfi_sections	.debug_frame
  19              		.file 1 "Core/Src/main.c"
  20              		.section	.text.MX_GPIO_Init,"ax",%progbits
  21              		.align	1
  22              		.syntax unified
  23              		.thumb
  24              		.thumb_func
  26              	MX_GPIO_Init:
  27              	.LFB142:
   1:Core/Src/main.c **** /* USER CODE BEGIN Header */
   2:Core/Src/main.c **** /**
   3:Core/Src/main.c ****   ******************************************************************************
   4:Core/Src/main.c ****   * @file           : main.c
   5:Core/Src/main.c ****   * @brief          : Main program body
   6:Core/Src/main.c ****   ******************************************************************************
   7:Core/Src/main.c ****   * @attention
   8:Core/Src/main.c ****   *
   9:Core/Src/main.c ****   * Copyright (c) 2025 STMicroelectronics.
  10:Core/Src/main.c ****   * All rights reserved.
  11:Core/Src/main.c ****   *
  12:Core/Src/main.c ****   * This software is licensed under terms that can be found in the LICENSE file
  13:Core/Src/main.c ****   * in the root directory of this software component.
  14:Core/Src/main.c ****   * If no LICENSE file comes with this software, it is provided AS-IS.
  15:Core/Src/main.c ****   *
  16:Core/Src/main.c ****   ******************************************************************************
  17:Core/Src/main.c ****   */
  18:Core/Src/main.c **** /* USER CODE END Header */
  19:Core/Src/main.c **** /* Includes ------------------------------------------------------------------*/
  20:Core/Src/main.c **** #include "main.h"
  21:Core/Src/main.c **** 
  22:Core/Src/main.c **** /* Private includes ----------------------------------------------------------*/
  23:Core/Src/main.c **** /* USER CODE BEGIN Includes */
  24:Core/Src/main.c **** #include <stdio.h>
  25:Core/Src/main.c **** #include "stm32f4xx.h"
  26:Core/Src/main.c **** #include "lcd_stm32f4.h"
  27:Core/Src/main.c **** /* USER CODE END Includes */
  28:Core/Src/main.c **** 
  29:Core/Src/main.c **** /* Private typedef -----------------------------------------------------------*/
  30:Core/Src/main.c **** /* USER CODE BEGIN PTD */
  31:Core/Src/main.c **** 
ARM GAS  /tmp/ccWclncs.s 			page 2


  32:Core/Src/main.c **** /* USER CODE END PTD */
  33:Core/Src/main.c **** 
  34:Core/Src/main.c **** /* Private define ------------------------------------------------------------*/
  35:Core/Src/main.c **** /* USER CODE BEGIN PD */
  36:Core/Src/main.c **** // TODO: Add values for below variables
  37:Core/Src/main.c **** #define NS 1024      // Number of samples in LUT
  38:Core/Src/main.c **** #define TIM2CLK 16000000  // STM Clock frequency: Hint You might want to check the ioc file
  39:Core/Src/main.c **** #define F_SIGNAL 0.325 // Frequency of output analog signal
  40:Core/Src/main.c **** 
  41:Core/Src/main.c **** #define SINE 0
  42:Core/Src/main.c **** #define SAWTOOTH 1
  43:Core/Src/main.c **** #define TRIANGLE 2
  44:Core/Src/main.c **** #define PIANO 3
  45:Core/Src/main.c **** #define GUITAR 4
  46:Core/Src/main.c **** #define DRUM 5
  47:Core/Src/main.c **** 
  48:Core/Src/main.c **** /* USER CODE END PD */
  49:Core/Src/main.c **** 
  50:Core/Src/main.c **** /* Private macro -------------------------------------------------------------*/
  51:Core/Src/main.c **** /* USER CODE BEGIN PM */
  52:Core/Src/main.c **** 
  53:Core/Src/main.c **** /* USER CODE END PM */
  54:Core/Src/main.c **** 
  55:Core/Src/main.c **** /* Private variables ---------------------------------------------------------*/
  56:Core/Src/main.c **** TIM_HandleTypeDef htim2;
  57:Core/Src/main.c **** TIM_HandleTypeDef htim3;
  58:Core/Src/main.c **** DMA_HandleTypeDef hdma_tim2_ch1;
  59:Core/Src/main.c **** 
  60:Core/Src/main.c **** /* USER CODE BEGIN PV */
  61:Core/Src/main.c **** // TODO: Add code for global variables, including LUTs
  62:Core/Src/main.c **** uint32_t Sin_LUT[NS] = {
  63:Core/Src/main.c **** 		  2050,  2063,  2075,  2088,  2100,  2113,  2125,
  64:Core/Src/main.c **** 		  2138,  2151,  2163,  2176,  2188,  2201,  2213,
  65:Core/Src/main.c **** 		  2226,  2238,  2251,  2263,  2276,  2288,  2301,
  66:Core/Src/main.c **** 		  2313,  2326,  2338,  2351,  2363,  2376,  2388,
  67:Core/Src/main.c **** 		  2400,  2413,  2425,  2438,  2450,  2462,  2475,
  68:Core/Src/main.c **** 		  2487,  2499,  2511,  2524,  2536,  2548,  2560,
  69:Core/Src/main.c **** 		  2572,  2585,  2597,  2609,  2621,  2633,  2645,
  70:Core/Src/main.c **** 		  2657,  2669,  2681,  2693,  2705,  2717,  2729,
  71:Core/Src/main.c **** 		  2741,  2752,  2764,  2776,  2788,  2800,  2811,
  72:Core/Src/main.c **** 		  2823,  2835,  2846,  2858,  2869,  2881,  2892,
  73:Core/Src/main.c **** 		  2904,  2915,  2926,  2938,  2949,  2960,  2972,
  74:Core/Src/main.c **** 		  2983,  2994,  3005,  3016,  3027,  3038,  3049,
  75:Core/Src/main.c **** 		  3060,  3071,  3082,  3093,  3104,  3115,  3125,
  76:Core/Src/main.c **** 		  3136,  3147,  3157,  3168,  3178,  3189,  3199,
  77:Core/Src/main.c **** 		  3210,  3220,  3230,  3241,  3251,  3261,  3271,
  78:Core/Src/main.c **** 		  3281,  3291,  3301,  3311,  3321,  3331,  3341,
  79:Core/Src/main.c **** 		  3351,  3360,  3370,  3379,  3389,  3399,  3408,
  80:Core/Src/main.c **** 		  3417,  3427,  3436,  3445,  3454,  3464,  3473,
  81:Core/Src/main.c **** 		  3482,  3491,  3500,  3508,  3517,  3526,  3535,
  82:Core/Src/main.c **** 		  3543,  3552,  3560,  3569,  3577,  3586,  3594,
  83:Core/Src/main.c **** 		  3602,  3610,  3619,  3627,  3635,  3643,  3651,
  84:Core/Src/main.c **** 		  3658,  3666,  3674,  3681,  3689,  3697,  3704,
  85:Core/Src/main.c **** 		  3711,  3719,  3726,  3733,  3740,  3747,  3755,
  86:Core/Src/main.c **** 		  3761,  3768,  3775,  3782,  3789,  3795,  3802,
  87:Core/Src/main.c **** 		  3808,  3815,  3821,  3827,  3834,  3840,  3846,
  88:Core/Src/main.c **** 		  3852,  3858,  3864,  3870,  3875,  3881,  3887,
ARM GAS  /tmp/ccWclncs.s 			page 3


  89:Core/Src/main.c **** 		  3892,  3898,  3903,  3909,  3914,  3919,  3924,
  90:Core/Src/main.c **** 		  3929,  3934,  3939,  3944,  3949,  3953,  3958,
  91:Core/Src/main.c **** 		  3963,  3967,  3972,  3976,  3980,  3984,  3988,
  92:Core/Src/main.c **** 		  3993,  3997,  4000,  4004,  4008,  4012,  4015,
  93:Core/Src/main.c **** 		  4019,  4022,  4026,  4029,  4032,  4035,  4039,
  94:Core/Src/main.c **** 		  4042,  4045,  4047,  4050,  4053,  4056,  4058,
  95:Core/Src/main.c **** 		  4061,  4063,  4065,  4068,  4070,  4072,  4074,
  96:Core/Src/main.c **** 		  4076,  4078,  4080,  4081,  4083,  4085,  4086,
  97:Core/Src/main.c **** 		  4088,  4089,  4090,  4091,  4092,  4093,  4094,
  98:Core/Src/main.c **** 		  4095,  4096,  4097,  4098,  4098,  4099,  4099,
  99:Core/Src/main.c **** 		  4099,  4100,  4100,  4100,  4100,  4100,  4100,
 100:Core/Src/main.c **** 		  4100,  4099,  4099,  4099,  4098,  4098,  4097,
 101:Core/Src/main.c **** 		  4096,  4095,  4094,  4093,  4092,  4091,  4090,
 102:Core/Src/main.c **** 		  4089,  4088,  4086,  4085,  4083,  4081,  4080,
 103:Core/Src/main.c **** 		  4078,  4076,  4074,  4072,  4070,  4068,  4065,
 104:Core/Src/main.c **** 		  4063,  4061,  4058,  4056,  4053,  4050,  4047,
 105:Core/Src/main.c **** 		  4045,  4042,  4039,  4035,  4032,  4029,  4026,
 106:Core/Src/main.c **** 		  4022,  4019,  4015,  4012,  4008,  4004,  4000,
 107:Core/Src/main.c **** 		  3997,  3993,  3988,  3984,  3980,  3976,  3972,
 108:Core/Src/main.c **** 		  3967,  3963,  3958,  3953,  3949,  3944,  3939,
 109:Core/Src/main.c **** 		  3934,  3929,  3924,  3919,  3914,  3909,  3903,
 110:Core/Src/main.c **** 		  3898,  3892,  3887,  3881,  3875,  3870,  3864,
 111:Core/Src/main.c **** 		  3858,  3852,  3846,  3840,  3834,  3827,  3821,
 112:Core/Src/main.c **** 		  3815,  3808,  3802,  3795,  3789,  3782,  3775,
 113:Core/Src/main.c **** 		  3768,  3761,  3755,  3747,  3740,  3733,  3726,
 114:Core/Src/main.c **** 		  3719,  3711,  3704,  3697,  3689,  3681,  3674,
 115:Core/Src/main.c **** 		  3666,  3658,  3651,  3643,  3635,  3627,  3619,
 116:Core/Src/main.c **** 		  3610,  3602,  3594,  3586,  3577,  3569,  3560,
 117:Core/Src/main.c **** 		  3552,  3543,  3535,  3526,  3517,  3508,  3500,
 118:Core/Src/main.c **** 		  3491,  3482,  3473,  3464,  3454,  3445,  3436,
 119:Core/Src/main.c **** 		  3427,  3417,  3408,  3399,  3389,  3379,  3370,
 120:Core/Src/main.c **** 		  3360,  3351,  3341,  3331,  3321,  3311,  3301,
 121:Core/Src/main.c **** 		  3291,  3281,  3271,  3261,  3251,  3241,  3230,
 122:Core/Src/main.c **** 		  3220,  3210,  3199,  3189,  3178,  3168,  3157,
 123:Core/Src/main.c **** 		  3147,  3136,  3125,  3115,  3104,  3093,  3082,
 124:Core/Src/main.c **** 		  3071,  3060,  3049,  3038,  3027,  3016,  3005,
 125:Core/Src/main.c **** 		  2994,  2983,  2972,  2960,  2949,  2938,  2926,
 126:Core/Src/main.c **** 		  2915,  2904,  2892,  2881,  2869,  2858,  2846,
 127:Core/Src/main.c **** 		  2835,  2823,  2811,  2800,  2788,  2776,  2764,
 128:Core/Src/main.c **** 		  2752,  2741,  2729,  2717,  2705,  2693,  2681,
 129:Core/Src/main.c **** 		  2669,  2657,  2645,  2633,  2621,  2609,  2597,
 130:Core/Src/main.c **** 		  2585,  2572,  2560,  2548,  2536,  2524,  2511,
 131:Core/Src/main.c **** 		  2499,  2487,  2475,  2462,  2450,  2438,  2425,
 132:Core/Src/main.c **** 		  2413,  2400,  2388,  2376,  2363,  2351,  2338,
 133:Core/Src/main.c **** 		  2326,  2313,  2301,  2288,  2276,  2263,  2251,
 134:Core/Src/main.c **** 		  2238,  2226,  2213,  2201,  2188,  2176,  2163,
 135:Core/Src/main.c **** 		  2151,  2138,  2125,  2113,  2100,  2088,  2075,
 136:Core/Src/main.c **** 		  2063,  2050,  2037,  2025,  2012,  2000,  1987,
 137:Core/Src/main.c **** 		  1975,  1962,  1949,  1937,  1924,  1912,  1899,
 138:Core/Src/main.c **** 		  1887,  1874,  1862,  1849,  1837,  1824,  1812,
 139:Core/Src/main.c **** 		  1799,  1787,  1774,  1762,  1749,  1737,  1724,
 140:Core/Src/main.c **** 		  1712,  1700,  1687,  1675,  1662,  1650,  1638,
 141:Core/Src/main.c **** 		  1625,  1613,  1601,  1589,  1576,  1564,  1552,
 142:Core/Src/main.c **** 		  1540,  1528,  1515,  1503,  1491,  1479,  1467,
 143:Core/Src/main.c **** 		  1455,  1443,  1431,  1419,  1407,  1395,  1383,
 144:Core/Src/main.c **** 		  1371,  1359,  1348,  1336,  1324,  1312,  1300,
 145:Core/Src/main.c **** 		  1289,  1277,  1265,  1254,  1242,  1231,  1219,
ARM GAS  /tmp/ccWclncs.s 			page 4


 146:Core/Src/main.c **** 		  1208,  1196,  1185,  1174,  1162,  1151,  1140,
 147:Core/Src/main.c **** 		  1128,  1117,  1106,  1095,  1084,  1073,  1062,
 148:Core/Src/main.c **** 		  1051,  1040,  1029,  1018,  1007,   996,   985,
 149:Core/Src/main.c **** 		   975,   964,   953,   943,   932,   922,   911,
 150:Core/Src/main.c **** 		   901,   890,   880,   870,   859,   849,   839,
 151:Core/Src/main.c **** 		   829,   819,   809,   799,   789,   779,   769,
 152:Core/Src/main.c **** 		   759,   749,   740,   730,   721,   711,   701,
 153:Core/Src/main.c **** 		   692,   683,   673,   664,   655,   646,   636,
 154:Core/Src/main.c **** 		   627,   618,   609,   600,   592,   583,   574,
 155:Core/Src/main.c **** 		   565,   557,   548,   540,   531,   523,   514,
 156:Core/Src/main.c **** 		   506,   498,   490,   481,   473,   465,   457,
 157:Core/Src/main.c **** 		   449,   442,   434,   426,   419,   411,   403,
 158:Core/Src/main.c **** 		   396,   389,   381,   374,   367,   360,   353,
 159:Core/Src/main.c **** 		   345,   339,   332,   325,   318,   311,   305,
 160:Core/Src/main.c **** 		   298,   292,   285,   279,   273,   266,   260,
 161:Core/Src/main.c **** 		   254,   248,   242,   236,   230,   225,   219,
 162:Core/Src/main.c **** 		   213,   208,   202,   197,   191,   186,   181,
 163:Core/Src/main.c **** 		   176,   171,   166,   161,   156,   151,   147,
 164:Core/Src/main.c **** 		   142,   137,   133,   128,   124,   120,   116,
 165:Core/Src/main.c **** 		   112,   107,   103,   100,    96,    92,    88,
 166:Core/Src/main.c **** 		    85,    81,    78,    74,    71,    68,    65,
 167:Core/Src/main.c **** 		    61,    58,    55,    53,    50,    47,    44,
 168:Core/Src/main.c **** 		    42,    39,    37,    35,    32,    30,    28,
 169:Core/Src/main.c **** 		    26,    24,    22,    20,    19,    17,    15,
 170:Core/Src/main.c **** 		    14,    12,    11,    10,     9,     8,     7,
 171:Core/Src/main.c **** 		     6,     5,     4,     3,     2,     2,     1,
 172:Core/Src/main.c **** 		     1,     1,     0,     0,     0,     0,     0,
 173:Core/Src/main.c **** 		     0,     0,     1,     1,     1,     2,     2,
 174:Core/Src/main.c **** 		     3,     4,     5,     6,     7,     8,     9,
 175:Core/Src/main.c **** 		    10,    11,    12,    14,    15,    17,    19,
 176:Core/Src/main.c **** 		    20,    22,    24,    26,    28,    30,    32,
 177:Core/Src/main.c **** 		    35,    37,    39,    42,    44,    47,    50,
 178:Core/Src/main.c **** 		    53,    55,    58,    61,    65,    68,    71,
 179:Core/Src/main.c **** 		    74,    78,    81,    85,    88,    92,    96,
 180:Core/Src/main.c **** 		   100,   103,   107,   112,   116,   120,   124,
 181:Core/Src/main.c **** 		   128,   133,   137,   142,   147,   151,   156,
 182:Core/Src/main.c **** 		   161,   166,   171,   176,   181,   186,   191,
 183:Core/Src/main.c **** 		   197,   202,   208,   213,   219,   225,   230,
 184:Core/Src/main.c **** 		   236,   242,   248,   254,   260,   266,   273,
 185:Core/Src/main.c **** 		   279,   285,   292,   298,   305,   311,   318,
 186:Core/Src/main.c **** 		   325,   332,   339,   345,   353,   360,   367,
 187:Core/Src/main.c **** 		   374,   381,   389,   396,   403,   411,   419,
 188:Core/Src/main.c **** 		   426,   434,   442,   449,   457,   465,   473,
 189:Core/Src/main.c **** 		   481,   490,   498,   506,   514,   523,   531,
 190:Core/Src/main.c **** 		   540,   548,   557,   565,   574,   583,   592,
 191:Core/Src/main.c **** 		   600,   609,   618,   627,   636,   646,   655,
 192:Core/Src/main.c **** 		   664,   673,   683,   692,   701,   711,   721,
 193:Core/Src/main.c **** 		   730,   740,   749,   759,   769,   779,   789,
 194:Core/Src/main.c **** 		   799,   809,   819,   829,   839,   849,   859,
 195:Core/Src/main.c **** 		   870,   880,   890,   901,   911,   922,   932,
 196:Core/Src/main.c **** 		   943,   953,   964,   975,   985,   996,  1007,
 197:Core/Src/main.c **** 		  1018,  1029,  1040,  1051,  1062,  1073,  1084,
 198:Core/Src/main.c **** 		  1095,  1106,  1117,  1128,  1140,  1151,  1162,
 199:Core/Src/main.c **** 		  1174,  1185,  1196,  1208,  1219,  1231,  1242,
 200:Core/Src/main.c **** 		  1254,  1265,  1277,  1289,  1300,  1312,  1324,
 201:Core/Src/main.c **** 		  1336,  1348,  1359,  1371,  1383,  1395,  1407,
 202:Core/Src/main.c **** 		  1419,  1431,  1443,  1455,  1467,  1479,  1491,
ARM GAS  /tmp/ccWclncs.s 			page 5


 203:Core/Src/main.c **** 		  1503,  1515,  1528,  1540,  1552,  1564,  1576,
 204:Core/Src/main.c **** 		  1589,  1601,  1613,  1625,  1638,  1650,  1662,
 205:Core/Src/main.c **** 		  1675,  1687,  1700,  1712,  1724,  1737,  1749,
 206:Core/Src/main.c **** 		  1762,  1774,  1787,  1799,  1812,  1824,  1837,
 207:Core/Src/main.c **** 		  1849,  1862,  1874,  1887,  1899,  1912,  1924,
 208:Core/Src/main.c **** 		  1937,  1949,  1962,  1975,  1987,  2000,  2012,
 209:Core/Src/main.c **** 		  2025,  2037
 210:Core/Src/main.c **** };
 211:Core/Src/main.c **** 
 212:Core/Src/main.c **** uint32_t Saw_LUT[NS] = {
 213:Core/Src/main.c **** 		     0,     4,     8,    12,    16,    20,    24,
 214:Core/Src/main.c **** 		    28,    32,    36,    40,    44,    48,    52,
 215:Core/Src/main.c **** 		    56,    60,    64,    68,    72,    76,    80,
 216:Core/Src/main.c **** 		    84,    88,    92,    96,   100,   104,   108,
 217:Core/Src/main.c **** 		   112,   116,   120,   124,   128,   132,   136,
 218:Core/Src/main.c **** 		   140,   144,   148,   152,   156,   160,   164,
 219:Core/Src/main.c **** 		   168,   172,   176,   180,   184,   188,   192,
 220:Core/Src/main.c **** 		   196,   200,   204,   208,   212,   216,   220,
 221:Core/Src/main.c **** 		   224,   228,   232,   236,   240,   244,   248,
 222:Core/Src/main.c **** 		   252,   256,   260,   264,   268,   272,   276,
 223:Core/Src/main.c **** 		   280,   284,   288,   292,   296,   300,   304,
 224:Core/Src/main.c **** 		   308,   312,   316,   320,   324,   328,   332,
 225:Core/Src/main.c **** 		   336,   340,   344,   348,   352,   356,   360,
 226:Core/Src/main.c **** 		   364,   368,   372,   376,   380,   384,   388,
 227:Core/Src/main.c **** 		   392,   396,   400,   404,   408,   412,   416,
 228:Core/Src/main.c **** 		   420,   424,   428,   432,   436,   440,   444,
 229:Core/Src/main.c **** 		   448,   452,   456,   460,   464,   468,   472,
 230:Core/Src/main.c **** 		   476,   480,   484,   488,   492,   496,   500,
 231:Core/Src/main.c **** 		   504,   508,   513,   517,   521,   525,   529,
 232:Core/Src/main.c **** 		   533,   537,   541,   545,   549,   553,   557,
 233:Core/Src/main.c **** 		   561,   565,   569,   573,   577,   581,   585,
 234:Core/Src/main.c **** 		   589,   593,   597,   601,   605,   609,   613,
 235:Core/Src/main.c **** 		   617,   621,   625,   629,   633,   637,   641,
 236:Core/Src/main.c **** 		   645,   649,   653,   657,   661,   665,   669,
 237:Core/Src/main.c **** 		   673,   677,   681,   685,   689,   693,   697,
 238:Core/Src/main.c **** 		   701,   705,   709,   713,   717,   721,   725,
 239:Core/Src/main.c **** 		   729,   733,   737,   741,   745,   749,   753,
 240:Core/Src/main.c **** 		   757,   761,   765,   769,   773,   777,   781,
 241:Core/Src/main.c **** 		   785,   789,   793,   797,   801,   805,   809,
 242:Core/Src/main.c **** 		   813,   817,   821,   825,   829,   833,   837,
 243:Core/Src/main.c **** 		   841,   845,   849,   853,   857,   861,   865,
 244:Core/Src/main.c **** 		   869,   873,   877,   881,   885,   889,   893,
 245:Core/Src/main.c **** 		   897,   901,   905,   909,   913,   917,   921,
 246:Core/Src/main.c **** 		   925,   929,   933,   937,   941,   945,   949,
 247:Core/Src/main.c **** 		   953,   957,   961,   965,   969,   973,   977,
 248:Core/Src/main.c **** 		   981,   985,   989,   993,   997,  1001,  1005,
 249:Core/Src/main.c **** 		  1009,  1013,  1017,  1021,  1025,  1029,  1033,
 250:Core/Src/main.c **** 		  1037,  1041,  1045,  1049,  1053,  1057,  1061,
 251:Core/Src/main.c **** 		  1065,  1069,  1073,  1077,  1081,  1085,  1089,
 252:Core/Src/main.c **** 		  1093,  1097,  1101,  1105,  1109,  1113,  1117,
 253:Core/Src/main.c **** 		  1121,  1125,  1129,  1133,  1137,  1141,  1145,
 254:Core/Src/main.c **** 		  1149,  1153,  1157,  1161,  1165,  1169,  1173,
 255:Core/Src/main.c **** 		  1177,  1181,  1185,  1189,  1193,  1197,  1201,
 256:Core/Src/main.c **** 		  1205,  1209,  1213,  1217,  1221,  1225,  1229,
 257:Core/Src/main.c **** 		  1233,  1237,  1241,  1245,  1249,  1253,  1257,
 258:Core/Src/main.c **** 		  1261,  1265,  1269,  1273,  1277,  1281,  1285,
 259:Core/Src/main.c **** 		  1289,  1293,  1297,  1301,  1305,  1309,  1313,
ARM GAS  /tmp/ccWclncs.s 			page 6


 260:Core/Src/main.c **** 		  1317,  1321,  1325,  1329,  1333,  1337,  1341,
 261:Core/Src/main.c **** 		  1345,  1349,  1353,  1357,  1361,  1365,  1369,
 262:Core/Src/main.c **** 		  1373,  1377,  1381,  1385,  1389,  1393,  1397,
 263:Core/Src/main.c **** 		  1401,  1405,  1409,  1413,  1417,  1421,  1425,
 264:Core/Src/main.c **** 		  1429,  1433,  1437,  1441,  1445,  1449,  1453,
 265:Core/Src/main.c **** 		  1457,  1461,  1465,  1469,  1473,  1477,  1481,
 266:Core/Src/main.c **** 		  1485,  1489,  1493,  1497,  1501,  1505,  1509,
 267:Core/Src/main.c **** 		  1513,  1517,  1521,  1525,  1529,  1533,  1538,
 268:Core/Src/main.c **** 		  1542,  1546,  1550,  1554,  1558,  1562,  1566,
 269:Core/Src/main.c **** 		  1570,  1574,  1578,  1582,  1586,  1590,  1594,
 270:Core/Src/main.c **** 		  1598,  1602,  1606,  1610,  1614,  1618,  1622,
 271:Core/Src/main.c **** 		  1626,  1630,  1634,  1638,  1642,  1646,  1650,
 272:Core/Src/main.c **** 		  1654,  1658,  1662,  1666,  1670,  1674,  1678,
 273:Core/Src/main.c **** 		  1682,  1686,  1690,  1694,  1698,  1702,  1706,
 274:Core/Src/main.c **** 		  1710,  1714,  1718,  1722,  1726,  1730,  1734,
 275:Core/Src/main.c **** 		  1738,  1742,  1746,  1750,  1754,  1758,  1762,
 276:Core/Src/main.c **** 		  1766,  1770,  1774,  1778,  1782,  1786,  1790,
 277:Core/Src/main.c **** 		  1794,  1798,  1802,  1806,  1810,  1814,  1818,
 278:Core/Src/main.c **** 		  1822,  1826,  1830,  1834,  1838,  1842,  1846,
 279:Core/Src/main.c **** 		  1850,  1854,  1858,  1862,  1866,  1870,  1874,
 280:Core/Src/main.c **** 		  1878,  1882,  1886,  1890,  1894,  1898,  1902,
 281:Core/Src/main.c **** 		  1906,  1910,  1914,  1918,  1922,  1926,  1930,
 282:Core/Src/main.c **** 		  1934,  1938,  1942,  1946,  1950,  1954,  1958,
 283:Core/Src/main.c **** 		  1962,  1966,  1970,  1974,  1978,  1982,  1986,
 284:Core/Src/main.c **** 		  1990,  1994,  1998,  2002,  2006,  2010,  2014,
 285:Core/Src/main.c **** 		  2018,  2022,  2026,  2030,  2034,  2038,  2042,
 286:Core/Src/main.c **** 		  2046,  2050,  2054,  2058,  2062,  2066,  2070,
 287:Core/Src/main.c **** 		  2074,  2078,  2082,  2086,  2090,  2094,  2098,
 288:Core/Src/main.c **** 		  2102,  2106,  2110,  2114,  2118,  2122,  2126,
 289:Core/Src/main.c **** 		  2130,  2134,  2138,  2142,  2146,  2150,  2154,
 290:Core/Src/main.c **** 		  2158,  2162,  2166,  2170,  2174,  2178,  2182,
 291:Core/Src/main.c **** 		  2186,  2190,  2194,  2198,  2202,  2206,  2210,
 292:Core/Src/main.c **** 		  2214,  2218,  2222,  2226,  2230,  2234,  2238,
 293:Core/Src/main.c **** 		  2242,  2246,  2250,  2254,  2258,  2262,  2266,
 294:Core/Src/main.c **** 		  2270,  2274,  2278,  2282,  2286,  2290,  2294,
 295:Core/Src/main.c **** 		  2298,  2302,  2306,  2310,  2314,  2318,  2322,
 296:Core/Src/main.c **** 		  2326,  2330,  2334,  2338,  2342,  2346,  2350,
 297:Core/Src/main.c **** 		  2354,  2358,  2362,  2366,  2370,  2374,  2378,
 298:Core/Src/main.c **** 		  2382,  2386,  2390,  2394,  2398,  2402,  2406,
 299:Core/Src/main.c **** 		  2410,  2414,  2418,  2422,  2426,  2430,  2434,
 300:Core/Src/main.c **** 		  2438,  2442,  2446,  2450,  2454,  2458,  2462,
 301:Core/Src/main.c **** 		  2466,  2470,  2474,  2478,  2482,  2486,  2490,
 302:Core/Src/main.c **** 		  2494,  2498,  2502,  2506,  2510,  2514,  2518,
 303:Core/Src/main.c **** 		  2522,  2526,  2530,  2534,  2538,  2542,  2546,
 304:Core/Src/main.c **** 		  2550,  2554,  2558,  2562,  2567,  2571,  2575,
 305:Core/Src/main.c **** 		  2579,  2583,  2587,  2591,  2595,  2599,  2603,
 306:Core/Src/main.c **** 		  2607,  2611,  2615,  2619,  2623,  2627,  2631,
 307:Core/Src/main.c **** 		  2635,  2639,  2643,  2647,  2651,  2655,  2659,
 308:Core/Src/main.c **** 		  2663,  2667,  2671,  2675,  2679,  2683,  2687,
 309:Core/Src/main.c **** 		  2691,  2695,  2699,  2703,  2707,  2711,  2715,
 310:Core/Src/main.c **** 		  2719,  2723,  2727,  2731,  2735,  2739,  2743,
 311:Core/Src/main.c **** 		  2747,  2751,  2755,  2759,  2763,  2767,  2771,
 312:Core/Src/main.c **** 		  2775,  2779,  2783,  2787,  2791,  2795,  2799,
 313:Core/Src/main.c **** 		  2803,  2807,  2811,  2815,  2819,  2823,  2827,
 314:Core/Src/main.c **** 		  2831,  2835,  2839,  2843,  2847,  2851,  2855,
 315:Core/Src/main.c **** 		  2859,  2863,  2867,  2871,  2875,  2879,  2883,
 316:Core/Src/main.c **** 		  2887,  2891,  2895,  2899,  2903,  2907,  2911,
ARM GAS  /tmp/ccWclncs.s 			page 7


 317:Core/Src/main.c **** 		  2915,  2919,  2923,  2927,  2931,  2935,  2939,
 318:Core/Src/main.c **** 		  2943,  2947,  2951,  2955,  2959,  2963,  2967,
 319:Core/Src/main.c **** 		  2971,  2975,  2979,  2983,  2987,  2991,  2995,
 320:Core/Src/main.c **** 		  2999,  3003,  3007,  3011,  3015,  3019,  3023,
 321:Core/Src/main.c **** 		  3027,  3031,  3035,  3039,  3043,  3047,  3051,
 322:Core/Src/main.c **** 		  3055,  3059,  3063,  3067,  3071,  3075,  3079,
 323:Core/Src/main.c **** 		  3083,  3087,  3091,  3095,  3099,  3103,  3107,
 324:Core/Src/main.c **** 		  3111,  3115,  3119,  3123,  3127,  3131,  3135,
 325:Core/Src/main.c **** 		  3139,  3143,  3147,  3151,  3155,  3159,  3163,
 326:Core/Src/main.c **** 		  3167,  3171,  3175,  3179,  3183,  3187,  3191,
 327:Core/Src/main.c **** 		  3195,  3199,  3203,  3207,  3211,  3215,  3219,
 328:Core/Src/main.c **** 		  3223,  3227,  3231,  3235,  3239,  3243,  3247,
 329:Core/Src/main.c **** 		  3251,  3255,  3259,  3263,  3267,  3271,  3275,
 330:Core/Src/main.c **** 		  3279,  3283,  3287,  3291,  3295,  3299,  3303,
 331:Core/Src/main.c **** 		  3307,  3311,  3315,  3319,  3323,  3327,  3331,
 332:Core/Src/main.c **** 		  3335,  3339,  3343,  3347,  3351,  3355,  3359,
 333:Core/Src/main.c **** 		  3363,  3367,  3371,  3375,  3379,  3383,  3387,
 334:Core/Src/main.c **** 		  3391,  3395,  3399,  3403,  3407,  3411,  3415,
 335:Core/Src/main.c **** 		  3419,  3423,  3427,  3431,  3435,  3439,  3443,
 336:Core/Src/main.c **** 		  3447,  3451,  3455,  3459,  3463,  3467,  3471,
 337:Core/Src/main.c **** 		  3475,  3479,  3483,  3487,  3491,  3495,  3499,
 338:Core/Src/main.c **** 		  3503,  3507,  3511,  3515,  3519,  3523,  3527,
 339:Core/Src/main.c **** 		  3531,  3535,  3539,  3543,  3547,  3551,  3555,
 340:Core/Src/main.c **** 		  3559,  3563,  3567,  3571,  3575,  3579,  3583,
 341:Core/Src/main.c **** 		  3587,  3592,  3596,  3600,  3604,  3608,  3612,
 342:Core/Src/main.c **** 		  3616,  3620,  3624,  3628,  3632,  3636,  3640,
 343:Core/Src/main.c **** 		  3644,  3648,  3652,  3656,  3660,  3664,  3668,
 344:Core/Src/main.c **** 		  3672,  3676,  3680,  3684,  3688,  3692,  3696,
 345:Core/Src/main.c **** 		  3700,  3704,  3708,  3712,  3716,  3720,  3724,
 346:Core/Src/main.c **** 		  3728,  3732,  3736,  3740,  3744,  3748,  3752,
 347:Core/Src/main.c **** 		  3756,  3760,  3764,  3768,  3772,  3776,  3780,
 348:Core/Src/main.c **** 		  3784,  3788,  3792,  3796,  3800,  3804,  3808,
 349:Core/Src/main.c **** 		  3812,  3816,  3820,  3824,  3828,  3832,  3836,
 350:Core/Src/main.c **** 		  3840,  3844,  3848,  3852,  3856,  3860,  3864,
 351:Core/Src/main.c **** 		  3868,  3872,  3876,  3880,  3884,  3888,  3892,
 352:Core/Src/main.c **** 		  3896,  3900,  3904,  3908,  3912,  3916,  3920,
 353:Core/Src/main.c **** 		  3924,  3928,  3932,  3936,  3940,  3944,  3948,
 354:Core/Src/main.c **** 		  3952,  3956,  3960,  3964,  3968,  3972,  3976,
 355:Core/Src/main.c **** 		  3980,  3984,  3988,  3992,  3996,  4000,  4004,
 356:Core/Src/main.c **** 		  4008,  4012,  4016,  4020,  4024,  4028,  4032,
 357:Core/Src/main.c **** 		  4036,  4040,  4044,  4048,  4052,  4056,  4060,
 358:Core/Src/main.c **** 		  4064,  4068,  4072,  4076,  4080,  4084,  4088,
 359:Core/Src/main.c **** 		  4092,  4096
 360:Core/Src/main.c **** };
 361:Core/Src/main.c **** 
 362:Core/Src/main.c **** uint32_t Triangle_LUT[NS] = {
 363:Core/Src/main.c **** 		     0,     8,    16,    24,    32,    40,    48,
 364:Core/Src/main.c **** 		    56,    64,    72,    80,    88,    96,   104,
 365:Core/Src/main.c **** 		   112,   120,   128,   136,   144,   152,   160,
 366:Core/Src/main.c **** 		   168,   176,   184,   192,   200,   208,   216,
 367:Core/Src/main.c **** 		   224,   232,   240,   248,   256,   264,   272,
 368:Core/Src/main.c **** 		   280,   288,   296,   304,   312,   320,   328,
 369:Core/Src/main.c **** 		   336,   344,   352,   360,   368,   376,   384,
 370:Core/Src/main.c **** 		   392,   400,   408,   416,   424,   432,   440,
 371:Core/Src/main.c **** 		   448,   456,   464,   472,   480,   488,   496,
 372:Core/Src/main.c **** 		   504,   513,   521,   529,   537,   545,   553,
 373:Core/Src/main.c **** 		   561,   569,   577,   585,   593,   601,   609,
ARM GAS  /tmp/ccWclncs.s 			page 8


 374:Core/Src/main.c **** 		   617,   625,   633,   641,   649,   657,   665,
 375:Core/Src/main.c **** 		   673,   681,   689,   697,   705,   713,   721,
 376:Core/Src/main.c **** 		   729,   737,   745,   753,   761,   769,   777,
 377:Core/Src/main.c **** 		   785,   793,   801,   809,   817,   825,   833,
 378:Core/Src/main.c **** 		   841,   849,   857,   865,   873,   881,   889,
 379:Core/Src/main.c **** 		   897,   905,   913,   921,   929,   937,   945,
 380:Core/Src/main.c **** 		   953,   961,   969,   977,   985,   993,  1001,
 381:Core/Src/main.c **** 		  1009,  1017,  1025,  1033,  1041,  1049,  1057,
 382:Core/Src/main.c **** 		  1065,  1073,  1081,  1089,  1097,  1105,  1113,
 383:Core/Src/main.c **** 		  1121,  1129,  1137,  1145,  1153,  1161,  1169,
 384:Core/Src/main.c **** 		  1177,  1185,  1193,  1201,  1209,  1217,  1225,
 385:Core/Src/main.c **** 		  1233,  1241,  1249,  1257,  1265,  1273,  1281,
 386:Core/Src/main.c **** 		  1289,  1297,  1305,  1313,  1321,  1329,  1337,
 387:Core/Src/main.c **** 		  1345,  1353,  1361,  1369,  1377,  1385,  1393,
 388:Core/Src/main.c **** 		  1401,  1409,  1417,  1425,  1433,  1441,  1449,
 389:Core/Src/main.c **** 		  1457,  1465,  1473,  1481,  1489,  1497,  1505,
 390:Core/Src/main.c **** 		  1513,  1521,  1529,  1538,  1546,  1554,  1562,
 391:Core/Src/main.c **** 		  1570,  1578,  1586,  1594,  1602,  1610,  1618,
 392:Core/Src/main.c **** 		  1626,  1634,  1642,  1650,  1658,  1666,  1674,
 393:Core/Src/main.c **** 		  1682,  1690,  1698,  1706,  1714,  1722,  1730,
 394:Core/Src/main.c **** 		  1738,  1746,  1754,  1762,  1770,  1778,  1786,
 395:Core/Src/main.c **** 		  1794,  1802,  1810,  1818,  1826,  1834,  1842,
 396:Core/Src/main.c **** 		  1850,  1858,  1866,  1874,  1882,  1890,  1898,
 397:Core/Src/main.c **** 		  1906,  1914,  1922,  1930,  1938,  1946,  1954,
 398:Core/Src/main.c **** 		  1962,  1970,  1978,  1986,  1994,  2002,  2010,
 399:Core/Src/main.c **** 		  2018,  2026,  2034,  2042,  2050,  2058,  2066,
 400:Core/Src/main.c **** 		  2074,  2082,  2090,  2098,  2106,  2114,  2122,
 401:Core/Src/main.c **** 		  2130,  2138,  2146,  2154,  2162,  2170,  2178,
 402:Core/Src/main.c **** 		  2186,  2194,  2202,  2210,  2218,  2226,  2234,
 403:Core/Src/main.c **** 		  2242,  2250,  2258,  2266,  2274,  2282,  2290,
 404:Core/Src/main.c **** 		  2298,  2306,  2314,  2322,  2330,  2338,  2346,
 405:Core/Src/main.c **** 		  2354,  2362,  2370,  2378,  2386,  2394,  2402,
 406:Core/Src/main.c **** 		  2410,  2418,  2426,  2434,  2442,  2450,  2458,
 407:Core/Src/main.c **** 		  2466,  2474,  2482,  2490,  2498,  2506,  2514,
 408:Core/Src/main.c **** 		  2522,  2530,  2538,  2546,  2554,  2562,  2571,
 409:Core/Src/main.c **** 		  2579,  2587,  2595,  2603,  2611,  2619,  2627,
 410:Core/Src/main.c **** 		  2635,  2643,  2651,  2659,  2667,  2675,  2683,
 411:Core/Src/main.c **** 		  2691,  2699,  2707,  2715,  2723,  2731,  2739,
 412:Core/Src/main.c **** 		  2747,  2755,  2763,  2771,  2779,  2787,  2795,
 413:Core/Src/main.c **** 		  2803,  2811,  2819,  2827,  2835,  2843,  2851,
 414:Core/Src/main.c **** 		  2859,  2867,  2875,  2883,  2891,  2899,  2907,
 415:Core/Src/main.c **** 		  2915,  2923,  2931,  2939,  2947,  2955,  2963,
 416:Core/Src/main.c **** 		  2971,  2979,  2987,  2995,  3003,  3011,  3019,
 417:Core/Src/main.c **** 		  3027,  3035,  3043,  3051,  3059,  3067,  3075,
 418:Core/Src/main.c **** 		  3083,  3091,  3099,  3107,  3115,  3123,  3131,
 419:Core/Src/main.c **** 		  3139,  3147,  3155,  3163,  3171,  3179,  3187,
 420:Core/Src/main.c **** 		  3195,  3203,  3211,  3219,  3227,  3235,  3243,
 421:Core/Src/main.c **** 		  3251,  3259,  3267,  3275,  3283,  3291,  3299,
 422:Core/Src/main.c **** 		  3307,  3315,  3323,  3331,  3339,  3347,  3355,
 423:Core/Src/main.c **** 		  3363,  3371,  3379,  3387,  3395,  3403,  3411,
 424:Core/Src/main.c **** 		  3419,  3427,  3435,  3443,  3451,  3459,  3467,
 425:Core/Src/main.c **** 		  3475,  3483,  3491,  3499,  3507,  3515,  3523,
 426:Core/Src/main.c **** 		  3531,  3539,  3547,  3555,  3563,  3571,  3579,
 427:Core/Src/main.c **** 		  3587,  3596,  3604,  3612,  3620,  3628,  3636,
 428:Core/Src/main.c **** 		  3644,  3652,  3660,  3668,  3676,  3684,  3692,
 429:Core/Src/main.c **** 		  3700,  3708,  3716,  3724,  3732,  3740,  3748,
 430:Core/Src/main.c **** 		  3756,  3764,  3772,  3780,  3788,  3796,  3804,
ARM GAS  /tmp/ccWclncs.s 			page 9


 431:Core/Src/main.c **** 		  3812,  3820,  3828,  3836,  3844,  3852,  3860,
 432:Core/Src/main.c **** 		  3868,  3876,  3884,  3892,  3900,  3908,  3916,
 433:Core/Src/main.c **** 		  3924,  3932,  3940,  3948,  3956,  3964,  3972,
 434:Core/Src/main.c **** 		  3980,  3988,  3996,  4004,  4012,  4020,  4028,
 435:Core/Src/main.c **** 		  4036,  4044,  4052,  4060,  4068,  4076,  4084,
 436:Core/Src/main.c **** 		  4092,  4100,  4092,  4084,  4076,  4068,  4060,
 437:Core/Src/main.c **** 		  4052,  4044,  4036,  4028,  4020,  4012,  4004,
 438:Core/Src/main.c **** 		  3996,  3988,  3980,  3972,  3964,  3956,  3948,
 439:Core/Src/main.c **** 		  3940,  3932,  3924,  3916,  3908,  3900,  3892,
 440:Core/Src/main.c **** 		  3884,  3876,  3868,  3860,  3852,  3844,  3836,
 441:Core/Src/main.c **** 		  3828,  3820,  3812,  3804,  3796,  3788,  3780,
 442:Core/Src/main.c **** 		  3772,  3764,  3756,  3748,  3740,  3732,  3724,
 443:Core/Src/main.c **** 		  3716,  3708,  3700,  3692,  3684,  3676,  3668,
 444:Core/Src/main.c **** 		  3660,  3652,  3644,  3636,  3628,  3620,  3612,
 445:Core/Src/main.c **** 		  3604,  3596,  3587,  3579,  3571,  3563,  3555,
 446:Core/Src/main.c **** 		  3547,  3539,  3531,  3523,  3515,  3507,  3499,
 447:Core/Src/main.c **** 		  3491,  3483,  3475,  3467,  3459,  3451,  3443,
 448:Core/Src/main.c **** 		  3435,  3427,  3419,  3411,  3403,  3395,  3387,
 449:Core/Src/main.c **** 		  3379,  3371,  3363,  3355,  3347,  3339,  3331,
 450:Core/Src/main.c **** 		  3323,  3315,  3307,  3299,  3291,  3283,  3275,
 451:Core/Src/main.c **** 		  3267,  3259,  3251,  3243,  3235,  3227,  3219,
 452:Core/Src/main.c **** 		  3211,  3203,  3195,  3187,  3179,  3171,  3163,
 453:Core/Src/main.c **** 		  3155,  3147,  3139,  3131,  3123,  3115,  3107,
 454:Core/Src/main.c **** 		  3099,  3091,  3083,  3075,  3067,  3059,  3051,
 455:Core/Src/main.c **** 		  3043,  3035,  3027,  3019,  3011,  3003,  2995,
 456:Core/Src/main.c **** 		  2987,  2979,  2971,  2963,  2955,  2947,  2939,
 457:Core/Src/main.c **** 		  2931,  2923,  2915,  2907,  2899,  2891,  2883,
 458:Core/Src/main.c **** 		  2875,  2867,  2859,  2851,  2843,  2835,  2827,
 459:Core/Src/main.c **** 		  2819,  2811,  2803,  2795,  2787,  2779,  2771,
 460:Core/Src/main.c **** 		  2763,  2755,  2747,  2739,  2731,  2723,  2715,
 461:Core/Src/main.c **** 		  2707,  2699,  2691,  2683,  2675,  2667,  2659,
 462:Core/Src/main.c **** 		  2651,  2643,  2635,  2627,  2619,  2611,  2603,
 463:Core/Src/main.c **** 		  2595,  2587,  2579,  2571,  2562,  2554,  2546,
 464:Core/Src/main.c **** 		  2538,  2530,  2522,  2514,  2506,  2498,  2490,
 465:Core/Src/main.c **** 		  2482,  2474,  2466,  2458,  2450,  2442,  2434,
 466:Core/Src/main.c **** 		  2426,  2418,  2410,  2402,  2394,  2386,  2378,
 467:Core/Src/main.c **** 		  2370,  2362,  2354,  2346,  2338,  2330,  2322,
 468:Core/Src/main.c **** 		  2314,  2306,  2298,  2290,  2282,  2274,  2266,
 469:Core/Src/main.c **** 		  2258,  2250,  2242,  2234,  2226,  2218,  2210,
 470:Core/Src/main.c **** 		  2202,  2194,  2186,  2178,  2170,  2162,  2154,
 471:Core/Src/main.c **** 		  2146,  2138,  2130,  2122,  2114,  2106,  2098,
 472:Core/Src/main.c **** 		  2090,  2082,  2074,  2066,  2058,  2050,  2042,
 473:Core/Src/main.c **** 		  2034,  2026,  2018,  2010,  2002,  1994,  1986,
 474:Core/Src/main.c **** 		  1978,  1970,  1962,  1954,  1946,  1938,  1930,
 475:Core/Src/main.c **** 		  1922,  1914,  1906,  1898,  1890,  1882,  1874,
 476:Core/Src/main.c **** 		  1866,  1858,  1850,  1842,  1834,  1826,  1818,
 477:Core/Src/main.c **** 		  1810,  1802,  1794,  1786,  1778,  1770,  1762,
 478:Core/Src/main.c **** 		  1754,  1746,  1738,  1730,  1722,  1714,  1706,
 479:Core/Src/main.c **** 		  1698,  1690,  1682,  1674,  1666,  1658,  1650,
 480:Core/Src/main.c **** 		  1642,  1634,  1626,  1618,  1610,  1602,  1594,
 481:Core/Src/main.c **** 		  1586,  1578,  1570,  1562,  1554,  1546,  1538,
 482:Core/Src/main.c **** 		  1529,  1521,  1513,  1505,  1497,  1489,  1481,
 483:Core/Src/main.c **** 		  1473,  1465,  1457,  1449,  1441,  1433,  1425,
 484:Core/Src/main.c **** 		  1417,  1409,  1401,  1393,  1385,  1377,  1369,
 485:Core/Src/main.c **** 		  1361,  1353,  1345,  1337,  1329,  1321,  1313,
 486:Core/Src/main.c **** 		  1305,  1297,  1289,  1281,  1273,  1265,  1257,
 487:Core/Src/main.c **** 		  1249,  1241,  1233,  1225,  1217,  1209,  1201,
ARM GAS  /tmp/ccWclncs.s 			page 10


 488:Core/Src/main.c **** 		  1193,  1185,  1177,  1169,  1161,  1153,  1145,
 489:Core/Src/main.c **** 		  1137,  1129,  1121,  1113,  1105,  1097,  1089,
 490:Core/Src/main.c **** 		  1081,  1073,  1065,  1057,  1049,  1041,  1033,
 491:Core/Src/main.c **** 		  1025,  1017,  1009,  1001,   993,   985,   977,
 492:Core/Src/main.c **** 		   969,   961,   953,   945,   937,   929,   921,
 493:Core/Src/main.c **** 		   913,   905,   897,   889,   881,   873,   865,
 494:Core/Src/main.c **** 		   857,   849,   841,   833,   825,   817,   809,
 495:Core/Src/main.c **** 		   801,   793,   785,   777,   769,   761,   753,
 496:Core/Src/main.c **** 		   745,   737,   729,   721,   713,   705,   697,
 497:Core/Src/main.c **** 		   689,   681,   673,   665,   657,   649,   641,
 498:Core/Src/main.c **** 		   633,   625,   617,   609,   601,   593,   585,
 499:Core/Src/main.c **** 		   577,   569,   561,   553,   545,   537,   529,
 500:Core/Src/main.c **** 		   521,   513,   504,   496,   488,   480,   472,
 501:Core/Src/main.c **** 		   464,   456,   448,   440,   432,   424,   416,
 502:Core/Src/main.c **** 		   408,   400,   392,   384,   376,   368,   360,
 503:Core/Src/main.c **** 		   352,   344,   336,   328,   320,   312,   304,
 504:Core/Src/main.c **** 		   296,   288,   280,   272,   264,   256,   248,
 505:Core/Src/main.c **** 		   240,   232,   224,   216,   208,   200,   192,
 506:Core/Src/main.c **** 		   184,   176,   168,   160,   152,   144,   136,
 507:Core/Src/main.c **** 		   128,   120,   112,   104,    96,    88,    80,
 508:Core/Src/main.c **** 		    72,    64,    56,    48,    40,    32,    24,
 509:Core/Src/main.c **** 		    16,     8
 510:Core/Src/main.c **** };
 511:Core/Src/main.c **** 
 512:Core/Src/main.c **** uint32_t Piano_LUT[NS] = {
 513:Core/Src/main.c ****     2047, 2047, 1307, 2109, 1163, 2166, 2915, 1736, 2166, 2459, 1851, 2088, 2075, 1926, 2065, 1825,
 514:Core/Src/main.c ****     1933, 2255, 2076, 2034, 2133, 2038, 2038, 2069, 2039, 2031, 2040, 2020, 2063, 2076, 2017, 2055,
 515:Core/Src/main.c ****     2059, 2033, 2040, 2096, 2034, 2016, 2040, 2042, 2078, 2049, 2042, 2060, 2047, 2040, 2048, 2059,
 516:Core/Src/main.c ****     2033, 2042, 2296, 1440, 2435, 1883, 2323, 1777, 2126, 1821, 2173, 2085, 2034, 2007, 1975, 2105,
 517:Core/Src/main.c ****     2088, 2018, 2258, 2312, 1982, 2050, 1892, 1685, 1817, 2224, 2240, 2121, 2115, 2074, 2031, 2030,
 518:Core/Src/main.c ****     2053, 2002, 2136, 1955, 1928, 2282, 1886, 2260, 1860, 2225, 2056, 1545, 2173, 2318, 2511, 1938,
 519:Core/Src/main.c ****     2304, 1568, 2305, 2560, 2113, 1952, 1738, 2081, 2119, 2272, 2024, 1958, 2139, 2143, 2053, 2022,
 520:Core/Src/main.c ****     2057, 2011, 1538, 2280, 1732, 1829, 2574, 1798, 2156, 1797, 2189, 1872, 2092, 2166, 2151, 2047,
 521:Core/Src/main.c ****     1859, 1901, 2294, 2047, 2122, 1991, 1930, 2082, 2036, 2094, 2019, 2061, 2073, 2061, 2077, 1965,
 522:Core/Src/main.c ****     2072, 2082, 1943, 2136, 2018, 2096, 2048, 2070, 2026, 2026, 2080, 2037, 2055, 2018, 2062, 2067,
 523:Core/Src/main.c ****     2037, 1985, 2105, 1911, 2091, 2078, 2041, 2051, 2026, 2023, 2064, 2058, 2046, 2040, 2027, 2046,
 524:Core/Src/main.c ****     2061, 2461, 1620, 2429, 1700, 2322, 1847, 2178, 1975, 2054, 2048, 2055, 2028, 2040, 2057, 2049,
 525:Core/Src/main.c ****     2046, 1720, 3330, 1654, 2415, 1314, 2032, 2402, 2119, 2004, 1958, 1970, 2004, 2129, 2073, 2084,
 526:Core/Src/main.c ****     2085, 2816, 1768, 2214, 2098, 2035, 2316, 1533, 2045, 2425, 1810, 2202, 1847, 2019, 2328, 1905,
 527:Core/Src/main.c ****     2046, 2132, 1778, 2481, 2521, 2024, 1269, 1533, 2545, 2335, 2066, 1934, 2104, 2121, 1834, 2015,
 528:Core/Src/main.c ****     2121, 2520, 2300, 2413, 1683, 2157, 2048, 2019, 1715, 2277, 2066, 2185, 1948, 2072, 2072, 1880,
 529:Core/Src/main.c ****     2103, 2926, 1832, 1896, 2434, 1677, 2149, 2122, 1579, 1741, 2290, 2229, 2082, 2124, 2054, 2045,
 530:Core/Src/main.c ****     1998, 2032, 1966, 2021, 1997, 2045, 2094, 2071, 2063, 2046, 2014, 2062, 2042, 2091, 2038, 2021,
 531:Core/Src/main.c ****     2036, 2174, 2027, 2033, 2066, 2034, 2089, 2042, 2014, 2068, 2035, 1992, 2085, 2065, 2049, 2043,
 532:Core/Src/main.c ****     2051, 1688, 2616, 2541, 1582, 2388, 1950, 2109, 1939, 1954, 2108, 1861, 1776, 2159, 2180, 2148,
 533:Core/Src/main.c ****     2020, 989, 1701, 3017, 1978, 1823, 2416, 1991, 1990, 2196, 1850, 2059, 1994, 1731, 2190, 2216,
 534:Core/Src/main.c ****     1923, 2334, 1801, 2258, 1819, 2354, 1740, 2274, 1818, 2047, 2192, 1979, 2303, 1640, 2192, 2081,
 535:Core/Src/main.c ****     1849, 1833, 2149, 2265, 2063, 2097, 1894, 1860, 2059, 2277, 1938, 2059, 2022, 1966, 2105, 2020,
 536:Core/Src/main.c ****     2135, 1593, 1978, 1426, 2798, 1748, 2126, 2018, 2085, 2060, 2036, 2109, 1959, 2257, 1802, 2072,
 537:Core/Src/main.c ****     2114, 2055, 1982, 2042, 2000, 2185, 2020, 2034, 2056, 2022, 2062, 2023, 2062, 2064, 2033, 2007,
 538:Core/Src/main.c ****     2110, 2064, 2118, 1970, 2077, 2017, 2053, 2064, 2051, 2040, 2062, 2027, 2049, 2064, 2050, 2037,
 539:Core/Src/main.c ****     2042, 2018, 2010, 2145, 1998, 2089, 1985, 2056, 2052, 2053, 2035, 2062, 2053, 2042, 2039, 2049,
 540:Core/Src/main.c ****     2053, 949, 2600, 1671, 2506, 1695, 2403, 1914, 2020, 1911, 2375, 1913, 2143, 1804, 2053, 2243,
 541:Core/Src/main.c ****     2029, 1643, 2142, 1909, 2062, 2462, 1910, 1838, 1971, 2037, 2232, 2025, 1983, 2066, 2011, 2061,
 542:Core/Src/main.c ****     2055, 1726, 2396, 1674, 2305, 1809, 2262, 1986, 2078, 1974, 2028, 2073, 2093, 2021, 2047, 2023,
 543:Core/Src/main.c ****     730, 2028, 2269, 2332, 2402, 1692, 2148, 1919, 1784, 2168, 1892, 2352, 1978, 1842, 2142, 1968,
 544:Core/Src/main.c ****     2019, 2084, 2013, 2022, 2039, 1907, 2297, 1881, 2166, 2001, 2022, 2062, 2077, 2051, 2041, 2066,
ARM GAS  /tmp/ccWclncs.s 			page 11


 545:Core/Src/main.c ****     1053, 1611, 1509, 1635, 3041, 2299, 1766, 2341, 2048, 1974, 2099, 1980, 2064, 1948, 1710, 2181,
 546:Core/Src/main.c ****     2218, 1986, 2195, 2075, 1950, 2051, 2044, 2057, 2098, 1936, 2033, 2073, 2062, 2058, 2029, 2045,
 547:Core/Src/main.c ****     2020, 2052, 2016, 2015, 2047, 2025, 2073, 2071, 2054, 2043, 2077, 2051, 2008, 2058, 2044, 2044,
 548:Core/Src/main.c ****     1494, 2370, 1280, 2547, 2093, 1863, 2270, 1664, 2216, 2176, 1966, 2069, 1909, 2059, 2166, 2019,
 549:Core/Src/main.c ****     2077, 2326, 1734, 1783, 2305, 1859, 1598, 2000, 2313, 2214, 2067, 2107, 2086, 2037, 2033, 2066,
 550:Core/Src/main.c ****     1636, 2357, 1656, 2241, 2003, 2133, 2025, 2032, 2043, 1448, 1716, 1905, 1914, 2238, 2621, 1877,
 551:Core/Src/main.c ****     1967, 1453, 1706, 2144, 2335, 2541, 1827, 1836, 1904, 1992, 2305, 2025, 2107, 1924, 2016, 2092,
 552:Core/Src/main.c ****     670, 2701, 2342, 2363, 1440, 2254, 1796, 2346, 1991, 2057, 2045, 2141, 1857, 2089, 2093, 2007,
 553:Core/Src/main.c ****     2160, 1878, 1977, 2106, 2084, 2057, 2061, 1962, 2052, 2055, 2067, 2062, 2144, 1986, 2037, 1987,
 554:Core/Src/main.c ****     1938, 2088, 2067, 2115, 2009, 2063, 1996, 2070, 2080, 2031, 2040, 2057, 2021, 2073, 2025, 2052,
 555:Core/Src/main.c ****     2084, 2054, 2073, 2032, 2041, 2018, 2116, 2034, 2049, 2026, 2039, 2073, 2047, 2028, 2057, 2061,
 556:Core/Src/main.c ****     1992, 2201, 1864, 2259, 1846, 2223, 1878, 2201, 2041, 2061, 2053, 2023, 2055, 2045, 2047, 2054,
 557:Core/Src/main.c ****     2408, 950, 2070, 2646, 2080, 1991, 1940, 1771, 2479, 1909, 2034, 1997, 2213, 1898, 2088, 2007,
 558:Core/Src/main.c ****     2502, 1733, 2377, 1536, 2209, 2306, 1857, 2485, 1523, 2068, 2207, 2172, 2019, 1926, 1980, 2155,
 559:Core/Src/main.c ****     2570, 1222, 1504, 2193, 2423, 2525, 1824, 1807, 2093, 1938, 2148, 2017, 2130, 2172, 1982, 1999,
 560:Core/Src/main.c ****     2031, 2051, 1496, 1997, 2433, 1979, 2031, 2154, 2187, 1930, 1739, 2222, 2108, 2103, 2018, 2060,
 561:Core/Src/main.c ****     2232, 1302, 2661, 2164, 1630, 2518, 1806, 1514, 2158, 2285, 2037, 2024, 2056, 2030, 2071, 2052,
 562:Core/Src/main.c ****     2125, 2030, 1957, 1989, 2021, 2046, 2076, 2034, 2094, 2054, 2062, 2038, 1998, 2043, 2073, 2069,
 563:Core/Src/main.c ****     2042, 2060, 2075, 2038, 2016, 2073, 2023, 2074, 2031, 1998, 2053, 2074, 2047, 2044, 2061, 821,
 564:Core/Src/main.c ****     3043, 2328, 2444, 2029, 2220, 2076, 2002, 2012, 2129, 1724, 1934, 1958, 2224, 2138, 2032, 1507,
 565:Core/Src/main.c ****     826, 2702, 2646, 1856, 2389, 2211, 1894, 2203, 2036, 1896, 2059, 1749, 1897, 2317, 2082, 2302,
 566:Core/Src/main.c ****     1816, 2051, 2060, 2066, 2134, 1922, 2209, 1841, 2090, 2547, 2989, 1328, 1916, 1857, 2091, 2638,
 567:Core/Src/main.c ****     2122, 2079, 1294, 1931, 2353, 2278, 2203, 2046, 2056, 1910, 2106, 2084, 2019, 2008, 1994, 1189,
 568:Core/Src/main.c ****     3322, 1557, 2501, 1355, 2424, 1914, 2300, 1905, 2098, 2094, 1930, 1995, 2224, 2004, 2155, 1945,
 569:Core/Src/main.c ****     1990, 2192, 1957, 2116, 1995, 2043, 2097, 2062, 2032, 1915, 2043, 2054, 2068, 2091, 2009, 2129,
 570:Core/Src/main.c ****     1969, 2031, 2110, 2025, 2061, 1996, 2072, 2010, 2062, 2062, 2051, 2063, 2038, 2027, 2063, 2068,
 571:Core/Src/main.c ****     2089, 2044, 1984, 2045, 2076, 2048, 2025, 2059, 2015, 2045, 2035, 2064, 2041, 2050, 2031, 3134,
 572:Core/Src/main.c ****     1641, 2254, 1875, 1921, 2084, 1985, 2407, 1858, 2287, 1604, 2172, 2253, 2054, 2037, 1931, 3005,
 573:Core/Src/main.c ****     2029, 2178, 1850, 1421, 2491, 2187, 2309, 1941, 1598, 2339, 2050, 2156, 1996, 1882, 2195, 1701,
 574:Core/Src/main.c ****     2269, 1946, 1934, 2250, 1893, 2227, 1870, 2028, 2133, 2008, 2045, 2044, 2036, 2078, 2062, 2698,
 575:Core/Src/main.c ****     2392, 2026, 1793, 1578, 2098, 2307, 2437, 2154, 1871, 1823, 2092, 2231, 2116, 2008, 1885, 2340,
 576:Core/Src/main.c ****     1827, 2410, 1774, 2217, 1817, 2306, 1921, 2255, 1932, 1720, 1879, 2185, 2288, 2190, 1938, 2047
 577:Core/Src/main.c **** };
 578:Core/Src/main.c **** 
 579:Core/Src/main.c **** uint32_t Guitar_LUT[NS] = {
 580:Core/Src/main.c ****     2047, 2047, 2047, 2088, 2345, 2068, 1888, 2110, 2207, 1991, 1653, 1731, 2118, 2359, 2464, 2402,
 581:Core/Src/main.c ****     2154, 1924, 1964, 2083, 2137, 1970, 1780, 1698, 1822, 2116, 2281, 2292, 2170, 1970, 2040, 2168,
 582:Core/Src/main.c ****     2229, 2115, 1895, 1735, 1716, 1958, 2214, 2539, 2053, 2203, 2116, 2122, 2379, 2020, 2267, 1733,
 583:Core/Src/main.c ****     1772, 1970, 1893, 2414, 1946, 1757, 2198, 2314, 2903, 2434, 3167, 1894, 1381, 2142, 1069, 2368,
 584:Core/Src/main.c ****     1119, 2161, 2103, 2182, 2237, 2129, 2017, 2145, 2006, 2081, 2036, 2019, 2046, 1978, 2114, 1997,
 585:Core/Src/main.c ****     2075, 2052, 2018, 2073, 2036, 2106, 2043, 2041, 2050, 2025, 2028, 2028, 2036, 2050, 2042, 2076,
 586:Core/Src/main.c ****     2066, 2045, 2056, 2011, 2224, 2369, 1709, 2088, 1881, 2046, 2152, 1863, 2218, 1777, 2180, 2024,
 587:Core/Src/main.c ****     1922, 2243, 1766, 2145, 2024, 2026, 2073, 2018, 2054, 2043, 2036, 2066, 2027, 2065, 2035, 2056,
 588:Core/Src/main.c ****     2049, 2029, 2064, 1259, 1929, 2676, 2579, 2139, 1984, 1917, 1590, 1947, 2460, 2404, 2028, 1889,
 589:Core/Src/main.c ****     1771, 1847, 2184, 2463, 2156, 1909, 1839, 1684, 1932, 2262, 2410, 2059, 1906, 1805, 1853, 2141,
 590:Core/Src/main.c ****     2426, 2291, 2038, 1898, 1760, 1890, 1987, 2409, 2342, 1875, 1802, 1954, 2315, 2166, 2266, 2266,
 591:Core/Src/main.c ****     1886, 1780, 2181, 2398, 1710, 2254, 1878, 972, 1388, 2469, 2900, 2186, 1821, 1926, 1935, 2196,
 592:Core/Src/main.c ****     2348, 1847, 2111, 2222, 1996, 2043, 1984, 2084, 2046, 2044, 2026, 2019, 2061, 2029, 2090, 2046,
 593:Core/Src/main.c ****     2034, 2023, 2048, 2063, 2066, 2061, 2022, 2017, 2047, 2046, 2068, 2041, 2053, 2049, 2025, 2037,
 594:Core/Src/main.c ****     2050, 2059, 2071, 2030, 1876, 1978, 1893, 2041, 2089, 2098, 1992, 2127, 2249, 2013, 2071, 2116,
 595:Core/Src/main.c ****     2015, 1967, 2006, 2130, 1982, 1992, 2074, 2013, 2028, 2046, 2060, 2051, 2040, 2041, 2052, 2045,
 596:Core/Src/main.c ****     2043, 2053, 2039, 2267, 2182, 1884, 2199, 1778, 2235, 1886, 2032, 2084, 1785, 2300, 1812, 2124,
 597:Core/Src/main.c ****     2081, 1807, 2298, 1803, 2225, 2009, 1972, 2190, 1807, 2253, 1876, 2109, 2117, 1881, 2254, 1858,
 598:Core/Src/main.c ****     2166, 2034, 1939, 2298, 1844, 2266, 1749, 1984, 2117, 1875, 2184, 1802, 2055, 2063, 1893, 2109,
 599:Core/Src/main.c ****     1958, 2190, 1794, 2186, 1588, 2582, 2115, 1342, 2225, 2206, 2387, 2328, 1699, 2202, 2442, 1537,
 600:Core/Src/main.c ****     2024, 2377, 2188, 2104, 2060, 2104, 2056, 1995, 2019, 2077, 2097, 2018, 2039, 2022, 2049, 2058,
 601:Core/Src/main.c ****     2018, 2047, 2037, 2049, 2049, 2017, 2072, 2043, 2072, 2046, 2027, 2057, 2049, 2066, 2025, 2037,
ARM GAS  /tmp/ccWclncs.s 			page 12


 602:Core/Src/main.c ****     2069, 2038, 2061, 2033, 2065, 2101, 2110, 2179, 2178, 1954, 1893, 1938, 2101, 2196, 2194, 2034,
 603:Core/Src/main.c ****     1848, 1935, 2075, 2138, 2154, 2139, 1962, 1857, 2018, 2086, 2067, 2042, 2034, 2048, 2059, 2061,
 604:Core/Src/main.c ****     2048, 2041, 2014, 2583, 1897, 2151, 2164, 1883, 2357, 1849, 2181, 2055, 1932, 2287, 1878, 2263,
 605:Core/Src/main.c ****     1927, 2048, 2168, 1831, 2318, 1840, 2161, 2104, 1920, 2230, 1862, 2191, 1986, 2013, 2152, 1870,
 606:Core/Src/main.c ****     2247, 1900, 1915, 1816, 1931, 2018, 1843, 2266, 2102, 2079, 2229, 1716, 2071, 1900, 2054, 2254,
 607:Core/Src/main.c ****     2065, 2215, 2034, 2364, 2074, 1636, 2150, 1821, 2316, 1530, 2268, 2271, 1652, 1791, 1938, 2139,
 608:Core/Src/main.c ****     2215, 1982, 2380, 1891, 1719, 1625, 1917, 2326, 2239, 1995, 1827, 1645, 1798, 2140, 2580, 2304,
 609:Core/Src/main.c ****     2057, 1925, 1895, 2010, 2354, 2458, 2145, 1805, 1665, 1688, 1996, 2343, 2265, 2030, 1878, 1824,
 610:Core/Src/main.c ****     1933, 2225, 2422, 2080, 2048, 2140, 1929, 1700, 2439, 2496, 1674, 1774, 2061, 1876, 1895, 2595,
 611:Core/Src/main.c ****     2365, 1672, 1774, 1757, 1530, 1840, 2672, 2394, 1799, 1929, 1981, 1912, 2154, 2344, 2220, 1726,
 612:Core/Src/main.c ****     1802, 2097, 2247, 1996, 1813, 2081, 1986, 1759, 1580, 2039, 2429, 2519, 2417, 2157, 1917, 1987,
 613:Core/Src/main.c ****     2045, 2152, 1995, 1765, 1677, 1775, 2116, 2332, 2312, 2177, 1964, 2032, 2141, 2242, 2139, 1898,
 614:Core/Src/main.c ****     1731, 1696, 1948, 2129, 2171, 1992, 2183, 2121, 2045, 2333, 2018, 2079, 1714, 1717, 1913, 1914,
 615:Core/Src/main.c ****     2372, 2027, 2220, 1858, 2728, 2636, 2326, 2006, 2132, 1649, 1947, 1987, 2355, 1464, 2244, 2065,
 616:Core/Src/main.c ****     1716, 2117, 2138, 2040, 2126, 2048, 2056, 1993, 2040, 2039, 2032, 2075, 2016, 2049, 2019, 2049,
 617:Core/Src/main.c ****     2070, 2034, 2077, 2055, 2032, 2037, 2020, 2054, 2037, 2062, 2048, 2040, 2045, 2047, 2049, 2059,
 618:Core/Src/main.c ****     2034, 2071, 1924, 2358, 1737, 2216, 2126, 2097, 2320, 1895, 2263, 1895, 2112, 2121, 1875, 2339,
 619:Core/Src/main.c ****     1827, 2134, 2065, 2024, 2067, 2026, 2055, 2039, 2038, 2069, 2030, 2068, 2041, 2042, 2054, 2027,
 620:Core/Src/main.c ****     2066, 1434, 1840, 2414, 2737, 2467, 2183, 2059, 1788, 1805, 2261, 2393, 2130, 1846, 1756, 1718,
 621:Core/Src/main.c ****     1947, 2350, 2359, 2075, 1963, 1835, 1902, 2143, 2347, 2228, 1935, 1838, 1777, 1953, 2248, 2313,
 622:Core/Src/main.c ****     2126, 1912, 2003, 2060, 2106, 2377, 2203, 2357, 1992, 1786, 2002, 2134, 2195, 2067, 2133, 1973,
 623:Core/Src/main.c ****     1748, 2061, 2739, 2047, 2770, 1991, 1573, 1988, 2364, 2228, 1643, 2354, 2074, 2162, 1978, 2122,
 624:Core/Src/main.c ****     2401, 1998, 2015, 1985, 2001, 2027, 2056, 2062, 2063, 1991, 2058, 2078, 2084, 2087, 2013, 2025,
 625:Core/Src/main.c ****     2007, 2065, 2064, 2039, 2047, 2051, 2043, 2050, 2039, 2036, 2059, 2048, 2055, 2037, 2042, 2051,
 626:Core/Src/main.c ****     2081, 2022, 1961, 2092, 1723, 1812, 2338, 1893, 2236, 2135, 2232, 1994, 1939, 2290, 1920, 2093,
 627:Core/Src/main.c ****     2007, 2041, 1960, 1918, 2220, 1980, 2061, 2054, 2055, 2052, 2032, 2044, 2043, 2040, 2048, 2056,
 628:Core/Src/main.c ****     2049, 2249, 2298, 1813, 2165, 1700, 2254, 2004, 1816, 2300, 1680, 2290, 1983, 1984, 2153, 1773,
 629:Core/Src/main.c ****     2226, 1844, 2132, 2133, 1825, 2290, 1815, 2187, 2045, 1943, 2184, 1833, 2241, 1903, 2101, 2131,
 630:Core/Src/main.c ****     1825, 2271, 1993, 2062, 1795, 1963, 2131, 1805, 2179, 1819, 2149, 2000, 1785, 2328, 1901, 2057,
 631:Core/Src/main.c ****     1914, 2146, 1952, 1581, 2759, 2461, 1102, 2132, 1863, 2240, 1652, 1966, 1969, 2368, 1802, 1611,
 632:Core/Src/main.c ****     2154, 2127, 1992, 2069, 2010, 2056, 2029, 2018, 2066, 2040, 2050, 2023, 2038, 2063, 2042, 2052,
 633:Core/Src/main.c ****     2039, 2043, 2067, 2053, 2071, 2026, 2051, 2058, 2035, 2051, 2028, 2065, 2053, 2020, 2061, 2053,
 634:Core/Src/main.c ****     2044, 2024, 2045, 2094, 2122, 2115, 2177, 2084, 1926, 1948, 2046, 2118, 2210, 2163, 1935, 1837,
 635:Core/Src/main.c ****     2005, 2134, 2135, 2162, 2083, 1895, 1956, 2066, 2064, 2051, 2032, 2040, 2048, 2065, 2057, 2043,
 636:Core/Src/main.c ****     2015, 2670, 2195, 1891, 2361, 1913, 2370, 1962, 2182, 1929, 1912, 2308, 1826, 2311, 2016, 1954,
 637:Core/Src/main.c ****     2256, 1797, 2282, 1897, 2072, 2146, 1822, 2320, 1804, 2223, 2059, 1952, 2204, 1846, 2222, 1948,
 638:Core/Src/main.c ****     1628, 2030, 1777, 2209, 1976, 2159, 2177, 2055, 1957, 1747, 2200, 1936, 2256, 2256, 1970, 2356,
 639:Core/Src/main.c ****     1810, 2003, 2247, 1245, 2553, 1932, 1918, 1623, 2437, 1665, 1623, 2202, 2034, 2130, 2083, 2105,
 640:Core/Src/main.c ****     2442, 1681, 1539, 1661, 1616, 2131, 2530, 2410, 2090, 1942, 1849, 1894, 2301, 2370, 2080, 1834,
 641:Core/Src/main.c ****     1729, 1748, 2063, 2443, 2396, 2026, 1955, 1819, 1925, 2212, 2429, 2209, 1879, 1763, 1723, 1929,
 642:Core/Src/main.c ****     2296, 2030, 2189, 2148, 1665, 1839, 2534, 2452, 1936, 2199, 2120, 1490, 1920, 2437, 2184, 1850,
 643:Core/Src/main.c ****     2219, 2022, 1236, 2369, 2775, 2291, 2130, 2180, 1837, 1725, 2218, 2189, 2169, 2046, 1977, 2045
 644:Core/Src/main.c **** };
 645:Core/Src/main.c **** 
 646:Core/Src/main.c **** uint32_t Drum_LUT[NS] = {
 647:Core/Src/main.c ****     2047, 2049, 2048, 969, 593, 466, 4087, 0, 3403, 1007, 2315, 2130, 2328, 2121, 1949, 1911,
 648:Core/Src/main.c ****     1891, 2254, 1502, 2427, 1674, 2061, 2279, 1809, 2226, 1926, 2011, 2134, 1990, 2078, 2014, 2093,
 649:Core/Src/main.c ****     2031, 2048, 2027, 4094, 4088, 1730, 3954, 48, 3244, 1610, 2121, 1862, 2690, 1773, 2289, 1836,
 650:Core/Src/main.c ****     1898, 2463, 1485, 2403, 1809, 1957, 2247, 1890, 2127, 2031, 1951, 2107, 2032, 2060, 2037, 2050,
 651:Core/Src/main.c ****     2056, 2033, 2044, 54, 4050, 2826, 1972, 1825, 2591, 2344, 1838, 1591, 1930, 2204, 2081, 2012,
 652:Core/Src/main.c ****     2048, 2114, 2008, 2054, 2026, 2068, 2075, 2035, 2040, 2047, 2037, 2039, 2049, 2040, 2057, 2047,
 653:Core/Src/main.c ****     2029, 2054, 2385, 3578, 1723, 4080, 0, 2998, 1158, 2398, 2123, 2991, 1882, 2168, 1665, 1832,
 654:Core/Src/main.c ****     2384, 1629, 2024, 2100, 1735, 2170, 2098, 1949, 2191, 1963, 2088, 2060, 1981, 2100, 1964, 2091,
 655:Core/Src/main.c ****     2006, 2075, 2266, 2046, 2116, 2090, 1756, 2071, 1983, 2043, 2092, 2075, 2020, 2063, 2018, 2049,
 656:Core/Src/main.c ****     2038, 2032, 2059, 2037, 2024, 2048, 2086, 2045, 2054, 2061, 2032, 2061, 2060, 2040, 2050, 2051,
 657:Core/Src/main.c ****     2045, 2052, 1907, 2734, 2006, 2106, 2288, 2063, 2027, 2005, 2002, 1983, 2007, 2055, 2060, 2042,
 658:Core/Src/main.c ****     2049, 2062, 2087, 2028, 2083, 2026, 2041, 2026, 2012, 2042, 2034, 2031, 2054, 2049, 2044, 2047,
ARM GAS  /tmp/ccWclncs.s 			page 13


 659:Core/Src/main.c ****     2045, 2046, 484, 136, 3561, 3473, 1877, 1816, 2370, 2459, 1953, 1789, 1893, 2130, 2151, 2015,
 660:Core/Src/main.c ****     1992, 2055, 2048, 2011, 2019, 2077, 2050, 2046, 2057, 2027, 2042, 2050, 2060, 2041, 2035, 2043,
 661:Core/Src/main.c ****     2058, 2028, 1666, 1930, 2115, 1984, 1919, 2022, 1917, 1955, 2032, 2019, 2066, 2039, 2045, 2054,
 662:Core/Src/main.c ****     2037, 2053, 223, 1583, 3680, 122, 3013, 1018, 1869, 2590, 1138, 3272, 1372, 1989, 2095, 2239,
 663:Core/Src/main.c ****     1759, 2456, 3618, 4081, 1736, 3593, 654, 3202, 1817, 2157, 1669, 2778, 1663, 2450, 1862, 1907,
 664:Core/Src/main.c ****     2484, 1568, 2358, 1936, 1923, 2230, 1936, 2101, 2073, 1945, 2097, 2055, 2049, 2047, 2028, 2069,
 665:Core/Src/main.c ****     2028, 1791, 2339, 2057, 2171, 2135, 1990, 2057, 2105, 2092, 2052, 2036, 2056, 2013, 2055, 2052,
 666:Core/Src/main.c ****     2042, 2042, 2070, 2046, 2033, 2042, 2097, 2063, 2090, 2025, 2062, 2044, 2045, 2049, 2047, 2054,
 667:Core/Src/main.c ****     2059, 1364, 1343, 1097, 3061, 2274, 1891, 1791, 1842, 2274, 2216, 2063, 1818, 2002, 2107, 2042,
 668:Core/Src/main.c ****     2015, 2007, 2088, 2001, 2025, 2050, 2041, 2028, 2058, 2048, 2038, 2059, 2049, 2048, 2050, 2056,
 669:Core/Src/main.c ****     2063, 635, 3709, 1248, 2767, 1934, 3404, 1894, 2493, 1326, 2737, 1421, 2692, 1846, 1821, 2093,
 670:Core/Src/main.c ****     2121, 1869, 2131, 2023, 1889, 2242, 1921, 2138, 2029, 1995, 2172, 2076, 2055, 1996, 2130, 2049,
 671:Core/Src/main.c ****     2033, 1623, 1810, 2063, 2318, 2246, 1910, 2050, 1943, 2031, 2025, 2029, 2075, 2052, 2042, 2046,
 672:Core/Src/main.c ****     2167, 1957, 2036, 2085, 2067, 2056, 2043, 2038, 2042, 2044, 2048, 2049, 2047, 2044, 2044, 2049,
 673:Core/Src/main.c ****     2042, 1549, 99, 394, 4091, 0, 3405, 917, 2295, 2148, 2283, 2180, 1926, 1921, 1897, 2220,
 674:Core/Src/main.c ****     1565, 2450, 1678, 2074, 2286, 1812, 2236, 1916, 2015, 2134, 1986, 2078, 2011, 2099, 2029, 2046,
 675:Core/Src/main.c ****     2059, 4094, 3609, 1550, 1867, 2380, 2311, 1182, 1584, 2367, 2355, 2092, 1930, 1971, 2117, 2094,
 676:Core/Src/main.c ****     2018, 2041, 2064, 2022, 2016, 2028, 2050, 2082, 2059, 2030, 2043, 2049, 2057, 2026, 2055, 2045,
 677:Core/Src/main.c ****     2073, 1877, 1589, 2074, 2009, 1899, 1980, 2043, 2106, 2054, 2055, 2046, 2046, 2038, 2042, 2043,
 678:Core/Src/main.c ****     2775, 3956, 401, 4094, 0, 3975, 1255, 2025, 2394, 1462, 2623, 2031, 1971, 1892, 2453, 1657,
 679:Core/Src/main.c ****     2390, 9, 572, 1904, 2310, 2565, 3361, 2341, 2408, 1024, 2501, 1348, 2666, 1952, 1890, 2388,
 680:Core/Src/main.c ****     1862, 2246, 2181, 1868, 2076, 2107, 1980, 2168, 1986, 2027, 2117, 2013, 2092, 1975, 2092, 2039,
 681:Core/Src/main.c ****     2249, 3641, 1303, 2021, 2323, 2636, 2150, 2118, 2266, 1382, 2378, 1340, 2442, 2090, 1980, 2240,
 682:Core/Src/main.c ****     2129, 1948, 2243, 1938, 1929, 2206, 1916, 2174, 2054, 1979, 2111, 1990, 2113, 1972, 2087, 2063,
 683:Core/Src/main.c ****     2712, 4025, 2705, 1490, 1503, 2546, 1834, 1929, 1675, 1925, 2148, 2126, 2009, 1997, 2072, 2058,
 684:Core/Src/main.c ****     2063, 2050, 2032, 2095, 2077, 2029, 2035, 2057, 2044, 2035, 2042, 2045, 2053, 2036, 2049, 2036,
 685:Core/Src/main.c ****     1391, 521, 1899, 2320, 2870, 2764, 2555, 2286, 1432, 2123, 1376, 2627, 2109, 2396, 1917, 2463,
 686:Core/Src/main.c ****     1928, 2056, 2224, 1745, 2297, 1979, 1944, 2128, 1901, 2109, 2046, 2098, 2027, 2063, 2035, 2113,
 687:Core/Src/main.c ****     2930, 1568, 1445, 1697, 2014, 2049, 2045, 2034, 2054, 2077, 2018, 2029, 2060, 2037, 2037, 2048,
 688:Core/Src/main.c ****     1957, 2032, 2019, 2036, 2055, 2036, 2050, 2050, 2045, 2049, 2039, 2041, 2046, 2045, 2054, 2043,
 689:Core/Src/main.c ****     2632, 1999, 1971, 1886, 2162, 2057, 2150, 2045, 2005, 2014, 2044, 2003, 2043, 2053, 2032, 2057,
 690:Core/Src/main.c ****     2073, 2035, 2041, 2045, 2040, 2014, 2027, 2025, 2063, 2055, 2047, 2048, 2046, 2046, 2045, 1763,
 691:Core/Src/main.c ****     7, 2707, 2109, 1628, 2440, 2320, 2634, 2137, 1761, 1827, 2092, 2133, 2063, 1996, 2056, 2059,
 692:Core/Src/main.c ****     2041, 2020, 2028, 2045, 2063, 2048, 2038, 2044, 2055, 2067, 2021, 2079, 2033, 2085, 2045, 2508,
 693:Core/Src/main.c ****     1695, 1696, 2244, 2172, 1999, 2204, 2066, 2027, 2013, 2035, 2052, 2045, 2053, 2039, 2050, 1030,
 694:Core/Src/main.c ****     2694, 1645, 2891, 635, 3822, 1883, 2372, 1736, 2189, 1881, 2430, 2022, 1802, 2313, 1895, 2236,
 695:Core/Src/main.c ****     3670, 2488, 2305, 2181, 2527, 1417, 1879, 2207, 1621, 2459, 1439, 2323, 2124, 2010, 2104, 2205,
 696:Core/Src/main.c ****     1847, 2239, 1993, 1888, 2235, 1887, 2163, 2083, 1963, 2099, 1987, 2123, 1975, 2075, 2065, 1533,
 697:Core/Src/main.c ****     2137, 1941, 2163, 2131, 2009, 2076, 1989, 2020, 2057, 2000, 2062, 2060, 2010, 2063, 2038, 2063,
 698:Core/Src/main.c ****     2053, 2017, 2100, 1989, 2011, 2066, 2025, 2047, 2042, 2054, 2045, 2048, 2045, 2048, 2051, 2577,
 699:Core/Src/main.c ****     4, 1854, 2303, 2090, 1603, 2131, 2560, 2369, 1971, 2026, 2059, 2099, 2037, 2008, 2017, 2073,
 700:Core/Src/main.c ****     2063, 2021, 2056, 2068, 2056, 2041, 2062, 2044, 2056, 2050, 2049, 2054, 2045, 2035, 1888, 3931,
 701:Core/Src/main.c ****     1914, 3222, 409, 2809, 321, 1879, 2044, 2014, 2374, 1834, 2318, 1932, 2468, 1585, 2429, 2010,
 702:Core/Src/main.c ****     1852, 2475, 1787, 2020, 2070, 1863, 2171, 1950, 2023, 2035, 2118, 2034, 1992, 2090, 2167, 1586,
 703:Core/Src/main.c ****     1952, 1931, 2242, 2156, 2077, 1987, 2055, 2012, 2021, 2040, 2036, 2075, 2039, 2029, 2091, 2017,
 704:Core/Src/main.c ****     2068, 2061, 2060, 2043, 2043, 2067, 2025, 2046, 2054, 2046, 2052, 2051, 2041, 2053, 2043, 8,
 705:Core/Src/main.c ****     672, 2074, 2431, 2385, 3349, 2312, 2393, 1034, 2532, 1377, 2684, 1940, 1892, 2451, 1848, 2285,
 706:Core/Src/main.c ****     2163, 1863, 2087, 2087, 1992, 2159, 1982, 2035, 2115, 2009, 2084, 1980, 2092, 2035, 4086, 4000,
 707:Core/Src/main.c ****     1026, 1894, 1816, 2419, 1651, 1700, 2108, 2365, 2193, 1889, 1949, 2104, 2101, 2006, 2054, 2083,
 708:Core/Src/main.c ****     2015, 1973, 2045, 2040, 2058, 2051, 2043, 2044, 2065, 2028, 2055, 2034, 2069, 2036, 2292, 2240,
 709:Core/Src/main.c ****     2149, 1832, 2081, 2083, 1969, 2051, 2010, 2085, 2048, 2070, 2049, 2050, 2041, 1973, 3038, 643,
 710:Core/Src/main.c ****     1933, 2946, 1283, 3016, 1617, 2759, 1266, 2676, 1214, 2415, 2120, 1871, 2052, 2140, 2047, 2047
 711:Core/Src/main.c **** };
 712:Core/Src/main.c **** 
 713:Core/Src/main.c **** 
 714:Core/Src/main.c **** 
 715:Core/Src/main.c **** // Track current waveform
ARM GAS  /tmp/ccWclncs.s 			page 14


 716:Core/Src/main.c **** uint32_t currentLUT = SINE;
 717:Core/Src/main.c **** 
 718:Core/Src/main.c **** uint32_t buttonLastPressed = 0;
 719:Core/Src/main.c **** 
 720:Core/Src/main.c **** 
 721:Core/Src/main.c **** // TODO: Equation to calculate TIM2_Ticks
 722:Core/Src/main.c **** uint32_t TIM2_Ticks = TIM2CLK/(NS*F_SIGNAL); // How often to write new LUT value
 723:Core/Src/main.c **** uint32_t DestAddress = (uint32_t) &(TIM3->CCR3); // Write LUT TO TIM3->CCR3 to modify PWM duty cycl
 724:Core/Src/main.c **** 
 725:Core/Src/main.c **** 
 726:Core/Src/main.c **** /* USER CODE END PV */
 727:Core/Src/main.c **** 
 728:Core/Src/main.c **** /* Private function prototypes -----------------------------------------------*/
 729:Core/Src/main.c **** void SystemClock_Config(void);
 730:Core/Src/main.c **** static void MX_GPIO_Init(void);
 731:Core/Src/main.c **** static void MX_DMA_Init(void);
 732:Core/Src/main.c **** static void MX_TIM2_Init(void);
 733:Core/Src/main.c **** static void MX_TIM3_Init(void);
 734:Core/Src/main.c **** /* USER CODE BEGIN PFP */
 735:Core/Src/main.c **** void EXTI0_IRQHandler(void);
 736:Core/Src/main.c **** /* USER CODE END PFP */
 737:Core/Src/main.c **** 
 738:Core/Src/main.c **** /* Private user code ---------------------------------------------------------*/
 739:Core/Src/main.c **** /* USER CODE BEGIN 0 */
 740:Core/Src/main.c **** 
 741:Core/Src/main.c **** /* USER CODE END 0 */
 742:Core/Src/main.c **** 
 743:Core/Src/main.c **** /**
 744:Core/Src/main.c ****   * @brief  The application entry point.
 745:Core/Src/main.c ****   * @retval int
 746:Core/Src/main.c ****   */
 747:Core/Src/main.c **** int main(void)
 748:Core/Src/main.c **** {
 749:Core/Src/main.c **** 
 750:Core/Src/main.c ****   /* USER CODE BEGIN 1 */
 751:Core/Src/main.c **** 
 752:Core/Src/main.c ****   /* USER CODE END 1 */
 753:Core/Src/main.c **** 
 754:Core/Src/main.c ****   /* MCU Configuration--------------------------------------------------------*/
 755:Core/Src/main.c **** 
 756:Core/Src/main.c ****   /* Reset of all peripherals, Initializes the Flash interface and the Systick. */
 757:Core/Src/main.c ****   HAL_Init();
 758:Core/Src/main.c **** 
 759:Core/Src/main.c ****   /* USER CODE BEGIN Init */
 760:Core/Src/main.c **** 
 761:Core/Src/main.c ****   /* USER CODE END Init */
 762:Core/Src/main.c **** 
 763:Core/Src/main.c ****   /* Configure the system clock */
 764:Core/Src/main.c ****   SystemClock_Config();
 765:Core/Src/main.c **** 
 766:Core/Src/main.c ****   /* USER CODE BEGIN SysInit */
 767:Core/Src/main.c **** 
 768:Core/Src/main.c ****   /* USER CODE END SysInit */
 769:Core/Src/main.c **** 
 770:Core/Src/main.c ****   /* Initialize all configured peripherals */
 771:Core/Src/main.c ****   MX_GPIO_Init();
 772:Core/Src/main.c ****   MX_DMA_Init();
ARM GAS  /tmp/ccWclncs.s 			page 15


 773:Core/Src/main.c ****   MX_TIM2_Init();
 774:Core/Src/main.c ****   MX_TIM3_Init();
 775:Core/Src/main.c ****   /* USER CODE BEGIN 2 */
 776:Core/Src/main.c **** 
 777:Core/Src/main.c ****   // TODO: Initialize LCD
 778:Core/Src/main.c ****   init_LCD();
 779:Core/Src/main.c ****   lcd_command(DISPLAY_ON);
 780:Core/Src/main.c ****   lcd_command(CLEAR);
 781:Core/Src/main.c ****   lcd_command(CURSOR_HOME);
 782:Core/Src/main.c **** 
 783:Core/Src/main.c ****   // TODO: Start TIM3 in PWM mode on channel 3
 784:Core/Src/main.c ****   HAL_TIM_PWM_Start(&htim3, TIM_CHANNEL_3);
 785:Core/Src/main.c **** 
 786:Core/Src/main.c ****   // TODO: Start TIM2 in Output Compare (OC) mode on channel 1
 787:Core/Src/main.c ****   HAL_TIM_OC_Start(&htim2, TIM_CHANNEL_1);
 788:Core/Src/main.c **** 
 789:Core/Src/main.c ****   // TODO: Start DMA in IT mode on TIM2->CH1. Source is LUT and Dest is TIM3->CCR3; start with Sine
 790:Core/Src/main.c ****   HAL_DMA_Start_IT(&hdma_tim2_ch1, (uint32_t)Piano_LUT, DestAddress, NS);
 791:Core/Src/main.c **** 
 792:Core/Src/main.c ****   // TODO: Write current waveform to LCD(Sine is the first waveform)
 793:Core/Src/main.c ****   lcd_putstring("SINE");
 794:Core/Src/main.c **** 
 795:Core/Src/main.c ****   // TODO: Enable DMA (start transfer from LUT to CCR)
 796:Core/Src/main.c ****   __HAL_TIM_ENABLE_DMA(&htim2, TIM_DMA_CC1);
 797:Core/Src/main.c **** 
 798:Core/Src/main.c ****   /* USER CODE END 2 */
 799:Core/Src/main.c **** 
 800:Core/Src/main.c ****   /* Infinite loop */
 801:Core/Src/main.c ****   /* USER CODE BEGIN WHILE */
 802:Core/Src/main.c ****   while (1)
 803:Core/Src/main.c ****   {
 804:Core/Src/main.c ****     /* USER CODE END WHILE */
 805:Core/Src/main.c **** 	  //lcd_putstring("HELLO!");
 806:Core/Src/main.c ****     /* USER CODE BEGIN 3 */
 807:Core/Src/main.c ****   }
 808:Core/Src/main.c ****   /* USER CODE END 3 */
 809:Core/Src/main.c **** }
 810:Core/Src/main.c **** 
 811:Core/Src/main.c **** /**
 812:Core/Src/main.c ****   * @brief System Clock Configuration
 813:Core/Src/main.c ****   * @retval None
 814:Core/Src/main.c ****   */
 815:Core/Src/main.c **** void SystemClock_Config(void)
 816:Core/Src/main.c **** {
 817:Core/Src/main.c ****   RCC_OscInitTypeDef RCC_OscInitStruct = {0};
 818:Core/Src/main.c ****   RCC_ClkInitTypeDef RCC_ClkInitStruct = {0};
 819:Core/Src/main.c **** 
 820:Core/Src/main.c ****   /** Configure the main internal regulator output voltage
 821:Core/Src/main.c ****   */
 822:Core/Src/main.c ****   __HAL_RCC_PWR_CLK_ENABLE();
 823:Core/Src/main.c ****   __HAL_PWR_VOLTAGESCALING_CONFIG(PWR_REGULATOR_VOLTAGE_SCALE3);
 824:Core/Src/main.c **** 
 825:Core/Src/main.c ****   /** Initializes the RCC Oscillators according to the specified parameters
 826:Core/Src/main.c ****   * in the RCC_OscInitTypeDef structure.
 827:Core/Src/main.c ****   */
 828:Core/Src/main.c ****   RCC_OscInitStruct.OscillatorType = RCC_OSCILLATORTYPE_HSI;
 829:Core/Src/main.c ****   RCC_OscInitStruct.HSIState = RCC_HSI_ON;
ARM GAS  /tmp/ccWclncs.s 			page 16


 830:Core/Src/main.c ****   RCC_OscInitStruct.HSICalibrationValue = RCC_HSICALIBRATION_DEFAULT;
 831:Core/Src/main.c ****   RCC_OscInitStruct.PLL.PLLState = RCC_PLL_NONE;
 832:Core/Src/main.c ****   if (HAL_RCC_OscConfig(&RCC_OscInitStruct) != HAL_OK)
 833:Core/Src/main.c ****   {
 834:Core/Src/main.c ****     Error_Handler();
 835:Core/Src/main.c ****   }
 836:Core/Src/main.c **** 
 837:Core/Src/main.c ****   /** Initializes the CPU, AHB and APB buses clocks
 838:Core/Src/main.c ****   */
 839:Core/Src/main.c ****   RCC_ClkInitStruct.ClockType = RCC_CLOCKTYPE_HCLK|RCC_CLOCKTYPE_SYSCLK
 840:Core/Src/main.c ****                               |RCC_CLOCKTYPE_PCLK1|RCC_CLOCKTYPE_PCLK2;
 841:Core/Src/main.c ****   RCC_ClkInitStruct.SYSCLKSource = RCC_SYSCLKSOURCE_HSI;
 842:Core/Src/main.c ****   RCC_ClkInitStruct.AHBCLKDivider = RCC_SYSCLK_DIV1;
 843:Core/Src/main.c ****   RCC_ClkInitStruct.APB1CLKDivider = RCC_HCLK_DIV1;
 844:Core/Src/main.c ****   RCC_ClkInitStruct.APB2CLKDivider = RCC_HCLK_DIV1;
 845:Core/Src/main.c **** 
 846:Core/Src/main.c ****   if (HAL_RCC_ClockConfig(&RCC_ClkInitStruct, FLASH_LATENCY_0) != HAL_OK)
 847:Core/Src/main.c ****   {
 848:Core/Src/main.c ****     Error_Handler();
 849:Core/Src/main.c ****   }
 850:Core/Src/main.c **** }
 851:Core/Src/main.c **** 
 852:Core/Src/main.c **** /**
 853:Core/Src/main.c ****   * @brief TIM2 Initialization Function
 854:Core/Src/main.c ****   * @param None
 855:Core/Src/main.c ****   * @retval None
 856:Core/Src/main.c ****   */
 857:Core/Src/main.c **** static void MX_TIM2_Init(void)
 858:Core/Src/main.c **** {
 859:Core/Src/main.c **** 
 860:Core/Src/main.c ****   /* USER CODE BEGIN TIM2_Init 0 */
 861:Core/Src/main.c **** 
 862:Core/Src/main.c ****   /* USER CODE END TIM2_Init 0 */
 863:Core/Src/main.c **** 
 864:Core/Src/main.c ****   TIM_ClockConfigTypeDef sClockSourceConfig = {0};
 865:Core/Src/main.c ****   TIM_MasterConfigTypeDef sMasterConfig = {0};
 866:Core/Src/main.c ****   TIM_OC_InitTypeDef sConfigOC = {0};
 867:Core/Src/main.c **** 
 868:Core/Src/main.c ****   /* USER CODE BEGIN TIM2_Init 1 */
 869:Core/Src/main.c **** 
 870:Core/Src/main.c ****   /* USER CODE END TIM2_Init 1 */
 871:Core/Src/main.c ****   htim2.Instance = TIM2;
 872:Core/Src/main.c ****   htim2.Init.Prescaler = 0;
 873:Core/Src/main.c ****   htim2.Init.CounterMode = TIM_COUNTERMODE_UP;
 874:Core/Src/main.c ****   htim2.Init.Period = TIM2_Ticks - 1;
 875:Core/Src/main.c ****   htim2.Init.ClockDivision = TIM_CLOCKDIVISION_DIV1;
 876:Core/Src/main.c ****   htim2.Init.AutoReloadPreload = TIM_AUTORELOAD_PRELOAD_DISABLE;
 877:Core/Src/main.c ****   if (HAL_TIM_Base_Init(&htim2) != HAL_OK)
 878:Core/Src/main.c ****   {
 879:Core/Src/main.c ****     Error_Handler();
 880:Core/Src/main.c ****   }
 881:Core/Src/main.c ****   sClockSourceConfig.ClockSource = TIM_CLOCKSOURCE_INTERNAL;
 882:Core/Src/main.c ****   if (HAL_TIM_ConfigClockSource(&htim2, &sClockSourceConfig) != HAL_OK)
 883:Core/Src/main.c ****   {
 884:Core/Src/main.c ****     Error_Handler();
 885:Core/Src/main.c ****   }
 886:Core/Src/main.c ****   if (HAL_TIM_OC_Init(&htim2) != HAL_OK)
ARM GAS  /tmp/ccWclncs.s 			page 17


 887:Core/Src/main.c ****   {
 888:Core/Src/main.c ****     Error_Handler();
 889:Core/Src/main.c ****   }
 890:Core/Src/main.c ****   sMasterConfig.MasterOutputTrigger = TIM_TRGO_RESET;
 891:Core/Src/main.c ****   sMasterConfig.MasterSlaveMode = TIM_MASTERSLAVEMODE_DISABLE;
 892:Core/Src/main.c ****   if (HAL_TIMEx_MasterConfigSynchronization(&htim2, &sMasterConfig) != HAL_OK)
 893:Core/Src/main.c ****   {
 894:Core/Src/main.c ****     Error_Handler();
 895:Core/Src/main.c ****   }
 896:Core/Src/main.c ****   sConfigOC.OCMode = TIM_OCMODE_TIMING;
 897:Core/Src/main.c ****   sConfigOC.Pulse = 0;
 898:Core/Src/main.c ****   sConfigOC.OCPolarity = TIM_OCPOLARITY_HIGH;
 899:Core/Src/main.c ****   sConfigOC.OCFastMode = TIM_OCFAST_DISABLE;
 900:Core/Src/main.c ****   if (HAL_TIM_OC_ConfigChannel(&htim2, &sConfigOC, TIM_CHANNEL_1) != HAL_OK)
 901:Core/Src/main.c ****   {
 902:Core/Src/main.c ****     Error_Handler();
 903:Core/Src/main.c ****   }
 904:Core/Src/main.c ****   /* USER CODE BEGIN TIM2_Init 2 */
 905:Core/Src/main.c ****   /* TIM2_CH1 DMA Init */
 906:Core/Src/main.c ****   __HAL_RCC_DMA1_CLK_ENABLE();
 907:Core/Src/main.c **** 
 908:Core/Src/main.c ****   hdma_tim2_ch1.Instance = DMA1_Stream5;
 909:Core/Src/main.c ****   hdma_tim2_ch1.Init.Channel = DMA_CHANNEL_3;         // TIM2_CH1 is on channel 3
 910:Core/Src/main.c ****   hdma_tim2_ch1.Init.Direction = DMA_MEMORY_TO_PERIPH; // Memory -> TIM3->CCR3
 911:Core/Src/main.c ****   hdma_tim2_ch1.Init.PeriphInc = DMA_PINC_DISABLE;    // Peripheral address fixed
 912:Core/Src/main.c ****   hdma_tim2_ch1.Init.MemInc = DMA_MINC_ENABLE;        // Memory address increments
 913:Core/Src/main.c ****   hdma_tim2_ch1.Init.PeriphDataAlignment = DMA_PDATAALIGN_WORD;
 914:Core/Src/main.c ****   hdma_tim2_ch1.Init.MemDataAlignment = DMA_MDATAALIGN_WORD;
 915:Core/Src/main.c ****   hdma_tim2_ch1.Init.Mode = DMA_CIRCULAR;            // Repeat LUT automatically
 916:Core/Src/main.c ****   hdma_tim2_ch1.Init.Priority = DMA_PRIORITY_HIGH;
 917:Core/Src/main.c ****   hdma_tim2_ch1.Init.FIFOMode = DMA_FIFOMODE_DISABLE;
 918:Core/Src/main.c **** 
 919:Core/Src/main.c ****   if (HAL_DMA_Init(&hdma_tim2_ch1) != HAL_OK)
 920:Core/Src/main.c ****   {
 921:Core/Src/main.c ****       Error_Handler();
 922:Core/Src/main.c ****   }
 923:Core/Src/main.c **** 
 924:Core/Src/main.c ****   /* Link DMA handle to TIM2 handle */
 925:Core/Src/main.c ****   __HAL_LINKDMA(&htim2, hdma[TIM_DMA_ID_CC1], hdma_tim2_ch1);
 926:Core/Src/main.c ****   /* USER CODE END TIM2_Init 2 */
 927:Core/Src/main.c **** 
 928:Core/Src/main.c **** }
 929:Core/Src/main.c **** 
 930:Core/Src/main.c **** /**
 931:Core/Src/main.c ****   * @brief TIM3 Initialization Function
 932:Core/Src/main.c ****   * @param None
 933:Core/Src/main.c ****   * @retval None
 934:Core/Src/main.c ****   */
 935:Core/Src/main.c **** static void MX_TIM3_Init(void)
 936:Core/Src/main.c **** {
 937:Core/Src/main.c **** 
 938:Core/Src/main.c ****   /* USER CODE BEGIN TIM3_Init 0 */
 939:Core/Src/main.c **** 
 940:Core/Src/main.c ****   /* USER CODE END TIM3_Init 0 */
 941:Core/Src/main.c **** 
 942:Core/Src/main.c ****   TIM_ClockConfigTypeDef sClockSourceConfig = {0};
 943:Core/Src/main.c ****   TIM_MasterConfigTypeDef sMasterConfig = {0};
ARM GAS  /tmp/ccWclncs.s 			page 18


 944:Core/Src/main.c ****   TIM_OC_InitTypeDef sConfigOC = {0};
 945:Core/Src/main.c **** 
 946:Core/Src/main.c ****   /* USER CODE BEGIN TIM3_Init 1 */
 947:Core/Src/main.c **** 
 948:Core/Src/main.c ****   /* USER CODE END TIM3_Init 1 */
 949:Core/Src/main.c ****   htim3.Instance = TIM3;
 950:Core/Src/main.c ****   htim3.Init.Prescaler = 0;
 951:Core/Src/main.c ****   htim3.Init.CounterMode = TIM_COUNTERMODE_UP;
 952:Core/Src/main.c ****   htim3.Init.Period = 4095;
 953:Core/Src/main.c ****   htim3.Init.ClockDivision = TIM_CLOCKDIVISION_DIV1;
 954:Core/Src/main.c ****   htim3.Init.AutoReloadPreload = TIM_AUTORELOAD_PRELOAD_DISABLE;
 955:Core/Src/main.c ****   if (HAL_TIM_Base_Init(&htim3) != HAL_OK)
 956:Core/Src/main.c ****   {
 957:Core/Src/main.c ****     Error_Handler();
 958:Core/Src/main.c ****   }
 959:Core/Src/main.c ****   sClockSourceConfig.ClockSource = TIM_CLOCKSOURCE_INTERNAL;
 960:Core/Src/main.c ****   if (HAL_TIM_ConfigClockSource(&htim3, &sClockSourceConfig) != HAL_OK)
 961:Core/Src/main.c ****   {
 962:Core/Src/main.c ****     Error_Handler();
 963:Core/Src/main.c ****   }
 964:Core/Src/main.c ****   if (HAL_TIM_PWM_Init(&htim3) != HAL_OK)
 965:Core/Src/main.c ****   {
 966:Core/Src/main.c ****     Error_Handler();
 967:Core/Src/main.c ****   }
 968:Core/Src/main.c ****   sMasterConfig.MasterOutputTrigger = TIM_TRGO_RESET;
 969:Core/Src/main.c ****   sMasterConfig.MasterSlaveMode = TIM_MASTERSLAVEMODE_DISABLE;
 970:Core/Src/main.c ****   if (HAL_TIMEx_MasterConfigSynchronization(&htim3, &sMasterConfig) != HAL_OK)
 971:Core/Src/main.c ****   {
 972:Core/Src/main.c ****     Error_Handler();
 973:Core/Src/main.c ****   }
 974:Core/Src/main.c ****   sConfigOC.OCMode = TIM_OCMODE_PWM1;
 975:Core/Src/main.c ****   sConfigOC.Pulse = 0;
 976:Core/Src/main.c ****   sConfigOC.OCPolarity = TIM_OCPOLARITY_HIGH;
 977:Core/Src/main.c ****   sConfigOC.OCFastMode = TIM_OCFAST_DISABLE;
 978:Core/Src/main.c ****   if (HAL_TIM_PWM_ConfigChannel(&htim3, &sConfigOC, TIM_CHANNEL_3) != HAL_OK)
 979:Core/Src/main.c ****   {
 980:Core/Src/main.c ****     Error_Handler();
 981:Core/Src/main.c ****   }
 982:Core/Src/main.c ****   /* USER CODE BEGIN TIM3_Init 2 */
 983:Core/Src/main.c **** 
 984:Core/Src/main.c ****   /* USER CODE END TIM3_Init 2 */
 985:Core/Src/main.c ****   HAL_TIM_MspPostInit(&htim3);
 986:Core/Src/main.c **** 
 987:Core/Src/main.c **** }
 988:Core/Src/main.c **** 
 989:Core/Src/main.c **** /**
 990:Core/Src/main.c ****   * Enable DMA controller clock
 991:Core/Src/main.c ****   */
 992:Core/Src/main.c **** static void MX_DMA_Init(void)
 993:Core/Src/main.c **** {
 994:Core/Src/main.c **** 
 995:Core/Src/main.c ****   /* DMA controller clock enable */
 996:Core/Src/main.c ****   __HAL_RCC_DMA1_CLK_ENABLE();
 997:Core/Src/main.c **** 
 998:Core/Src/main.c ****   /* DMA interrupt init */
 999:Core/Src/main.c ****   /* DMA1_Stream5_IRQn interrupt configuration */
1000:Core/Src/main.c ****   HAL_NVIC_SetPriority(DMA1_Stream5_IRQn, 0, 0);
ARM GAS  /tmp/ccWclncs.s 			page 19


1001:Core/Src/main.c ****   HAL_NVIC_EnableIRQ(DMA1_Stream5_IRQn);
1002:Core/Src/main.c **** 
1003:Core/Src/main.c **** }
1004:Core/Src/main.c **** 
1005:Core/Src/main.c **** /**
1006:Core/Src/main.c ****   * @brief GPIO Initialization Function
1007:Core/Src/main.c ****   * @param None
1008:Core/Src/main.c ****   * @retval None
1009:Core/Src/main.c ****   */
1010:Core/Src/main.c **** static void MX_GPIO_Init(void)
1011:Core/Src/main.c **** {
  28              		.loc 1 1011 1 view -0
  29              		.cfi_startproc
  30              		@ args = 0, pretend = 0, frame = 32
  31              		@ frame_needed = 0, uses_anonymous_args = 0
  32 0000 2DE9F04F 		push	{r4, r5, r6, r7, r8, r9, r10, fp, lr}
  33              	.LCFI0:
  34              		.cfi_def_cfa_offset 36
  35              		.cfi_offset 4, -36
  36              		.cfi_offset 5, -32
  37              		.cfi_offset 6, -28
  38              		.cfi_offset 7, -24
  39              		.cfi_offset 8, -20
  40              		.cfi_offset 9, -16
  41              		.cfi_offset 10, -12
  42              		.cfi_offset 11, -8
  43              		.cfi_offset 14, -4
  44 0004 89B0     		sub	sp, sp, #36
  45              	.LCFI1:
  46              		.cfi_def_cfa_offset 72
1012:Core/Src/main.c ****   GPIO_InitTypeDef GPIO_InitStruct = {0};
  47              		.loc 1 1012 3 view .LVU1
  48              		.loc 1 1012 20 is_stmt 0 view .LVU2
  49 0006 0024     		movs	r4, #0
  50 0008 0394     		str	r4, [sp, #12]
  51 000a 0494     		str	r4, [sp, #16]
  52 000c 0594     		str	r4, [sp, #20]
  53 000e 0694     		str	r4, [sp, #24]
  54 0010 0794     		str	r4, [sp, #28]
1013:Core/Src/main.c ****   /* USER CODE BEGIN MX_GPIO_Init_1 */
1014:Core/Src/main.c **** 
1015:Core/Src/main.c ****   /* USER CODE END MX_GPIO_Init_1 */
1016:Core/Src/main.c **** 
1017:Core/Src/main.c ****   /* GPIO Ports Clock Enable */
1018:Core/Src/main.c ****   __HAL_RCC_GPIOH_CLK_ENABLE();
  55              		.loc 1 1018 3 is_stmt 1 view .LVU3
  56              	.LBB4:
  57              		.loc 1 1018 3 view .LVU4
  58 0012 0094     		str	r4, [sp]
  59              		.loc 1 1018 3 view .LVU5
  60 0014 2F4B     		ldr	r3, .L3
  61 0016 1A6B     		ldr	r2, [r3, #48]
  62 0018 42F08002 		orr	r2, r2, #128
  63 001c 1A63     		str	r2, [r3, #48]
  64              		.loc 1 1018 3 view .LVU6
  65 001e 1A6B     		ldr	r2, [r3, #48]
  66 0020 02F08002 		and	r2, r2, #128
ARM GAS  /tmp/ccWclncs.s 			page 20


  67 0024 0092     		str	r2, [sp]
  68              		.loc 1 1018 3 view .LVU7
  69 0026 009A     		ldr	r2, [sp]
  70              	.LBE4:
  71              		.loc 1 1018 3 view .LVU8
1019:Core/Src/main.c ****   __HAL_RCC_GPIOA_CLK_ENABLE();
  72              		.loc 1 1019 3 view .LVU9
  73              	.LBB5:
  74              		.loc 1 1019 3 view .LVU10
  75 0028 0194     		str	r4, [sp, #4]
  76              		.loc 1 1019 3 view .LVU11
  77 002a 1A6B     		ldr	r2, [r3, #48]
  78 002c 42F00102 		orr	r2, r2, #1
  79 0030 1A63     		str	r2, [r3, #48]
  80              		.loc 1 1019 3 view .LVU12
  81 0032 1A6B     		ldr	r2, [r3, #48]
  82 0034 02F00102 		and	r2, r2, #1
  83 0038 0192     		str	r2, [sp, #4]
  84              		.loc 1 1019 3 view .LVU13
  85 003a 019A     		ldr	r2, [sp, #4]
  86              	.LBE5:
  87              		.loc 1 1019 3 view .LVU14
1020:Core/Src/main.c ****   __HAL_RCC_GPIOB_CLK_ENABLE();
  88              		.loc 1 1020 3 view .LVU15
  89              	.LBB6:
  90              		.loc 1 1020 3 view .LVU16
  91 003c 0294     		str	r4, [sp, #8]
  92              		.loc 1 1020 3 view .LVU17
  93 003e 1A6B     		ldr	r2, [r3, #48]
  94 0040 42F00202 		orr	r2, r2, #2
  95 0044 1A63     		str	r2, [r3, #48]
  96              		.loc 1 1020 3 view .LVU18
  97 0046 1B6B     		ldr	r3, [r3, #48]
  98 0048 03F00203 		and	r3, r3, #2
  99 004c 0293     		str	r3, [sp, #8]
 100              		.loc 1 1020 3 view .LVU19
 101 004e 029B     		ldr	r3, [sp, #8]
 102              	.LBE6:
 103              		.loc 1 1020 3 view .LVU20
1021:Core/Src/main.c **** 
1022:Core/Src/main.c ****   // -------------------------------
1023:Core/Src/main.c ****   // LCD pins configuration
1024:Core/Src/main.c ****   // -------------------------------
1025:Core/Src/main.c ****   // Configure PC14 (RS) and PC15 (E) as output push-pull
1026:Core/Src/main.c ****   GPIO_InitStruct.Pin = GPIO_PIN_14 | GPIO_PIN_15;
 104              		.loc 1 1026 3 view .LVU21
 105              		.loc 1 1026 23 is_stmt 0 view .LVU22
 106 0050 4FF4404B 		mov	fp, #49152
 107 0054 CDF80CB0 		str	fp, [sp, #12]
1027:Core/Src/main.c ****   GPIO_InitStruct.Mode = GPIO_MODE_OUTPUT_PP;
 108              		.loc 1 1027 3 is_stmt 1 view .LVU23
 109              		.loc 1 1027 24 is_stmt 0 view .LVU24
 110 0058 0126     		movs	r6, #1
 111 005a 0496     		str	r6, [sp, #16]
1028:Core/Src/main.c ****   GPIO_InitStruct.Pull = GPIO_NOPULL;
 112              		.loc 1 1028 3 is_stmt 1 view .LVU25
1029:Core/Src/main.c ****   GPIO_InitStruct.Speed = GPIO_SPEED_FREQ_LOW;
ARM GAS  /tmp/ccWclncs.s 			page 21


 113              		.loc 1 1029 3 view .LVU26
1030:Core/Src/main.c ****   HAL_GPIO_Init(GPIOC, &GPIO_InitStruct);
 114              		.loc 1 1030 3 view .LVU27
 115 005c DFF87CA0 		ldr	r10, .L3+8
 116 0060 03A9     		add	r1, sp, #12
 117 0062 5046     		mov	r0, r10
 118 0064 FFF7FEFF 		bl	HAL_GPIO_Init
 119              	.LVL0:
1031:Core/Src/main.c **** 
1032:Core/Src/main.c ****   // Configure PB8 (D4) and PB9 (D5) as output push-pull
1033:Core/Src/main.c ****   GPIO_InitStruct.Pin = GPIO_PIN_8 | GPIO_PIN_9;
 120              		.loc 1 1033 3 view .LVU28
 121              		.loc 1 1033 23 is_stmt 0 view .LVU29
 122 0068 4FF44079 		mov	r9, #768
 123 006c CDF80C90 		str	r9, [sp, #12]
1034:Core/Src/main.c ****   HAL_GPIO_Init(GPIOB, &GPIO_InitStruct);
 124              		.loc 1 1034 3 is_stmt 1 view .LVU30
 125 0070 DFF86C80 		ldr	r8, .L3+12
 126 0074 03A9     		add	r1, sp, #12
 127 0076 4046     		mov	r0, r8
 128 0078 FFF7FEFF 		bl	HAL_GPIO_Init
 129              	.LVL1:
1035:Core/Src/main.c **** 
1036:Core/Src/main.c ****   // Configure PA12 (D6) and PA15 (D7) as output push-pull
1037:Core/Src/main.c ****   GPIO_InitStruct.Pin = GPIO_PIN_12 | GPIO_PIN_15;
 130              		.loc 1 1037 3 view .LVU31
 131              		.loc 1 1037 23 is_stmt 0 view .LVU32
 132 007c 4FF41047 		mov	r7, #36864
 133 0080 0397     		str	r7, [sp, #12]
1038:Core/Src/main.c ****   HAL_GPIO_Init(GPIOA, &GPIO_InitStruct);
 134              		.loc 1 1038 3 is_stmt 1 view .LVU33
 135 0082 154D     		ldr	r5, .L3+4
 136 0084 03A9     		add	r1, sp, #12
 137 0086 2846     		mov	r0, r5
 138 0088 FFF7FEFF 		bl	HAL_GPIO_Init
 139              	.LVL2:
1039:Core/Src/main.c **** 
1040:Core/Src/main.c ****   // Set all LCD pins LOW initially
1041:Core/Src/main.c ****   HAL_GPIO_WritePin(GPIOC, GPIO_PIN_14 | GPIO_PIN_15, GPIO_PIN_RESET);
 140              		.loc 1 1041 3 view .LVU34
 141 008c 2246     		mov	r2, r4
 142 008e 5946     		mov	r1, fp
 143 0090 5046     		mov	r0, r10
 144 0092 FFF7FEFF 		bl	HAL_GPIO_WritePin
 145              	.LVL3:
1042:Core/Src/main.c ****   HAL_GPIO_WritePin(GPIOB, GPIO_PIN_8 | GPIO_PIN_9, GPIO_PIN_RESET);
 146              		.loc 1 1042 3 view .LVU35
 147 0096 2246     		mov	r2, r4
 148 0098 4946     		mov	r1, r9
 149 009a 4046     		mov	r0, r8
 150 009c FFF7FEFF 		bl	HAL_GPIO_WritePin
 151              	.LVL4:
1043:Core/Src/main.c ****   HAL_GPIO_WritePin(GPIOA, GPIO_PIN_12 | GPIO_PIN_15, GPIO_PIN_RESET);
 152              		.loc 1 1043 3 view .LVU36
 153 00a0 2246     		mov	r2, r4
 154 00a2 3946     		mov	r1, r7
 155 00a4 2846     		mov	r0, r5
ARM GAS  /tmp/ccWclncs.s 			page 22


 156 00a6 FFF7FEFF 		bl	HAL_GPIO_WritePin
 157              	.LVL5:
1044:Core/Src/main.c **** 
1045:Core/Src/main.c **** 
1046:Core/Src/main.c ****   // -------------------------------
1047:Core/Src/main.c ****   // Button0 configuration (PA0)
1048:Core/Src/main.c ****   // -------------------------------
1049:Core/Src/main.c ****   GPIO_InitStruct.Pin = Button0_Pin;
 158              		.loc 1 1049 3 view .LVU37
 159              		.loc 1 1049 23 is_stmt 0 view .LVU38
 160 00aa 0396     		str	r6, [sp, #12]
1050:Core/Src/main.c ****   GPIO_InitStruct.Mode = GPIO_MODE_IT_RISING; // Interrupt on rising edge
 161              		.loc 1 1050 3 is_stmt 1 view .LVU39
 162              		.loc 1 1050 24 is_stmt 0 view .LVU40
 163 00ac 4FF48813 		mov	r3, #1114112
 164 00b0 0493     		str	r3, [sp, #16]
1051:Core/Src/main.c ****   GPIO_InitStruct.Pull = GPIO_PULLUP;         // Use pull-up resistor
 165              		.loc 1 1051 3 is_stmt 1 view .LVU41
 166              		.loc 1 1051 24 is_stmt 0 view .LVU42
 167 00b2 0596     		str	r6, [sp, #20]
1052:Core/Src/main.c ****   HAL_GPIO_Init(GPIOA, &GPIO_InitStruct);
 168              		.loc 1 1052 3 is_stmt 1 view .LVU43
 169 00b4 03A9     		add	r1, sp, #12
 170 00b6 2846     		mov	r0, r5
 171 00b8 FFF7FEFF 		bl	HAL_GPIO_Init
 172              	.LVL6:
1053:Core/Src/main.c **** 
1054:Core/Src/main.c ****   // Enable and set EXTI line 0 interrupt priority
1055:Core/Src/main.c ****   HAL_NVIC_SetPriority(EXTI0_IRQn, 2, 0);
 173              		.loc 1 1055 3 view .LVU44
 174 00bc 2246     		mov	r2, r4
 175 00be 0221     		movs	r1, #2
 176 00c0 0620     		movs	r0, #6
 177 00c2 FFF7FEFF 		bl	HAL_NVIC_SetPriority
 178              	.LVL7:
1056:Core/Src/main.c ****   HAL_NVIC_EnableIRQ(EXTI0_IRQn);
 179              		.loc 1 1056 3 view .LVU45
 180 00c6 0620     		movs	r0, #6
 181 00c8 FFF7FEFF 		bl	HAL_NVIC_EnableIRQ
 182              	.LVL8:
1057:Core/Src/main.c **** 
1058:Core/Src/main.c ****   /* USER CODE END MX_GPIO_Init_2 */
1059:Core/Src/main.c **** }
 183              		.loc 1 1059 1 is_stmt 0 view .LVU46
 184 00cc 09B0     		add	sp, sp, #36
 185              	.LCFI2:
 186              		.cfi_def_cfa_offset 36
 187              		@ sp needed
 188 00ce BDE8F08F 		pop	{r4, r5, r6, r7, r8, r9, r10, fp, pc}
 189              	.L4:
 190 00d2 00BF     		.align	2
 191              	.L3:
 192 00d4 00380240 		.word	1073887232
 193 00d8 00000240 		.word	1073872896
 194 00dc 00080240 		.word	1073874944
 195 00e0 00040240 		.word	1073873920
 196              		.cfi_endproc
ARM GAS  /tmp/ccWclncs.s 			page 23


 197              	.LFE142:
 199              		.section	.text.MX_DMA_Init,"ax",%progbits
 200              		.align	1
 201              		.syntax unified
 202              		.thumb
 203              		.thumb_func
 205              	MX_DMA_Init:
 206              	.LFB141:
 993:Core/Src/main.c **** 
 207              		.loc 1 993 1 is_stmt 1 view -0
 208              		.cfi_startproc
 209              		@ args = 0, pretend = 0, frame = 8
 210              		@ frame_needed = 0, uses_anonymous_args = 0
 211 0000 00B5     		push	{lr}
 212              	.LCFI3:
 213              		.cfi_def_cfa_offset 4
 214              		.cfi_offset 14, -4
 215 0002 83B0     		sub	sp, sp, #12
 216              	.LCFI4:
 217              		.cfi_def_cfa_offset 16
 996:Core/Src/main.c **** 
 218              		.loc 1 996 3 view .LVU48
 219              	.LBB7:
 996:Core/Src/main.c **** 
 220              		.loc 1 996 3 view .LVU49
 221 0004 0021     		movs	r1, #0
 222 0006 0191     		str	r1, [sp, #4]
 996:Core/Src/main.c **** 
 223              		.loc 1 996 3 view .LVU50
 224 0008 094B     		ldr	r3, .L7
 225 000a 1A6B     		ldr	r2, [r3, #48]
 226 000c 42F40012 		orr	r2, r2, #2097152
 227 0010 1A63     		str	r2, [r3, #48]
 996:Core/Src/main.c **** 
 228              		.loc 1 996 3 view .LVU51
 229 0012 1B6B     		ldr	r3, [r3, #48]
 230 0014 03F40013 		and	r3, r3, #2097152
 231 0018 0193     		str	r3, [sp, #4]
 996:Core/Src/main.c **** 
 232              		.loc 1 996 3 view .LVU52
 233 001a 019B     		ldr	r3, [sp, #4]
 234              	.LBE7:
 996:Core/Src/main.c **** 
 235              		.loc 1 996 3 view .LVU53
1000:Core/Src/main.c ****   HAL_NVIC_EnableIRQ(DMA1_Stream5_IRQn);
 236              		.loc 1 1000 3 view .LVU54
 237 001c 0A46     		mov	r2, r1
 238 001e 1020     		movs	r0, #16
 239 0020 FFF7FEFF 		bl	HAL_NVIC_SetPriority
 240              	.LVL9:
1001:Core/Src/main.c **** 
 241              		.loc 1 1001 3 view .LVU55
 242 0024 1020     		movs	r0, #16
 243 0026 FFF7FEFF 		bl	HAL_NVIC_EnableIRQ
 244              	.LVL10:
1003:Core/Src/main.c **** 
 245              		.loc 1 1003 1 is_stmt 0 view .LVU56
ARM GAS  /tmp/ccWclncs.s 			page 24


 246 002a 03B0     		add	sp, sp, #12
 247              	.LCFI5:
 248              		.cfi_def_cfa_offset 4
 249              		@ sp needed
 250 002c 5DF804FB 		ldr	pc, [sp], #4
 251              	.L8:
 252              		.align	2
 253              	.L7:
 254 0030 00380240 		.word	1073887232
 255              		.cfi_endproc
 256              	.LFE141:
 258              		.section	.rodata.EXTI0_IRQHandler.str1.4,"aMS",%progbits,1
 259              		.align	2
 260              	.LC0:
 261 0000 53494E45 		.ascii	"SINE\000"
 261      00
 262 0005 000000   		.align	2
 263              	.LC1:
 264 0008 53415754 		.ascii	"SAWTOOTH\000"
 264      4F4F5448 
 264      00
 265 0011 000000   		.align	2
 266              	.LC2:
 267 0014 54524941 		.ascii	"TRIANGLE\000"
 267      4E474C45 
 267      00
 268 001d 000000   		.align	2
 269              	.LC3:
 270 0020 5049414E 		.ascii	"PIANO\000"
 270      4F00
 271 0026 0000     		.align	2
 272              	.LC4:
 273 0028 47554954 		.ascii	"GUITAR\000"
 273      415200
 274 002f 00       		.align	2
 275              	.LC5:
 276 0030 4452554D 		.ascii	"DRUM\000"
 276      00
 277              		.section	.text.EXTI0_IRQHandler,"ax",%progbits
 278              		.align	1
 279              		.global	EXTI0_IRQHandler
 280              		.syntax unified
 281              		.thumb
 282              		.thumb_func
 284              	EXTI0_IRQHandler:
 285              	.LFB143:
1060:Core/Src/main.c **** 
1061:Core/Src/main.c **** /* USER CODE BEGIN 4 */
1062:Core/Src/main.c **** void EXTI0_IRQHandler(void){
 286              		.loc 1 1062 28 is_stmt 1 view -0
 287              		.cfi_startproc
 288              		@ args = 0, pretend = 0, frame = 0
 289              		@ frame_needed = 0, uses_anonymous_args = 0
 290 0000 08B5     		push	{r3, lr}
 291              	.LCFI6:
 292              		.cfi_def_cfa_offset 8
 293              		.cfi_offset 3, -8
ARM GAS  /tmp/ccWclncs.s 			page 25


 294              		.cfi_offset 14, -4
1063:Core/Src/main.c **** 
1064:Core/Src/main.c **** 	HAL_GPIO_EXTI_IRQHandler(Button0_Pin); // Clear interrupt flags
 295              		.loc 1 1064 2 view .LVU58
 296 0002 0120     		movs	r0, #1
 297 0004 FFF7FEFF 		bl	HAL_GPIO_EXTI_IRQHandler
 298              	.LVL11:
1065:Core/Src/main.c **** 
1066:Core/Src/main.c **** 	// TODO: Debounce using HAL_GetTick()
1067:Core/Src/main.c **** 	if (HAL_GetTick() - buttonLastPressed > 200){
 299              		.loc 1 1067 2 view .LVU59
 300              		.loc 1 1067 6 is_stmt 0 view .LVU60
 301 0008 FFF7FEFF 		bl	HAL_GetTick
 302              	.LVL12:
 303              		.loc 1 1067 20 discriminator 1 view .LVU61
 304 000c 424B     		ldr	r3, .L22
 305 000e 1B68     		ldr	r3, [r3]
 306 0010 C01A     		subs	r0, r0, r3
 307              		.loc 1 1067 5 discriminator 1 view .LVU62
 308 0012 C828     		cmp	r0, #200
 309 0014 00D8     		bhi	.L21
 310              	.L9:
1068:Core/Src/main.c **** 		buttonLastPressed = HAL_GetTick();
1069:Core/Src/main.c **** 
1070:Core/Src/main.c **** 		// TODO: Disable DMA transfer and abort IT, then start DMA in IT mode with new LUT and re-enable 
1071:Core/Src/main.c **** 		// HINT: Consider using C's "switch" function to handle LUT changes
1072:Core/Src/main.c **** 		__HAL_TIM_DISABLE_DMA(&htim2, TIM_DMA_CC1);
1073:Core/Src/main.c **** 		HAL_DMA_Abort_IT(&hdma_tim2_ch1);
1074:Core/Src/main.c **** 
1075:Core/Src/main.c **** 		currentLUT = (currentLUT + 1) % 6;
1076:Core/Src/main.c **** 
1077:Core/Src/main.c **** 		switch(currentLUT){
1078:Core/Src/main.c **** 			case SINE:
1079:Core/Src/main.c **** 				lcd_command(CLEAR); lcd_putstring("SINE");
1080:Core/Src/main.c **** 				HAL_DMA_Start_IT(&hdma_tim2_ch1, (uint32_t)Sin_LUT, DestAddress, NS);
1081:Core/Src/main.c **** 				break;
1082:Core/Src/main.c **** 			case SAWTOOTH:
1083:Core/Src/main.c **** 				lcd_command(CLEAR); lcd_putstring("SAWTOOTH");
1084:Core/Src/main.c **** 				HAL_DMA_Start_IT(&hdma_tim2_ch1, (uint32_t)Saw_LUT, DestAddress, NS);
1085:Core/Src/main.c **** 				break;
1086:Core/Src/main.c **** 			case TRIANGLE:
1087:Core/Src/main.c **** 				lcd_command(CLEAR); lcd_putstring("TRIANGLE");
1088:Core/Src/main.c **** 				HAL_DMA_Start_IT(&hdma_tim2_ch1, (uint32_t)Triangle_LUT, DestAddress, NS);
1089:Core/Src/main.c **** 				break;
1090:Core/Src/main.c **** 			case PIANO:
1091:Core/Src/main.c **** 				lcd_command(CLEAR); lcd_putstring("PIANO");
1092:Core/Src/main.c **** 				HAL_DMA_Start_IT(&hdma_tim2_ch1, (uint32_t)Piano_LUT, DestAddress, NS);
1093:Core/Src/main.c **** 				break;
1094:Core/Src/main.c **** 			case GUITAR:
1095:Core/Src/main.c **** 				lcd_command(CLEAR); lcd_putstring("GUITAR");
1096:Core/Src/main.c **** 				HAL_DMA_Start_IT(&hdma_tim2_ch1, (uint32_t)Guitar_LUT, DestAddress, NS);
1097:Core/Src/main.c **** 				break;
1098:Core/Src/main.c **** 			case DRUM:
1099:Core/Src/main.c **** 				lcd_command(CLEAR); lcd_putstring("DRUM");
1100:Core/Src/main.c **** 				HAL_DMA_Start_IT(&hdma_tim2_ch1, (uint32_t)Drum_LUT, DestAddress, NS);
1101:Core/Src/main.c **** 				break;
1102:Core/Src/main.c **** 		}
ARM GAS  /tmp/ccWclncs.s 			page 26


1103:Core/Src/main.c **** 
1104:Core/Src/main.c **** 		__HAL_TIM_ENABLE_DMA(&htim2, TIM_DMA_CC1);
1105:Core/Src/main.c **** 
1106:Core/Src/main.c **** 	}
1107:Core/Src/main.c **** 
1108:Core/Src/main.c **** }
 311              		.loc 1 1108 1 view .LVU63
 312 0016 08BD     		pop	{r3, pc}
 313              	.L21:
1068:Core/Src/main.c **** 		buttonLastPressed = HAL_GetTick();
 314              		.loc 1 1068 3 is_stmt 1 view .LVU64
1068:Core/Src/main.c **** 		buttonLastPressed = HAL_GetTick();
 315              		.loc 1 1068 23 is_stmt 0 view .LVU65
 316 0018 FFF7FEFF 		bl	HAL_GetTick
 317              	.LVL13:
1068:Core/Src/main.c **** 		buttonLastPressed = HAL_GetTick();
 318              		.loc 1 1068 21 discriminator 1 view .LVU66
 319 001c 3E4B     		ldr	r3, .L22
 320 001e 1860     		str	r0, [r3]
1072:Core/Src/main.c **** 		HAL_DMA_Abort_IT(&hdma_tim2_ch1);
 321              		.loc 1 1072 3 is_stmt 1 view .LVU67
 322 0020 3E4B     		ldr	r3, .L22+4
 323 0022 1A68     		ldr	r2, [r3]
 324 0024 D368     		ldr	r3, [r2, #12]
 325 0026 23F40073 		bic	r3, r3, #512
 326 002a D360     		str	r3, [r2, #12]
1073:Core/Src/main.c **** 
 327              		.loc 1 1073 3 view .LVU68
 328 002c 3C48     		ldr	r0, .L22+8
 329 002e FFF7FEFF 		bl	HAL_DMA_Abort_IT
 330              	.LVL14:
1075:Core/Src/main.c **** 
 331              		.loc 1 1075 3 view .LVU69
1075:Core/Src/main.c **** 
 332              		.loc 1 1075 28 is_stmt 0 view .LVU70
 333 0032 3C49     		ldr	r1, .L22+12
 334 0034 0A68     		ldr	r2, [r1]
 335 0036 0132     		adds	r2, r2, #1
1075:Core/Src/main.c **** 
 336              		.loc 1 1075 33 view .LVU71
 337 0038 3B4B     		ldr	r3, .L22+16
 338 003a A3FB0203 		umull	r0, r3, r3, r2
 339 003e 9B08     		lsrs	r3, r3, #2
 340 0040 03EB4303 		add	r3, r3, r3, lsl #1
 341 0044 A2EB4303 		sub	r3, r2, r3, lsl #1
1075:Core/Src/main.c **** 
 342              		.loc 1 1075 14 view .LVU72
 343 0048 0B60     		str	r3, [r1]
1077:Core/Src/main.c **** 			case SINE:
 344              		.loc 1 1077 3 is_stmt 1 view .LVU73
 345 004a 052B     		cmp	r3, #5
 346 004c 12D8     		bhi	.L11
 347 004e DFE803F0 		tbb	[pc, r3]
 348              	.L13:
 349 0052 03       		.byte	(.L18-.L13)/2
 350 0053 18       		.byte	(.L17-.L13)/2
 351 0054 27       		.byte	(.L16-.L13)/2
ARM GAS  /tmp/ccWclncs.s 			page 27


 352 0055 36       		.byte	(.L15-.L13)/2
 353 0056 45       		.byte	(.L14-.L13)/2
 354 0057 54       		.byte	(.L12-.L13)/2
 355              		.p2align 1
 356              	.L18:
1079:Core/Src/main.c **** 				HAL_DMA_Start_IT(&hdma_tim2_ch1, (uint32_t)Sin_LUT, DestAddress, NS);
 357              		.loc 1 1079 5 view .LVU74
 358 0058 0120     		movs	r0, #1
 359 005a FFF7FEFF 		bl	lcd_command
 360              	.LVL15:
1079:Core/Src/main.c **** 				HAL_DMA_Start_IT(&hdma_tim2_ch1, (uint32_t)Sin_LUT, DestAddress, NS);
 361              		.loc 1 1079 25 discriminator 1 view .LVU75
 362 005e 3348     		ldr	r0, .L22+20
 363 0060 FFF7FEFF 		bl	lcd_putstring
 364              	.LVL16:
1080:Core/Src/main.c **** 				break;
 365              		.loc 1 1080 5 view .LVU76
 366 0064 4FF48063 		mov	r3, #1024
 367 0068 314A     		ldr	r2, .L22+24
 368 006a 1268     		ldr	r2, [r2]
 369 006c 3149     		ldr	r1, .L22+28
 370 006e 2C48     		ldr	r0, .L22+8
 371 0070 FFF7FEFF 		bl	HAL_DMA_Start_IT
 372              	.LVL17:
1081:Core/Src/main.c **** 			case SAWTOOTH:
 373              		.loc 1 1081 5 view .LVU77
 374              	.L11:
1104:Core/Src/main.c **** 
 375              		.loc 1 1104 3 view .LVU78
 376 0074 294B     		ldr	r3, .L22+4
 377 0076 1A68     		ldr	r2, [r3]
 378 0078 D368     		ldr	r3, [r2, #12]
 379 007a 43F40073 		orr	r3, r3, #512
 380 007e D360     		str	r3, [r2, #12]
 381              		.loc 1 1108 1 is_stmt 0 view .LVU79
 382 0080 C9E7     		b	.L9
 383              	.L17:
1083:Core/Src/main.c **** 				HAL_DMA_Start_IT(&hdma_tim2_ch1, (uint32_t)Saw_LUT, DestAddress, NS);
 384              		.loc 1 1083 5 is_stmt 1 view .LVU80
 385 0082 0120     		movs	r0, #1
 386 0084 FFF7FEFF 		bl	lcd_command
 387              	.LVL18:
1083:Core/Src/main.c **** 				HAL_DMA_Start_IT(&hdma_tim2_ch1, (uint32_t)Saw_LUT, DestAddress, NS);
 388              		.loc 1 1083 25 discriminator 1 view .LVU81
 389 0088 2B48     		ldr	r0, .L22+32
 390 008a FFF7FEFF 		bl	lcd_putstring
 391              	.LVL19:
1084:Core/Src/main.c **** 				break;
 392              		.loc 1 1084 5 view .LVU82
 393 008e 4FF48063 		mov	r3, #1024
 394 0092 274A     		ldr	r2, .L22+24
 395 0094 1268     		ldr	r2, [r2]
 396 0096 2949     		ldr	r1, .L22+36
 397 0098 2148     		ldr	r0, .L22+8
 398 009a FFF7FEFF 		bl	HAL_DMA_Start_IT
 399              	.LVL20:
1085:Core/Src/main.c **** 			case TRIANGLE:
ARM GAS  /tmp/ccWclncs.s 			page 28


 400              		.loc 1 1085 5 view .LVU83
 401 009e E9E7     		b	.L11
 402              	.L16:
1087:Core/Src/main.c **** 				HAL_DMA_Start_IT(&hdma_tim2_ch1, (uint32_t)Triangle_LUT, DestAddress, NS);
 403              		.loc 1 1087 5 view .LVU84
 404 00a0 0120     		movs	r0, #1
 405 00a2 FFF7FEFF 		bl	lcd_command
 406              	.LVL21:
1087:Core/Src/main.c **** 				HAL_DMA_Start_IT(&hdma_tim2_ch1, (uint32_t)Triangle_LUT, DestAddress, NS);
 407              		.loc 1 1087 25 discriminator 1 view .LVU85
 408 00a6 2648     		ldr	r0, .L22+40
 409 00a8 FFF7FEFF 		bl	lcd_putstring
 410              	.LVL22:
1088:Core/Src/main.c **** 				break;
 411              		.loc 1 1088 5 view .LVU86
 412 00ac 4FF48063 		mov	r3, #1024
 413 00b0 1F4A     		ldr	r2, .L22+24
 414 00b2 1268     		ldr	r2, [r2]
 415 00b4 2349     		ldr	r1, .L22+44
 416 00b6 1A48     		ldr	r0, .L22+8
 417 00b8 FFF7FEFF 		bl	HAL_DMA_Start_IT
 418              	.LVL23:
1089:Core/Src/main.c **** 			case PIANO:
 419              		.loc 1 1089 5 view .LVU87
 420 00bc DAE7     		b	.L11
 421              	.L15:
1091:Core/Src/main.c **** 				HAL_DMA_Start_IT(&hdma_tim2_ch1, (uint32_t)Piano_LUT, DestAddress, NS);
 422              		.loc 1 1091 5 view .LVU88
 423 00be 0120     		movs	r0, #1
 424 00c0 FFF7FEFF 		bl	lcd_command
 425              	.LVL24:
1091:Core/Src/main.c **** 				HAL_DMA_Start_IT(&hdma_tim2_ch1, (uint32_t)Piano_LUT, DestAddress, NS);
 426              		.loc 1 1091 25 discriminator 1 view .LVU89
 427 00c4 2048     		ldr	r0, .L22+48
 428 00c6 FFF7FEFF 		bl	lcd_putstring
 429              	.LVL25:
1092:Core/Src/main.c **** 				break;
 430              		.loc 1 1092 5 view .LVU90
 431 00ca 4FF48063 		mov	r3, #1024
 432 00ce 184A     		ldr	r2, .L22+24
 433 00d0 1268     		ldr	r2, [r2]
 434 00d2 1E49     		ldr	r1, .L22+52
 435 00d4 1248     		ldr	r0, .L22+8
 436 00d6 FFF7FEFF 		bl	HAL_DMA_Start_IT
 437              	.LVL26:
1093:Core/Src/main.c **** 			case GUITAR:
 438              		.loc 1 1093 5 view .LVU91
 439 00da CBE7     		b	.L11
 440              	.L14:
1095:Core/Src/main.c **** 				HAL_DMA_Start_IT(&hdma_tim2_ch1, (uint32_t)Guitar_LUT, DestAddress, NS);
 441              		.loc 1 1095 5 view .LVU92
 442 00dc 0120     		movs	r0, #1
 443 00de FFF7FEFF 		bl	lcd_command
 444              	.LVL27:
1095:Core/Src/main.c **** 				HAL_DMA_Start_IT(&hdma_tim2_ch1, (uint32_t)Guitar_LUT, DestAddress, NS);
 445              		.loc 1 1095 25 discriminator 1 view .LVU93
 446 00e2 1B48     		ldr	r0, .L22+56
ARM GAS  /tmp/ccWclncs.s 			page 29


 447 00e4 FFF7FEFF 		bl	lcd_putstring
 448              	.LVL28:
1096:Core/Src/main.c **** 				break;
 449              		.loc 1 1096 5 view .LVU94
 450 00e8 4FF48063 		mov	r3, #1024
 451 00ec 104A     		ldr	r2, .L22+24
 452 00ee 1268     		ldr	r2, [r2]
 453 00f0 1849     		ldr	r1, .L22+60
 454 00f2 0B48     		ldr	r0, .L22+8
 455 00f4 FFF7FEFF 		bl	HAL_DMA_Start_IT
 456              	.LVL29:
1097:Core/Src/main.c **** 			case DRUM:
 457              		.loc 1 1097 5 view .LVU95
 458 00f8 BCE7     		b	.L11
 459              	.L12:
1099:Core/Src/main.c **** 				HAL_DMA_Start_IT(&hdma_tim2_ch1, (uint32_t)Drum_LUT, DestAddress, NS);
 460              		.loc 1 1099 5 view .LVU96
 461 00fa 0120     		movs	r0, #1
 462 00fc FFF7FEFF 		bl	lcd_command
 463              	.LVL30:
1099:Core/Src/main.c **** 				HAL_DMA_Start_IT(&hdma_tim2_ch1, (uint32_t)Drum_LUT, DestAddress, NS);
 464              		.loc 1 1099 25 discriminator 1 view .LVU97
 465 0100 1548     		ldr	r0, .L22+64
 466 0102 FFF7FEFF 		bl	lcd_putstring
 467              	.LVL31:
1100:Core/Src/main.c **** 				break;
 468              		.loc 1 1100 5 view .LVU98
 469 0106 4FF48063 		mov	r3, #1024
 470 010a 094A     		ldr	r2, .L22+24
 471 010c 1268     		ldr	r2, [r2]
 472 010e 1349     		ldr	r1, .L22+68
 473 0110 0348     		ldr	r0, .L22+8
 474 0112 FFF7FEFF 		bl	HAL_DMA_Start_IT
 475              	.LVL32:
1101:Core/Src/main.c **** 		}
 476              		.loc 1 1101 5 view .LVU99
 477 0116 ADE7     		b	.L11
 478              	.L23:
 479              		.align	2
 480              	.L22:
 481 0118 00000000 		.word	buttonLastPressed
 482 011c 00000000 		.word	htim2
 483 0120 00000000 		.word	hdma_tim2_ch1
 484 0124 00000000 		.word	currentLUT
 485 0128 ABAAAAAA 		.word	-1431655765
 486 012c 00000000 		.word	.LC0
 487 0130 00000000 		.word	DestAddress
 488 0134 00000000 		.word	Sin_LUT
 489 0138 08000000 		.word	.LC1
 490 013c 00000000 		.word	Saw_LUT
 491 0140 14000000 		.word	.LC2
 492 0144 00000000 		.word	Triangle_LUT
 493 0148 20000000 		.word	.LC3
 494 014c 00000000 		.word	Piano_LUT
 495 0150 28000000 		.word	.LC4
 496 0154 00000000 		.word	Guitar_LUT
 497 0158 30000000 		.word	.LC5
ARM GAS  /tmp/ccWclncs.s 			page 30


 498 015c 00000000 		.word	Drum_LUT
 499              		.cfi_endproc
 500              	.LFE143:
 502              		.section	.text.Error_Handler,"ax",%progbits
 503              		.align	1
 504              		.global	Error_Handler
 505              		.syntax unified
 506              		.thumb
 507              		.thumb_func
 509              	Error_Handler:
 510              	.LFB144:
1109:Core/Src/main.c **** /* USER CODE END 4 */
1110:Core/Src/main.c **** 
1111:Core/Src/main.c **** /**
1112:Core/Src/main.c ****   * @brief  This function is executed in case of error occurrence.
1113:Core/Src/main.c ****   * @retval None
1114:Core/Src/main.c ****   */
1115:Core/Src/main.c **** void Error_Handler(void)
1116:Core/Src/main.c **** {
 511              		.loc 1 1116 1 view -0
 512              		.cfi_startproc
 513              		@ Volatile: function does not return.
 514              		@ args = 0, pretend = 0, frame = 0
 515              		@ frame_needed = 0, uses_anonymous_args = 0
 516              		@ link register save eliminated.
1117:Core/Src/main.c ****   /* USER CODE BEGIN Error_Handler_Debug */
1118:Core/Src/main.c ****   /* User can add his own implementation to report the HAL error return state */
1119:Core/Src/main.c ****   __disable_irq();
 517              		.loc 1 1119 3 view .LVU101
 518              	.LBB8:
 519              	.LBI8:
 520              		.file 2 "Drivers/CMSIS/Include/cmsis_gcc.h"
   1:Drivers/CMSIS/Include/cmsis_gcc.h **** /**************************************************************************//**
   2:Drivers/CMSIS/Include/cmsis_gcc.h ****  * @file     cmsis_gcc.h
   3:Drivers/CMSIS/Include/cmsis_gcc.h ****  * @brief    CMSIS compiler GCC header file
   4:Drivers/CMSIS/Include/cmsis_gcc.h ****  * @version  V5.4.1
   5:Drivers/CMSIS/Include/cmsis_gcc.h ****  * @date     27. May 2021
   6:Drivers/CMSIS/Include/cmsis_gcc.h ****  ******************************************************************************/
   7:Drivers/CMSIS/Include/cmsis_gcc.h **** /*
   8:Drivers/CMSIS/Include/cmsis_gcc.h ****  * Copyright (c) 2009-2021 Arm Limited. All rights reserved.
   9:Drivers/CMSIS/Include/cmsis_gcc.h ****  *
  10:Drivers/CMSIS/Include/cmsis_gcc.h ****  * SPDX-License-Identifier: Apache-2.0
  11:Drivers/CMSIS/Include/cmsis_gcc.h ****  *
  12:Drivers/CMSIS/Include/cmsis_gcc.h ****  * Licensed under the Apache License, Version 2.0 (the License); you may
  13:Drivers/CMSIS/Include/cmsis_gcc.h ****  * not use this file except in compliance with the License.
  14:Drivers/CMSIS/Include/cmsis_gcc.h ****  * You may obtain a copy of the License at
  15:Drivers/CMSIS/Include/cmsis_gcc.h ****  *
  16:Drivers/CMSIS/Include/cmsis_gcc.h ****  * www.apache.org/licenses/LICENSE-2.0
  17:Drivers/CMSIS/Include/cmsis_gcc.h ****  *
  18:Drivers/CMSIS/Include/cmsis_gcc.h ****  * Unless required by applicable law or agreed to in writing, software
  19:Drivers/CMSIS/Include/cmsis_gcc.h ****  * distributed under the License is distributed on an AS IS BASIS, WITHOUT
  20:Drivers/CMSIS/Include/cmsis_gcc.h ****  * WARRANTIES OR CONDITIONS OF ANY KIND, either express or implied.
  21:Drivers/CMSIS/Include/cmsis_gcc.h ****  * See the License for the specific language governing permissions and
  22:Drivers/CMSIS/Include/cmsis_gcc.h ****  * limitations under the License.
  23:Drivers/CMSIS/Include/cmsis_gcc.h ****  */
  24:Drivers/CMSIS/Include/cmsis_gcc.h **** 
  25:Drivers/CMSIS/Include/cmsis_gcc.h **** #ifndef __CMSIS_GCC_H
ARM GAS  /tmp/ccWclncs.s 			page 31


  26:Drivers/CMSIS/Include/cmsis_gcc.h **** #define __CMSIS_GCC_H
  27:Drivers/CMSIS/Include/cmsis_gcc.h **** 
  28:Drivers/CMSIS/Include/cmsis_gcc.h **** /* ignore some GCC warnings */
  29:Drivers/CMSIS/Include/cmsis_gcc.h **** #pragma GCC diagnostic push
  30:Drivers/CMSIS/Include/cmsis_gcc.h **** #pragma GCC diagnostic ignored "-Wsign-conversion"
  31:Drivers/CMSIS/Include/cmsis_gcc.h **** #pragma GCC diagnostic ignored "-Wconversion"
  32:Drivers/CMSIS/Include/cmsis_gcc.h **** #pragma GCC diagnostic ignored "-Wunused-parameter"
  33:Drivers/CMSIS/Include/cmsis_gcc.h **** 
  34:Drivers/CMSIS/Include/cmsis_gcc.h **** /* Fallback for __has_builtin */
  35:Drivers/CMSIS/Include/cmsis_gcc.h **** #ifndef __has_builtin
  36:Drivers/CMSIS/Include/cmsis_gcc.h ****   #define __has_builtin(x) (0)
  37:Drivers/CMSIS/Include/cmsis_gcc.h **** #endif
  38:Drivers/CMSIS/Include/cmsis_gcc.h **** 
  39:Drivers/CMSIS/Include/cmsis_gcc.h **** /* CMSIS compiler specific defines */
  40:Drivers/CMSIS/Include/cmsis_gcc.h **** #ifndef   __ASM
  41:Drivers/CMSIS/Include/cmsis_gcc.h ****   #define __ASM                                  __asm
  42:Drivers/CMSIS/Include/cmsis_gcc.h **** #endif
  43:Drivers/CMSIS/Include/cmsis_gcc.h **** #ifndef   __INLINE
  44:Drivers/CMSIS/Include/cmsis_gcc.h ****   #define __INLINE                               inline
  45:Drivers/CMSIS/Include/cmsis_gcc.h **** #endif
  46:Drivers/CMSIS/Include/cmsis_gcc.h **** #ifndef   __STATIC_INLINE
  47:Drivers/CMSIS/Include/cmsis_gcc.h ****   #define __STATIC_INLINE                        static inline
  48:Drivers/CMSIS/Include/cmsis_gcc.h **** #endif
  49:Drivers/CMSIS/Include/cmsis_gcc.h **** #ifndef   __STATIC_FORCEINLINE
  50:Drivers/CMSIS/Include/cmsis_gcc.h ****   #define __STATIC_FORCEINLINE                   __attribute__((always_inline)) static inline
  51:Drivers/CMSIS/Include/cmsis_gcc.h **** #endif
  52:Drivers/CMSIS/Include/cmsis_gcc.h **** #ifndef   __NO_RETURN
  53:Drivers/CMSIS/Include/cmsis_gcc.h ****   #define __NO_RETURN                            __attribute__((__noreturn__))
  54:Drivers/CMSIS/Include/cmsis_gcc.h **** #endif
  55:Drivers/CMSIS/Include/cmsis_gcc.h **** #ifndef   __USED
  56:Drivers/CMSIS/Include/cmsis_gcc.h ****   #define __USED                                 __attribute__((used))
  57:Drivers/CMSIS/Include/cmsis_gcc.h **** #endif
  58:Drivers/CMSIS/Include/cmsis_gcc.h **** #ifndef   __WEAK
  59:Drivers/CMSIS/Include/cmsis_gcc.h ****   #define __WEAK                                 __attribute__((weak))
  60:Drivers/CMSIS/Include/cmsis_gcc.h **** #endif
  61:Drivers/CMSIS/Include/cmsis_gcc.h **** #ifndef   __PACKED
  62:Drivers/CMSIS/Include/cmsis_gcc.h ****   #define __PACKED                               __attribute__((packed, aligned(1)))
  63:Drivers/CMSIS/Include/cmsis_gcc.h **** #endif
  64:Drivers/CMSIS/Include/cmsis_gcc.h **** #ifndef   __PACKED_STRUCT
  65:Drivers/CMSIS/Include/cmsis_gcc.h ****   #define __PACKED_STRUCT                        struct __attribute__((packed, aligned(1)))
  66:Drivers/CMSIS/Include/cmsis_gcc.h **** #endif
  67:Drivers/CMSIS/Include/cmsis_gcc.h **** #ifndef   __PACKED_UNION
  68:Drivers/CMSIS/Include/cmsis_gcc.h ****   #define __PACKED_UNION                         union __attribute__((packed, aligned(1)))
  69:Drivers/CMSIS/Include/cmsis_gcc.h **** #endif
  70:Drivers/CMSIS/Include/cmsis_gcc.h **** #ifndef   __UNALIGNED_UINT32        /* deprecated */
  71:Drivers/CMSIS/Include/cmsis_gcc.h ****   #pragma GCC diagnostic push
  72:Drivers/CMSIS/Include/cmsis_gcc.h ****   #pragma GCC diagnostic ignored "-Wpacked"
  73:Drivers/CMSIS/Include/cmsis_gcc.h ****   #pragma GCC diagnostic ignored "-Wattributes"
  74:Drivers/CMSIS/Include/cmsis_gcc.h ****   struct __attribute__((packed)) T_UINT32 { uint32_t v; };
  75:Drivers/CMSIS/Include/cmsis_gcc.h ****   #pragma GCC diagnostic pop
  76:Drivers/CMSIS/Include/cmsis_gcc.h ****   #define __UNALIGNED_UINT32(x)                  (((struct T_UINT32 *)(x))->v)
  77:Drivers/CMSIS/Include/cmsis_gcc.h **** #endif
  78:Drivers/CMSIS/Include/cmsis_gcc.h **** #ifndef   __UNALIGNED_UINT16_WRITE
  79:Drivers/CMSIS/Include/cmsis_gcc.h ****   #pragma GCC diagnostic push
  80:Drivers/CMSIS/Include/cmsis_gcc.h ****   #pragma GCC diagnostic ignored "-Wpacked"
  81:Drivers/CMSIS/Include/cmsis_gcc.h ****   #pragma GCC diagnostic ignored "-Wattributes"
  82:Drivers/CMSIS/Include/cmsis_gcc.h ****   __PACKED_STRUCT T_UINT16_WRITE { uint16_t v; };
ARM GAS  /tmp/ccWclncs.s 			page 32


  83:Drivers/CMSIS/Include/cmsis_gcc.h ****   #pragma GCC diagnostic pop
  84:Drivers/CMSIS/Include/cmsis_gcc.h ****   #define __UNALIGNED_UINT16_WRITE(addr, val)    (void)((((struct T_UINT16_WRITE *)(void *)(addr))-
  85:Drivers/CMSIS/Include/cmsis_gcc.h **** #endif
  86:Drivers/CMSIS/Include/cmsis_gcc.h **** #ifndef   __UNALIGNED_UINT16_READ
  87:Drivers/CMSIS/Include/cmsis_gcc.h ****   #pragma GCC diagnostic push
  88:Drivers/CMSIS/Include/cmsis_gcc.h ****   #pragma GCC diagnostic ignored "-Wpacked"
  89:Drivers/CMSIS/Include/cmsis_gcc.h ****   #pragma GCC diagnostic ignored "-Wattributes"
  90:Drivers/CMSIS/Include/cmsis_gcc.h ****   __PACKED_STRUCT T_UINT16_READ { uint16_t v; };
  91:Drivers/CMSIS/Include/cmsis_gcc.h ****   #pragma GCC diagnostic pop
  92:Drivers/CMSIS/Include/cmsis_gcc.h ****   #define __UNALIGNED_UINT16_READ(addr)          (((const struct T_UINT16_READ *)(const void *)(add
  93:Drivers/CMSIS/Include/cmsis_gcc.h **** #endif
  94:Drivers/CMSIS/Include/cmsis_gcc.h **** #ifndef   __UNALIGNED_UINT32_WRITE
  95:Drivers/CMSIS/Include/cmsis_gcc.h ****   #pragma GCC diagnostic push
  96:Drivers/CMSIS/Include/cmsis_gcc.h ****   #pragma GCC diagnostic ignored "-Wpacked"
  97:Drivers/CMSIS/Include/cmsis_gcc.h ****   #pragma GCC diagnostic ignored "-Wattributes"
  98:Drivers/CMSIS/Include/cmsis_gcc.h ****   __PACKED_STRUCT T_UINT32_WRITE { uint32_t v; };
  99:Drivers/CMSIS/Include/cmsis_gcc.h ****   #pragma GCC diagnostic pop
 100:Drivers/CMSIS/Include/cmsis_gcc.h ****   #define __UNALIGNED_UINT32_WRITE(addr, val)    (void)((((struct T_UINT32_WRITE *)(void *)(addr))-
 101:Drivers/CMSIS/Include/cmsis_gcc.h **** #endif
 102:Drivers/CMSIS/Include/cmsis_gcc.h **** #ifndef   __UNALIGNED_UINT32_READ
 103:Drivers/CMSIS/Include/cmsis_gcc.h ****   #pragma GCC diagnostic push
 104:Drivers/CMSIS/Include/cmsis_gcc.h ****   #pragma GCC diagnostic ignored "-Wpacked"
 105:Drivers/CMSIS/Include/cmsis_gcc.h ****   #pragma GCC diagnostic ignored "-Wattributes"
 106:Drivers/CMSIS/Include/cmsis_gcc.h ****   __PACKED_STRUCT T_UINT32_READ { uint32_t v; };
 107:Drivers/CMSIS/Include/cmsis_gcc.h ****   #pragma GCC diagnostic pop
 108:Drivers/CMSIS/Include/cmsis_gcc.h ****   #define __UNALIGNED_UINT32_READ(addr)          (((const struct T_UINT32_READ *)(const void *)(add
 109:Drivers/CMSIS/Include/cmsis_gcc.h **** #endif
 110:Drivers/CMSIS/Include/cmsis_gcc.h **** #ifndef   __ALIGNED
 111:Drivers/CMSIS/Include/cmsis_gcc.h ****   #define __ALIGNED(x)                           __attribute__((aligned(x)))
 112:Drivers/CMSIS/Include/cmsis_gcc.h **** #endif
 113:Drivers/CMSIS/Include/cmsis_gcc.h **** #ifndef   __RESTRICT
 114:Drivers/CMSIS/Include/cmsis_gcc.h ****   #define __RESTRICT                             __restrict
 115:Drivers/CMSIS/Include/cmsis_gcc.h **** #endif
 116:Drivers/CMSIS/Include/cmsis_gcc.h **** #ifndef   __COMPILER_BARRIER
 117:Drivers/CMSIS/Include/cmsis_gcc.h ****   #define __COMPILER_BARRIER()                   __ASM volatile("":::"memory")
 118:Drivers/CMSIS/Include/cmsis_gcc.h **** #endif
 119:Drivers/CMSIS/Include/cmsis_gcc.h **** 
 120:Drivers/CMSIS/Include/cmsis_gcc.h **** /* #########################  Startup and Lowlevel Init  ######################## */
 121:Drivers/CMSIS/Include/cmsis_gcc.h **** 
 122:Drivers/CMSIS/Include/cmsis_gcc.h **** #ifndef __PROGRAM_START
 123:Drivers/CMSIS/Include/cmsis_gcc.h **** 
 124:Drivers/CMSIS/Include/cmsis_gcc.h **** /**
 125:Drivers/CMSIS/Include/cmsis_gcc.h ****   \brief   Initializes data and bss sections
 126:Drivers/CMSIS/Include/cmsis_gcc.h ****   \details This default implementations initialized all data and additional bss
 127:Drivers/CMSIS/Include/cmsis_gcc.h ****            sections relying on .copy.table and .zero.table specified properly
 128:Drivers/CMSIS/Include/cmsis_gcc.h ****            in the used linker script.
 129:Drivers/CMSIS/Include/cmsis_gcc.h **** 
 130:Drivers/CMSIS/Include/cmsis_gcc.h ****  */
 131:Drivers/CMSIS/Include/cmsis_gcc.h **** __STATIC_FORCEINLINE __NO_RETURN void __cmsis_start(void)
 132:Drivers/CMSIS/Include/cmsis_gcc.h **** {
 133:Drivers/CMSIS/Include/cmsis_gcc.h ****   extern void _start(void) __NO_RETURN;
 134:Drivers/CMSIS/Include/cmsis_gcc.h **** 
 135:Drivers/CMSIS/Include/cmsis_gcc.h ****   typedef struct {
 136:Drivers/CMSIS/Include/cmsis_gcc.h ****     uint32_t const* src;
 137:Drivers/CMSIS/Include/cmsis_gcc.h ****     uint32_t* dest;
 138:Drivers/CMSIS/Include/cmsis_gcc.h ****     uint32_t  wlen;
 139:Drivers/CMSIS/Include/cmsis_gcc.h ****   } __copy_table_t;
ARM GAS  /tmp/ccWclncs.s 			page 33


 140:Drivers/CMSIS/Include/cmsis_gcc.h **** 
 141:Drivers/CMSIS/Include/cmsis_gcc.h ****   typedef struct {
 142:Drivers/CMSIS/Include/cmsis_gcc.h ****     uint32_t* dest;
 143:Drivers/CMSIS/Include/cmsis_gcc.h ****     uint32_t  wlen;
 144:Drivers/CMSIS/Include/cmsis_gcc.h ****   } __zero_table_t;
 145:Drivers/CMSIS/Include/cmsis_gcc.h **** 
 146:Drivers/CMSIS/Include/cmsis_gcc.h ****   extern const __copy_table_t __copy_table_start__;
 147:Drivers/CMSIS/Include/cmsis_gcc.h ****   extern const __copy_table_t __copy_table_end__;
 148:Drivers/CMSIS/Include/cmsis_gcc.h ****   extern const __zero_table_t __zero_table_start__;
 149:Drivers/CMSIS/Include/cmsis_gcc.h ****   extern const __zero_table_t __zero_table_end__;
 150:Drivers/CMSIS/Include/cmsis_gcc.h **** 
 151:Drivers/CMSIS/Include/cmsis_gcc.h ****   for (__copy_table_t const* pTable = &__copy_table_start__; pTable < &__copy_table_end__; ++pTable
 152:Drivers/CMSIS/Include/cmsis_gcc.h ****     for(uint32_t i=0u; i<pTable->wlen; ++i) {
 153:Drivers/CMSIS/Include/cmsis_gcc.h ****       pTable->dest[i] = pTable->src[i];
 154:Drivers/CMSIS/Include/cmsis_gcc.h ****     }
 155:Drivers/CMSIS/Include/cmsis_gcc.h ****   }
 156:Drivers/CMSIS/Include/cmsis_gcc.h **** 
 157:Drivers/CMSIS/Include/cmsis_gcc.h ****   for (__zero_table_t const* pTable = &__zero_table_start__; pTable < &__zero_table_end__; ++pTable
 158:Drivers/CMSIS/Include/cmsis_gcc.h ****     for(uint32_t i=0u; i<pTable->wlen; ++i) {
 159:Drivers/CMSIS/Include/cmsis_gcc.h ****       pTable->dest[i] = 0u;
 160:Drivers/CMSIS/Include/cmsis_gcc.h ****     }
 161:Drivers/CMSIS/Include/cmsis_gcc.h ****   }
 162:Drivers/CMSIS/Include/cmsis_gcc.h **** 
 163:Drivers/CMSIS/Include/cmsis_gcc.h ****   _start();
 164:Drivers/CMSIS/Include/cmsis_gcc.h **** }
 165:Drivers/CMSIS/Include/cmsis_gcc.h **** 
 166:Drivers/CMSIS/Include/cmsis_gcc.h **** #define __PROGRAM_START           __cmsis_start
 167:Drivers/CMSIS/Include/cmsis_gcc.h **** #endif
 168:Drivers/CMSIS/Include/cmsis_gcc.h **** 
 169:Drivers/CMSIS/Include/cmsis_gcc.h **** #ifndef __INITIAL_SP
 170:Drivers/CMSIS/Include/cmsis_gcc.h **** #define __INITIAL_SP              __StackTop
 171:Drivers/CMSIS/Include/cmsis_gcc.h **** #endif
 172:Drivers/CMSIS/Include/cmsis_gcc.h **** 
 173:Drivers/CMSIS/Include/cmsis_gcc.h **** #ifndef __STACK_LIMIT
 174:Drivers/CMSIS/Include/cmsis_gcc.h **** #define __STACK_LIMIT             __StackLimit
 175:Drivers/CMSIS/Include/cmsis_gcc.h **** #endif
 176:Drivers/CMSIS/Include/cmsis_gcc.h **** 
 177:Drivers/CMSIS/Include/cmsis_gcc.h **** #ifndef __VECTOR_TABLE
 178:Drivers/CMSIS/Include/cmsis_gcc.h **** #define __VECTOR_TABLE            __Vectors
 179:Drivers/CMSIS/Include/cmsis_gcc.h **** #endif
 180:Drivers/CMSIS/Include/cmsis_gcc.h **** 
 181:Drivers/CMSIS/Include/cmsis_gcc.h **** #ifndef __VECTOR_TABLE_ATTRIBUTE
 182:Drivers/CMSIS/Include/cmsis_gcc.h **** #define __VECTOR_TABLE_ATTRIBUTE  __attribute__((used, section(".vectors")))
 183:Drivers/CMSIS/Include/cmsis_gcc.h **** #endif
 184:Drivers/CMSIS/Include/cmsis_gcc.h **** 
 185:Drivers/CMSIS/Include/cmsis_gcc.h **** #if defined (__ARM_FEATURE_CMSE) && (__ARM_FEATURE_CMSE == 3U)
 186:Drivers/CMSIS/Include/cmsis_gcc.h **** #ifndef __STACK_SEAL
 187:Drivers/CMSIS/Include/cmsis_gcc.h **** #define __STACK_SEAL              __StackSeal
 188:Drivers/CMSIS/Include/cmsis_gcc.h **** #endif
 189:Drivers/CMSIS/Include/cmsis_gcc.h **** 
 190:Drivers/CMSIS/Include/cmsis_gcc.h **** #ifndef __TZ_STACK_SEAL_SIZE
 191:Drivers/CMSIS/Include/cmsis_gcc.h **** #define __TZ_STACK_SEAL_SIZE      8U
 192:Drivers/CMSIS/Include/cmsis_gcc.h **** #endif
 193:Drivers/CMSIS/Include/cmsis_gcc.h **** 
 194:Drivers/CMSIS/Include/cmsis_gcc.h **** #ifndef __TZ_STACK_SEAL_VALUE
 195:Drivers/CMSIS/Include/cmsis_gcc.h **** #define __TZ_STACK_SEAL_VALUE     0xFEF5EDA5FEF5EDA5ULL
 196:Drivers/CMSIS/Include/cmsis_gcc.h **** #endif
ARM GAS  /tmp/ccWclncs.s 			page 34


 197:Drivers/CMSIS/Include/cmsis_gcc.h **** 
 198:Drivers/CMSIS/Include/cmsis_gcc.h **** 
 199:Drivers/CMSIS/Include/cmsis_gcc.h **** __STATIC_FORCEINLINE void __TZ_set_STACKSEAL_S (uint32_t* stackTop) {
 200:Drivers/CMSIS/Include/cmsis_gcc.h ****   *((uint64_t *)stackTop) = __TZ_STACK_SEAL_VALUE;
 201:Drivers/CMSIS/Include/cmsis_gcc.h **** }
 202:Drivers/CMSIS/Include/cmsis_gcc.h **** #endif
 203:Drivers/CMSIS/Include/cmsis_gcc.h **** 
 204:Drivers/CMSIS/Include/cmsis_gcc.h **** 
 205:Drivers/CMSIS/Include/cmsis_gcc.h **** /* ##########################  Core Instruction Access  ######################### */
 206:Drivers/CMSIS/Include/cmsis_gcc.h **** /** \defgroup CMSIS_Core_InstructionInterface CMSIS Core Instruction Interface
 207:Drivers/CMSIS/Include/cmsis_gcc.h ****   Access to dedicated instructions
 208:Drivers/CMSIS/Include/cmsis_gcc.h ****   @{
 209:Drivers/CMSIS/Include/cmsis_gcc.h **** */
 210:Drivers/CMSIS/Include/cmsis_gcc.h **** 
 211:Drivers/CMSIS/Include/cmsis_gcc.h **** /* Define macros for porting to both thumb1 and thumb2.
 212:Drivers/CMSIS/Include/cmsis_gcc.h ****  * For thumb1, use low register (r0-r7), specified by constraint "l"
 213:Drivers/CMSIS/Include/cmsis_gcc.h ****  * Otherwise, use general registers, specified by constraint "r" */
 214:Drivers/CMSIS/Include/cmsis_gcc.h **** #if defined (__thumb__) && !defined (__thumb2__)
 215:Drivers/CMSIS/Include/cmsis_gcc.h **** #define __CMSIS_GCC_OUT_REG(r) "=l" (r)
 216:Drivers/CMSIS/Include/cmsis_gcc.h **** #define __CMSIS_GCC_RW_REG(r) "+l" (r)
 217:Drivers/CMSIS/Include/cmsis_gcc.h **** #define __CMSIS_GCC_USE_REG(r) "l" (r)
 218:Drivers/CMSIS/Include/cmsis_gcc.h **** #else
 219:Drivers/CMSIS/Include/cmsis_gcc.h **** #define __CMSIS_GCC_OUT_REG(r) "=r" (r)
 220:Drivers/CMSIS/Include/cmsis_gcc.h **** #define __CMSIS_GCC_RW_REG(r) "+r" (r)
 221:Drivers/CMSIS/Include/cmsis_gcc.h **** #define __CMSIS_GCC_USE_REG(r) "r" (r)
 222:Drivers/CMSIS/Include/cmsis_gcc.h **** #endif
 223:Drivers/CMSIS/Include/cmsis_gcc.h **** 
 224:Drivers/CMSIS/Include/cmsis_gcc.h **** /**
 225:Drivers/CMSIS/Include/cmsis_gcc.h ****   \brief   No Operation
 226:Drivers/CMSIS/Include/cmsis_gcc.h ****   \details No Operation does nothing. This instruction can be used for code alignment purposes.
 227:Drivers/CMSIS/Include/cmsis_gcc.h ****  */
 228:Drivers/CMSIS/Include/cmsis_gcc.h **** #define __NOP()                             __ASM volatile ("nop")
 229:Drivers/CMSIS/Include/cmsis_gcc.h **** 
 230:Drivers/CMSIS/Include/cmsis_gcc.h **** /**
 231:Drivers/CMSIS/Include/cmsis_gcc.h ****   \brief   Wait For Interrupt
 232:Drivers/CMSIS/Include/cmsis_gcc.h ****   \details Wait For Interrupt is a hint instruction that suspends execution until one of a number o
 233:Drivers/CMSIS/Include/cmsis_gcc.h ****  */
 234:Drivers/CMSIS/Include/cmsis_gcc.h **** #define __WFI()                             __ASM volatile ("wfi":::"memory")
 235:Drivers/CMSIS/Include/cmsis_gcc.h **** 
 236:Drivers/CMSIS/Include/cmsis_gcc.h **** 
 237:Drivers/CMSIS/Include/cmsis_gcc.h **** /**
 238:Drivers/CMSIS/Include/cmsis_gcc.h ****   \brief   Wait For Event
 239:Drivers/CMSIS/Include/cmsis_gcc.h ****   \details Wait For Event is a hint instruction that permits the processor to enter
 240:Drivers/CMSIS/Include/cmsis_gcc.h ****            a low-power state until one of a number of events occurs.
 241:Drivers/CMSIS/Include/cmsis_gcc.h ****  */
 242:Drivers/CMSIS/Include/cmsis_gcc.h **** #define __WFE()                             __ASM volatile ("wfe":::"memory")
 243:Drivers/CMSIS/Include/cmsis_gcc.h **** 
 244:Drivers/CMSIS/Include/cmsis_gcc.h **** 
 245:Drivers/CMSIS/Include/cmsis_gcc.h **** /**
 246:Drivers/CMSIS/Include/cmsis_gcc.h ****   \brief   Send Event
 247:Drivers/CMSIS/Include/cmsis_gcc.h ****   \details Send Event is a hint instruction. It causes an event to be signaled to the CPU.
 248:Drivers/CMSIS/Include/cmsis_gcc.h ****  */
 249:Drivers/CMSIS/Include/cmsis_gcc.h **** #define __SEV()                             __ASM volatile ("sev")
 250:Drivers/CMSIS/Include/cmsis_gcc.h **** 
 251:Drivers/CMSIS/Include/cmsis_gcc.h **** 
 252:Drivers/CMSIS/Include/cmsis_gcc.h **** /**
 253:Drivers/CMSIS/Include/cmsis_gcc.h ****   \brief   Instruction Synchronization Barrier
ARM GAS  /tmp/ccWclncs.s 			page 35


 254:Drivers/CMSIS/Include/cmsis_gcc.h ****   \details Instruction Synchronization Barrier flushes the pipeline in the processor,
 255:Drivers/CMSIS/Include/cmsis_gcc.h ****            so that all instructions following the ISB are fetched from cache or memory,
 256:Drivers/CMSIS/Include/cmsis_gcc.h ****            after the instruction has been completed.
 257:Drivers/CMSIS/Include/cmsis_gcc.h ****  */
 258:Drivers/CMSIS/Include/cmsis_gcc.h **** __STATIC_FORCEINLINE void __ISB(void)
 259:Drivers/CMSIS/Include/cmsis_gcc.h **** {
 260:Drivers/CMSIS/Include/cmsis_gcc.h ****   __ASM volatile ("isb 0xF":::"memory");
 261:Drivers/CMSIS/Include/cmsis_gcc.h **** }
 262:Drivers/CMSIS/Include/cmsis_gcc.h **** 
 263:Drivers/CMSIS/Include/cmsis_gcc.h **** 
 264:Drivers/CMSIS/Include/cmsis_gcc.h **** /**
 265:Drivers/CMSIS/Include/cmsis_gcc.h ****   \brief   Data Synchronization Barrier
 266:Drivers/CMSIS/Include/cmsis_gcc.h ****   \details Acts as a special kind of Data Memory Barrier.
 267:Drivers/CMSIS/Include/cmsis_gcc.h ****            It completes when all explicit memory accesses before this instruction complete.
 268:Drivers/CMSIS/Include/cmsis_gcc.h ****  */
 269:Drivers/CMSIS/Include/cmsis_gcc.h **** __STATIC_FORCEINLINE void __DSB(void)
 270:Drivers/CMSIS/Include/cmsis_gcc.h **** {
 271:Drivers/CMSIS/Include/cmsis_gcc.h ****   __ASM volatile ("dsb 0xF":::"memory");
 272:Drivers/CMSIS/Include/cmsis_gcc.h **** }
 273:Drivers/CMSIS/Include/cmsis_gcc.h **** 
 274:Drivers/CMSIS/Include/cmsis_gcc.h **** 
 275:Drivers/CMSIS/Include/cmsis_gcc.h **** /**
 276:Drivers/CMSIS/Include/cmsis_gcc.h ****   \brief   Data Memory Barrier
 277:Drivers/CMSIS/Include/cmsis_gcc.h ****   \details Ensures the apparent order of the explicit memory operations before
 278:Drivers/CMSIS/Include/cmsis_gcc.h ****            and after the instruction, without ensuring their completion.
 279:Drivers/CMSIS/Include/cmsis_gcc.h ****  */
 280:Drivers/CMSIS/Include/cmsis_gcc.h **** __STATIC_FORCEINLINE void __DMB(void)
 281:Drivers/CMSIS/Include/cmsis_gcc.h **** {
 282:Drivers/CMSIS/Include/cmsis_gcc.h ****   __ASM volatile ("dmb 0xF":::"memory");
 283:Drivers/CMSIS/Include/cmsis_gcc.h **** }
 284:Drivers/CMSIS/Include/cmsis_gcc.h **** 
 285:Drivers/CMSIS/Include/cmsis_gcc.h **** 
 286:Drivers/CMSIS/Include/cmsis_gcc.h **** /**
 287:Drivers/CMSIS/Include/cmsis_gcc.h ****   \brief   Reverse byte order (32 bit)
 288:Drivers/CMSIS/Include/cmsis_gcc.h ****   \details Reverses the byte order in unsigned integer value. For example, 0x12345678 becomes 0x785
 289:Drivers/CMSIS/Include/cmsis_gcc.h ****   \param [in]    value  Value to reverse
 290:Drivers/CMSIS/Include/cmsis_gcc.h ****   \return               Reversed value
 291:Drivers/CMSIS/Include/cmsis_gcc.h ****  */
 292:Drivers/CMSIS/Include/cmsis_gcc.h **** __STATIC_FORCEINLINE uint32_t __REV(uint32_t value)
 293:Drivers/CMSIS/Include/cmsis_gcc.h **** {
 294:Drivers/CMSIS/Include/cmsis_gcc.h **** #if (__GNUC__ > 4) || (__GNUC__ == 4 && __GNUC_MINOR__ >= 5)
 295:Drivers/CMSIS/Include/cmsis_gcc.h ****   return __builtin_bswap32(value);
 296:Drivers/CMSIS/Include/cmsis_gcc.h **** #else
 297:Drivers/CMSIS/Include/cmsis_gcc.h ****   uint32_t result;
 298:Drivers/CMSIS/Include/cmsis_gcc.h **** 
 299:Drivers/CMSIS/Include/cmsis_gcc.h ****   __ASM ("rev %0, %1" : __CMSIS_GCC_OUT_REG (result) : __CMSIS_GCC_USE_REG (value) );
 300:Drivers/CMSIS/Include/cmsis_gcc.h ****   return result;
 301:Drivers/CMSIS/Include/cmsis_gcc.h **** #endif
 302:Drivers/CMSIS/Include/cmsis_gcc.h **** }
 303:Drivers/CMSIS/Include/cmsis_gcc.h **** 
 304:Drivers/CMSIS/Include/cmsis_gcc.h **** 
 305:Drivers/CMSIS/Include/cmsis_gcc.h **** /**
 306:Drivers/CMSIS/Include/cmsis_gcc.h ****   \brief   Reverse byte order (16 bit)
 307:Drivers/CMSIS/Include/cmsis_gcc.h ****   \details Reverses the byte order within each halfword of a word. For example, 0x12345678 becomes 
 308:Drivers/CMSIS/Include/cmsis_gcc.h ****   \param [in]    value  Value to reverse
 309:Drivers/CMSIS/Include/cmsis_gcc.h ****   \return               Reversed value
 310:Drivers/CMSIS/Include/cmsis_gcc.h ****  */
ARM GAS  /tmp/ccWclncs.s 			page 36


 311:Drivers/CMSIS/Include/cmsis_gcc.h **** __STATIC_FORCEINLINE uint32_t __REV16(uint32_t value)
 312:Drivers/CMSIS/Include/cmsis_gcc.h **** {
 313:Drivers/CMSIS/Include/cmsis_gcc.h ****   uint32_t result;
 314:Drivers/CMSIS/Include/cmsis_gcc.h **** 
 315:Drivers/CMSIS/Include/cmsis_gcc.h ****   __ASM ("rev16 %0, %1" : __CMSIS_GCC_OUT_REG (result) : __CMSIS_GCC_USE_REG (value) );
 316:Drivers/CMSIS/Include/cmsis_gcc.h ****   return result;
 317:Drivers/CMSIS/Include/cmsis_gcc.h **** }
 318:Drivers/CMSIS/Include/cmsis_gcc.h **** 
 319:Drivers/CMSIS/Include/cmsis_gcc.h **** 
 320:Drivers/CMSIS/Include/cmsis_gcc.h **** /**
 321:Drivers/CMSIS/Include/cmsis_gcc.h ****   \brief   Reverse byte order (16 bit)
 322:Drivers/CMSIS/Include/cmsis_gcc.h ****   \details Reverses the byte order in a 16-bit value and returns the signed 16-bit result. For exam
 323:Drivers/CMSIS/Include/cmsis_gcc.h ****   \param [in]    value  Value to reverse
 324:Drivers/CMSIS/Include/cmsis_gcc.h ****   \return               Reversed value
 325:Drivers/CMSIS/Include/cmsis_gcc.h ****  */
 326:Drivers/CMSIS/Include/cmsis_gcc.h **** __STATIC_FORCEINLINE int16_t __REVSH(int16_t value)
 327:Drivers/CMSIS/Include/cmsis_gcc.h **** {
 328:Drivers/CMSIS/Include/cmsis_gcc.h **** #if (__GNUC__ > 4) || (__GNUC__ == 4 && __GNUC_MINOR__ >= 8)
 329:Drivers/CMSIS/Include/cmsis_gcc.h ****   return (int16_t)__builtin_bswap16(value);
 330:Drivers/CMSIS/Include/cmsis_gcc.h **** #else
 331:Drivers/CMSIS/Include/cmsis_gcc.h ****   int16_t result;
 332:Drivers/CMSIS/Include/cmsis_gcc.h **** 
 333:Drivers/CMSIS/Include/cmsis_gcc.h ****   __ASM ("revsh %0, %1" : __CMSIS_GCC_OUT_REG (result) : __CMSIS_GCC_USE_REG (value) );
 334:Drivers/CMSIS/Include/cmsis_gcc.h ****   return result;
 335:Drivers/CMSIS/Include/cmsis_gcc.h **** #endif
 336:Drivers/CMSIS/Include/cmsis_gcc.h **** }
 337:Drivers/CMSIS/Include/cmsis_gcc.h **** 
 338:Drivers/CMSIS/Include/cmsis_gcc.h **** 
 339:Drivers/CMSIS/Include/cmsis_gcc.h **** /**
 340:Drivers/CMSIS/Include/cmsis_gcc.h ****   \brief   Rotate Right in unsigned value (32 bit)
 341:Drivers/CMSIS/Include/cmsis_gcc.h ****   \details Rotate Right (immediate) provides the value of the contents of a register rotated by a v
 342:Drivers/CMSIS/Include/cmsis_gcc.h ****   \param [in]    op1  Value to rotate
 343:Drivers/CMSIS/Include/cmsis_gcc.h ****   \param [in]    op2  Number of Bits to rotate
 344:Drivers/CMSIS/Include/cmsis_gcc.h ****   \return               Rotated value
 345:Drivers/CMSIS/Include/cmsis_gcc.h ****  */
 346:Drivers/CMSIS/Include/cmsis_gcc.h **** __STATIC_FORCEINLINE uint32_t __ROR(uint32_t op1, uint32_t op2)
 347:Drivers/CMSIS/Include/cmsis_gcc.h **** {
 348:Drivers/CMSIS/Include/cmsis_gcc.h ****   op2 %= 32U;
 349:Drivers/CMSIS/Include/cmsis_gcc.h ****   if (op2 == 0U)
 350:Drivers/CMSIS/Include/cmsis_gcc.h ****   {
 351:Drivers/CMSIS/Include/cmsis_gcc.h ****     return op1;
 352:Drivers/CMSIS/Include/cmsis_gcc.h ****   }
 353:Drivers/CMSIS/Include/cmsis_gcc.h ****   return (op1 >> op2) | (op1 << (32U - op2));
 354:Drivers/CMSIS/Include/cmsis_gcc.h **** }
 355:Drivers/CMSIS/Include/cmsis_gcc.h **** 
 356:Drivers/CMSIS/Include/cmsis_gcc.h **** 
 357:Drivers/CMSIS/Include/cmsis_gcc.h **** /**
 358:Drivers/CMSIS/Include/cmsis_gcc.h ****   \brief   Breakpoint
 359:Drivers/CMSIS/Include/cmsis_gcc.h ****   \details Causes the processor to enter Debug state.
 360:Drivers/CMSIS/Include/cmsis_gcc.h ****            Debug tools can use this to investigate system state when the instruction at a particula
 361:Drivers/CMSIS/Include/cmsis_gcc.h ****   \param [in]    value  is ignored by the processor.
 362:Drivers/CMSIS/Include/cmsis_gcc.h ****                  If required, a debugger can use it to store additional information about the break
 363:Drivers/CMSIS/Include/cmsis_gcc.h ****  */
 364:Drivers/CMSIS/Include/cmsis_gcc.h **** #define __BKPT(value)                       __ASM volatile ("bkpt "#value)
 365:Drivers/CMSIS/Include/cmsis_gcc.h **** 
 366:Drivers/CMSIS/Include/cmsis_gcc.h **** 
 367:Drivers/CMSIS/Include/cmsis_gcc.h **** /**
ARM GAS  /tmp/ccWclncs.s 			page 37


 368:Drivers/CMSIS/Include/cmsis_gcc.h ****   \brief   Reverse bit order of value
 369:Drivers/CMSIS/Include/cmsis_gcc.h ****   \details Reverses the bit order of the given value.
 370:Drivers/CMSIS/Include/cmsis_gcc.h ****   \param [in]    value  Value to reverse
 371:Drivers/CMSIS/Include/cmsis_gcc.h ****   \return               Reversed value
 372:Drivers/CMSIS/Include/cmsis_gcc.h ****  */
 373:Drivers/CMSIS/Include/cmsis_gcc.h **** __STATIC_FORCEINLINE uint32_t __RBIT(uint32_t value)
 374:Drivers/CMSIS/Include/cmsis_gcc.h **** {
 375:Drivers/CMSIS/Include/cmsis_gcc.h ****   uint32_t result;
 376:Drivers/CMSIS/Include/cmsis_gcc.h **** 
 377:Drivers/CMSIS/Include/cmsis_gcc.h **** #if ((defined (__ARM_ARCH_7M__      ) && (__ARM_ARCH_7M__      == 1)) || \
 378:Drivers/CMSIS/Include/cmsis_gcc.h ****      (defined (__ARM_ARCH_7EM__     ) && (__ARM_ARCH_7EM__     == 1)) || \
 379:Drivers/CMSIS/Include/cmsis_gcc.h ****      (defined (__ARM_ARCH_8M_MAIN__ ) && (__ARM_ARCH_8M_MAIN__ == 1))    )
 380:Drivers/CMSIS/Include/cmsis_gcc.h ****    __ASM ("rbit %0, %1" : "=r" (result) : "r" (value) );
 381:Drivers/CMSIS/Include/cmsis_gcc.h **** #else
 382:Drivers/CMSIS/Include/cmsis_gcc.h ****   uint32_t s = (4U /*sizeof(v)*/ * 8U) - 1U; /* extra shift needed at end */
 383:Drivers/CMSIS/Include/cmsis_gcc.h **** 
 384:Drivers/CMSIS/Include/cmsis_gcc.h ****   result = value;                      /* r will be reversed bits of v; first get LSB of v */
 385:Drivers/CMSIS/Include/cmsis_gcc.h ****   for (value >>= 1U; value != 0U; value >>= 1U)
 386:Drivers/CMSIS/Include/cmsis_gcc.h ****   {
 387:Drivers/CMSIS/Include/cmsis_gcc.h ****     result <<= 1U;
 388:Drivers/CMSIS/Include/cmsis_gcc.h ****     result |= value & 1U;
 389:Drivers/CMSIS/Include/cmsis_gcc.h ****     s--;
 390:Drivers/CMSIS/Include/cmsis_gcc.h ****   }
 391:Drivers/CMSIS/Include/cmsis_gcc.h ****   result <<= s;                        /* shift when v's highest bits are zero */
 392:Drivers/CMSIS/Include/cmsis_gcc.h **** #endif
 393:Drivers/CMSIS/Include/cmsis_gcc.h ****   return result;
 394:Drivers/CMSIS/Include/cmsis_gcc.h **** }
 395:Drivers/CMSIS/Include/cmsis_gcc.h **** 
 396:Drivers/CMSIS/Include/cmsis_gcc.h **** 
 397:Drivers/CMSIS/Include/cmsis_gcc.h **** /**
 398:Drivers/CMSIS/Include/cmsis_gcc.h ****   \brief   Count leading zeros
 399:Drivers/CMSIS/Include/cmsis_gcc.h ****   \details Counts the number of leading zeros of a data value.
 400:Drivers/CMSIS/Include/cmsis_gcc.h ****   \param [in]  value  Value to count the leading zeros
 401:Drivers/CMSIS/Include/cmsis_gcc.h ****   \return             number of leading zeros in value
 402:Drivers/CMSIS/Include/cmsis_gcc.h ****  */
 403:Drivers/CMSIS/Include/cmsis_gcc.h **** __STATIC_FORCEINLINE uint8_t __CLZ(uint32_t value)
 404:Drivers/CMSIS/Include/cmsis_gcc.h **** {
 405:Drivers/CMSIS/Include/cmsis_gcc.h ****   /* Even though __builtin_clz produces a CLZ instruction on ARM, formally
 406:Drivers/CMSIS/Include/cmsis_gcc.h ****      __builtin_clz(0) is undefined behaviour, so handle this case specially.
 407:Drivers/CMSIS/Include/cmsis_gcc.h ****      This guarantees ARM-compatible results if happening to compile on a non-ARM
 408:Drivers/CMSIS/Include/cmsis_gcc.h ****      target, and ensures the compiler doesn't decide to activate any
 409:Drivers/CMSIS/Include/cmsis_gcc.h ****      optimisations using the logic "value was passed to __builtin_clz, so it
 410:Drivers/CMSIS/Include/cmsis_gcc.h ****      is non-zero".
 411:Drivers/CMSIS/Include/cmsis_gcc.h ****      ARM GCC 7.3 and possibly earlier will optimise this test away, leaving a
 412:Drivers/CMSIS/Include/cmsis_gcc.h ****      single CLZ instruction.
 413:Drivers/CMSIS/Include/cmsis_gcc.h ****    */
 414:Drivers/CMSIS/Include/cmsis_gcc.h ****   if (value == 0U)
 415:Drivers/CMSIS/Include/cmsis_gcc.h ****   {
 416:Drivers/CMSIS/Include/cmsis_gcc.h ****     return 32U;
 417:Drivers/CMSIS/Include/cmsis_gcc.h ****   }
 418:Drivers/CMSIS/Include/cmsis_gcc.h ****   return __builtin_clz(value);
 419:Drivers/CMSIS/Include/cmsis_gcc.h **** }
 420:Drivers/CMSIS/Include/cmsis_gcc.h **** 
 421:Drivers/CMSIS/Include/cmsis_gcc.h **** 
 422:Drivers/CMSIS/Include/cmsis_gcc.h **** #if ((defined (__ARM_ARCH_7M__      ) && (__ARM_ARCH_7M__      == 1)) || \
 423:Drivers/CMSIS/Include/cmsis_gcc.h ****      (defined (__ARM_ARCH_7EM__     ) && (__ARM_ARCH_7EM__     == 1)) || \
 424:Drivers/CMSIS/Include/cmsis_gcc.h ****      (defined (__ARM_ARCH_8M_MAIN__ ) && (__ARM_ARCH_8M_MAIN__ == 1)) || \
ARM GAS  /tmp/ccWclncs.s 			page 38


 425:Drivers/CMSIS/Include/cmsis_gcc.h ****      (defined (__ARM_ARCH_8M_BASE__ ) && (__ARM_ARCH_8M_BASE__ == 1))    )
 426:Drivers/CMSIS/Include/cmsis_gcc.h **** /**
 427:Drivers/CMSIS/Include/cmsis_gcc.h ****   \brief   LDR Exclusive (8 bit)
 428:Drivers/CMSIS/Include/cmsis_gcc.h ****   \details Executes a exclusive LDR instruction for 8 bit value.
 429:Drivers/CMSIS/Include/cmsis_gcc.h ****   \param [in]    ptr  Pointer to data
 430:Drivers/CMSIS/Include/cmsis_gcc.h ****   \return             value of type uint8_t at (*ptr)
 431:Drivers/CMSIS/Include/cmsis_gcc.h ****  */
 432:Drivers/CMSIS/Include/cmsis_gcc.h **** __STATIC_FORCEINLINE uint8_t __LDREXB(volatile uint8_t *addr)
 433:Drivers/CMSIS/Include/cmsis_gcc.h **** {
 434:Drivers/CMSIS/Include/cmsis_gcc.h ****     uint32_t result;
 435:Drivers/CMSIS/Include/cmsis_gcc.h **** 
 436:Drivers/CMSIS/Include/cmsis_gcc.h **** #if (__GNUC__ > 4) || (__GNUC__ == 4 && __GNUC_MINOR__ >= 8)
 437:Drivers/CMSIS/Include/cmsis_gcc.h ****    __ASM volatile ("ldrexb %0, %1" : "=r" (result) : "Q" (*addr) );
 438:Drivers/CMSIS/Include/cmsis_gcc.h **** #else
 439:Drivers/CMSIS/Include/cmsis_gcc.h ****     /* Prior to GCC 4.8, "Q" will be expanded to [rx, #0] which is not
 440:Drivers/CMSIS/Include/cmsis_gcc.h ****        accepted by assembler. So has to use following less efficient pattern.
 441:Drivers/CMSIS/Include/cmsis_gcc.h ****     */
 442:Drivers/CMSIS/Include/cmsis_gcc.h ****    __ASM volatile ("ldrexb %0, [%1]" : "=r" (result) : "r" (addr) : "memory" );
 443:Drivers/CMSIS/Include/cmsis_gcc.h **** #endif
 444:Drivers/CMSIS/Include/cmsis_gcc.h ****    return ((uint8_t) result);    /* Add explicit type cast here */
 445:Drivers/CMSIS/Include/cmsis_gcc.h **** }
 446:Drivers/CMSIS/Include/cmsis_gcc.h **** 
 447:Drivers/CMSIS/Include/cmsis_gcc.h **** 
 448:Drivers/CMSIS/Include/cmsis_gcc.h **** /**
 449:Drivers/CMSIS/Include/cmsis_gcc.h ****   \brief   LDR Exclusive (16 bit)
 450:Drivers/CMSIS/Include/cmsis_gcc.h ****   \details Executes a exclusive LDR instruction for 16 bit values.
 451:Drivers/CMSIS/Include/cmsis_gcc.h ****   \param [in]    ptr  Pointer to data
 452:Drivers/CMSIS/Include/cmsis_gcc.h ****   \return        value of type uint16_t at (*ptr)
 453:Drivers/CMSIS/Include/cmsis_gcc.h ****  */
 454:Drivers/CMSIS/Include/cmsis_gcc.h **** __STATIC_FORCEINLINE uint16_t __LDREXH(volatile uint16_t *addr)
 455:Drivers/CMSIS/Include/cmsis_gcc.h **** {
 456:Drivers/CMSIS/Include/cmsis_gcc.h ****     uint32_t result;
 457:Drivers/CMSIS/Include/cmsis_gcc.h **** 
 458:Drivers/CMSIS/Include/cmsis_gcc.h **** #if (__GNUC__ > 4) || (__GNUC__ == 4 && __GNUC_MINOR__ >= 8)
 459:Drivers/CMSIS/Include/cmsis_gcc.h ****    __ASM volatile ("ldrexh %0, %1" : "=r" (result) : "Q" (*addr) );
 460:Drivers/CMSIS/Include/cmsis_gcc.h **** #else
 461:Drivers/CMSIS/Include/cmsis_gcc.h ****     /* Prior to GCC 4.8, "Q" will be expanded to [rx, #0] which is not
 462:Drivers/CMSIS/Include/cmsis_gcc.h ****        accepted by assembler. So has to use following less efficient pattern.
 463:Drivers/CMSIS/Include/cmsis_gcc.h ****     */
 464:Drivers/CMSIS/Include/cmsis_gcc.h ****    __ASM volatile ("ldrexh %0, [%1]" : "=r" (result) : "r" (addr) : "memory" );
 465:Drivers/CMSIS/Include/cmsis_gcc.h **** #endif
 466:Drivers/CMSIS/Include/cmsis_gcc.h ****    return ((uint16_t) result);    /* Add explicit type cast here */
 467:Drivers/CMSIS/Include/cmsis_gcc.h **** }
 468:Drivers/CMSIS/Include/cmsis_gcc.h **** 
 469:Drivers/CMSIS/Include/cmsis_gcc.h **** 
 470:Drivers/CMSIS/Include/cmsis_gcc.h **** /**
 471:Drivers/CMSIS/Include/cmsis_gcc.h ****   \brief   LDR Exclusive (32 bit)
 472:Drivers/CMSIS/Include/cmsis_gcc.h ****   \details Executes a exclusive LDR instruction for 32 bit values.
 473:Drivers/CMSIS/Include/cmsis_gcc.h ****   \param [in]    ptr  Pointer to data
 474:Drivers/CMSIS/Include/cmsis_gcc.h ****   \return        value of type uint32_t at (*ptr)
 475:Drivers/CMSIS/Include/cmsis_gcc.h ****  */
 476:Drivers/CMSIS/Include/cmsis_gcc.h **** __STATIC_FORCEINLINE uint32_t __LDREXW(volatile uint32_t *addr)
 477:Drivers/CMSIS/Include/cmsis_gcc.h **** {
 478:Drivers/CMSIS/Include/cmsis_gcc.h ****     uint32_t result;
 479:Drivers/CMSIS/Include/cmsis_gcc.h **** 
 480:Drivers/CMSIS/Include/cmsis_gcc.h ****    __ASM volatile ("ldrex %0, %1" : "=r" (result) : "Q" (*addr) );
 481:Drivers/CMSIS/Include/cmsis_gcc.h ****    return(result);
ARM GAS  /tmp/ccWclncs.s 			page 39


 482:Drivers/CMSIS/Include/cmsis_gcc.h **** }
 483:Drivers/CMSIS/Include/cmsis_gcc.h **** 
 484:Drivers/CMSIS/Include/cmsis_gcc.h **** 
 485:Drivers/CMSIS/Include/cmsis_gcc.h **** /**
 486:Drivers/CMSIS/Include/cmsis_gcc.h ****   \brief   STR Exclusive (8 bit)
 487:Drivers/CMSIS/Include/cmsis_gcc.h ****   \details Executes a exclusive STR instruction for 8 bit values.
 488:Drivers/CMSIS/Include/cmsis_gcc.h ****   \param [in]  value  Value to store
 489:Drivers/CMSIS/Include/cmsis_gcc.h ****   \param [in]    ptr  Pointer to location
 490:Drivers/CMSIS/Include/cmsis_gcc.h ****   \return          0  Function succeeded
 491:Drivers/CMSIS/Include/cmsis_gcc.h ****   \return          1  Function failed
 492:Drivers/CMSIS/Include/cmsis_gcc.h ****  */
 493:Drivers/CMSIS/Include/cmsis_gcc.h **** __STATIC_FORCEINLINE uint32_t __STREXB(uint8_t value, volatile uint8_t *addr)
 494:Drivers/CMSIS/Include/cmsis_gcc.h **** {
 495:Drivers/CMSIS/Include/cmsis_gcc.h ****    uint32_t result;
 496:Drivers/CMSIS/Include/cmsis_gcc.h **** 
 497:Drivers/CMSIS/Include/cmsis_gcc.h ****    __ASM volatile ("strexb %0, %2, %1" : "=&r" (result), "=Q" (*addr) : "r" ((uint32_t)value) );
 498:Drivers/CMSIS/Include/cmsis_gcc.h ****    return(result);
 499:Drivers/CMSIS/Include/cmsis_gcc.h **** }
 500:Drivers/CMSIS/Include/cmsis_gcc.h **** 
 501:Drivers/CMSIS/Include/cmsis_gcc.h **** 
 502:Drivers/CMSIS/Include/cmsis_gcc.h **** /**
 503:Drivers/CMSIS/Include/cmsis_gcc.h ****   \brief   STR Exclusive (16 bit)
 504:Drivers/CMSIS/Include/cmsis_gcc.h ****   \details Executes a exclusive STR instruction for 16 bit values.
 505:Drivers/CMSIS/Include/cmsis_gcc.h ****   \param [in]  value  Value to store
 506:Drivers/CMSIS/Include/cmsis_gcc.h ****   \param [in]    ptr  Pointer to location
 507:Drivers/CMSIS/Include/cmsis_gcc.h ****   \return          0  Function succeeded
 508:Drivers/CMSIS/Include/cmsis_gcc.h ****   \return          1  Function failed
 509:Drivers/CMSIS/Include/cmsis_gcc.h ****  */
 510:Drivers/CMSIS/Include/cmsis_gcc.h **** __STATIC_FORCEINLINE uint32_t __STREXH(uint16_t value, volatile uint16_t *addr)
 511:Drivers/CMSIS/Include/cmsis_gcc.h **** {
 512:Drivers/CMSIS/Include/cmsis_gcc.h ****    uint32_t result;
 513:Drivers/CMSIS/Include/cmsis_gcc.h **** 
 514:Drivers/CMSIS/Include/cmsis_gcc.h ****    __ASM volatile ("strexh %0, %2, %1" : "=&r" (result), "=Q" (*addr) : "r" ((uint32_t)value) );
 515:Drivers/CMSIS/Include/cmsis_gcc.h ****    return(result);
 516:Drivers/CMSIS/Include/cmsis_gcc.h **** }
 517:Drivers/CMSIS/Include/cmsis_gcc.h **** 
 518:Drivers/CMSIS/Include/cmsis_gcc.h **** 
 519:Drivers/CMSIS/Include/cmsis_gcc.h **** /**
 520:Drivers/CMSIS/Include/cmsis_gcc.h ****   \brief   STR Exclusive (32 bit)
 521:Drivers/CMSIS/Include/cmsis_gcc.h ****   \details Executes a exclusive STR instruction for 32 bit values.
 522:Drivers/CMSIS/Include/cmsis_gcc.h ****   \param [in]  value  Value to store
 523:Drivers/CMSIS/Include/cmsis_gcc.h ****   \param [in]    ptr  Pointer to location
 524:Drivers/CMSIS/Include/cmsis_gcc.h ****   \return          0  Function succeeded
 525:Drivers/CMSIS/Include/cmsis_gcc.h ****   \return          1  Function failed
 526:Drivers/CMSIS/Include/cmsis_gcc.h ****  */
 527:Drivers/CMSIS/Include/cmsis_gcc.h **** __STATIC_FORCEINLINE uint32_t __STREXW(uint32_t value, volatile uint32_t *addr)
 528:Drivers/CMSIS/Include/cmsis_gcc.h **** {
 529:Drivers/CMSIS/Include/cmsis_gcc.h ****    uint32_t result;
 530:Drivers/CMSIS/Include/cmsis_gcc.h **** 
 531:Drivers/CMSIS/Include/cmsis_gcc.h ****    __ASM volatile ("strex %0, %2, %1" : "=&r" (result), "=Q" (*addr) : "r" (value) );
 532:Drivers/CMSIS/Include/cmsis_gcc.h ****    return(result);
 533:Drivers/CMSIS/Include/cmsis_gcc.h **** }
 534:Drivers/CMSIS/Include/cmsis_gcc.h **** 
 535:Drivers/CMSIS/Include/cmsis_gcc.h **** 
 536:Drivers/CMSIS/Include/cmsis_gcc.h **** /**
 537:Drivers/CMSIS/Include/cmsis_gcc.h ****   \brief   Remove the exclusive lock
 538:Drivers/CMSIS/Include/cmsis_gcc.h ****   \details Removes the exclusive lock which is created by LDREX.
ARM GAS  /tmp/ccWclncs.s 			page 40


 539:Drivers/CMSIS/Include/cmsis_gcc.h ****  */
 540:Drivers/CMSIS/Include/cmsis_gcc.h **** __STATIC_FORCEINLINE void __CLREX(void)
 541:Drivers/CMSIS/Include/cmsis_gcc.h **** {
 542:Drivers/CMSIS/Include/cmsis_gcc.h ****   __ASM volatile ("clrex" ::: "memory");
 543:Drivers/CMSIS/Include/cmsis_gcc.h **** }
 544:Drivers/CMSIS/Include/cmsis_gcc.h **** 
 545:Drivers/CMSIS/Include/cmsis_gcc.h **** #endif /* ((defined (__ARM_ARCH_7M__      ) && (__ARM_ARCH_7M__      == 1)) || \
 546:Drivers/CMSIS/Include/cmsis_gcc.h ****            (defined (__ARM_ARCH_7EM__     ) && (__ARM_ARCH_7EM__     == 1)) || \
 547:Drivers/CMSIS/Include/cmsis_gcc.h ****            (defined (__ARM_ARCH_8M_MAIN__ ) && (__ARM_ARCH_8M_MAIN__ == 1)) || \
 548:Drivers/CMSIS/Include/cmsis_gcc.h ****            (defined (__ARM_ARCH_8M_BASE__ ) && (__ARM_ARCH_8M_BASE__ == 1))    ) */
 549:Drivers/CMSIS/Include/cmsis_gcc.h **** 
 550:Drivers/CMSIS/Include/cmsis_gcc.h **** 
 551:Drivers/CMSIS/Include/cmsis_gcc.h **** #if ((defined (__ARM_ARCH_7M__      ) && (__ARM_ARCH_7M__      == 1)) || \
 552:Drivers/CMSIS/Include/cmsis_gcc.h ****      (defined (__ARM_ARCH_7EM__     ) && (__ARM_ARCH_7EM__     == 1)) || \
 553:Drivers/CMSIS/Include/cmsis_gcc.h ****      (defined (__ARM_ARCH_8M_MAIN__ ) && (__ARM_ARCH_8M_MAIN__ == 1))    )
 554:Drivers/CMSIS/Include/cmsis_gcc.h **** /**
 555:Drivers/CMSIS/Include/cmsis_gcc.h ****   \brief   Signed Saturate
 556:Drivers/CMSIS/Include/cmsis_gcc.h ****   \details Saturates a signed value.
 557:Drivers/CMSIS/Include/cmsis_gcc.h ****   \param [in]  ARG1  Value to be saturated
 558:Drivers/CMSIS/Include/cmsis_gcc.h ****   \param [in]  ARG2  Bit position to saturate to (1..32)
 559:Drivers/CMSIS/Include/cmsis_gcc.h ****   \return             Saturated value
 560:Drivers/CMSIS/Include/cmsis_gcc.h ****  */
 561:Drivers/CMSIS/Include/cmsis_gcc.h **** #define __SSAT(ARG1, ARG2) \
 562:Drivers/CMSIS/Include/cmsis_gcc.h **** __extension__ \
 563:Drivers/CMSIS/Include/cmsis_gcc.h **** ({                          \
 564:Drivers/CMSIS/Include/cmsis_gcc.h ****   int32_t __RES, __ARG1 = (ARG1); \
 565:Drivers/CMSIS/Include/cmsis_gcc.h ****   __ASM volatile ("ssat %0, %1, %2" : "=r" (__RES) :  "I" (ARG2), "r" (__ARG1) : "cc" ); \
 566:Drivers/CMSIS/Include/cmsis_gcc.h ****   __RES; \
 567:Drivers/CMSIS/Include/cmsis_gcc.h ****  })
 568:Drivers/CMSIS/Include/cmsis_gcc.h **** 
 569:Drivers/CMSIS/Include/cmsis_gcc.h **** 
 570:Drivers/CMSIS/Include/cmsis_gcc.h **** /**
 571:Drivers/CMSIS/Include/cmsis_gcc.h ****   \brief   Unsigned Saturate
 572:Drivers/CMSIS/Include/cmsis_gcc.h ****   \details Saturates an unsigned value.
 573:Drivers/CMSIS/Include/cmsis_gcc.h ****   \param [in]  ARG1  Value to be saturated
 574:Drivers/CMSIS/Include/cmsis_gcc.h ****   \param [in]  ARG2  Bit position to saturate to (0..31)
 575:Drivers/CMSIS/Include/cmsis_gcc.h ****   \return             Saturated value
 576:Drivers/CMSIS/Include/cmsis_gcc.h ****  */
 577:Drivers/CMSIS/Include/cmsis_gcc.h **** #define __USAT(ARG1, ARG2) \
 578:Drivers/CMSIS/Include/cmsis_gcc.h **** __extension__ \
 579:Drivers/CMSIS/Include/cmsis_gcc.h **** ({                          \
 580:Drivers/CMSIS/Include/cmsis_gcc.h ****   uint32_t __RES, __ARG1 = (ARG1); \
 581:Drivers/CMSIS/Include/cmsis_gcc.h ****   __ASM volatile ("usat %0, %1, %2" : "=r" (__RES) :  "I" (ARG2), "r" (__ARG1) : "cc" ); \
 582:Drivers/CMSIS/Include/cmsis_gcc.h ****   __RES; \
 583:Drivers/CMSIS/Include/cmsis_gcc.h ****  })
 584:Drivers/CMSIS/Include/cmsis_gcc.h **** 
 585:Drivers/CMSIS/Include/cmsis_gcc.h **** 
 586:Drivers/CMSIS/Include/cmsis_gcc.h **** /**
 587:Drivers/CMSIS/Include/cmsis_gcc.h ****   \brief   Rotate Right with Extend (32 bit)
 588:Drivers/CMSIS/Include/cmsis_gcc.h ****   \details Moves each bit of a bitstring right by one bit.
 589:Drivers/CMSIS/Include/cmsis_gcc.h ****            The carry input is shifted in at the left end of the bitstring.
 590:Drivers/CMSIS/Include/cmsis_gcc.h ****   \param [in]    value  Value to rotate
 591:Drivers/CMSIS/Include/cmsis_gcc.h ****   \return               Rotated value
 592:Drivers/CMSIS/Include/cmsis_gcc.h ****  */
 593:Drivers/CMSIS/Include/cmsis_gcc.h **** __STATIC_FORCEINLINE uint32_t __RRX(uint32_t value)
 594:Drivers/CMSIS/Include/cmsis_gcc.h **** {
 595:Drivers/CMSIS/Include/cmsis_gcc.h ****   uint32_t result;
ARM GAS  /tmp/ccWclncs.s 			page 41


 596:Drivers/CMSIS/Include/cmsis_gcc.h **** 
 597:Drivers/CMSIS/Include/cmsis_gcc.h ****   __ASM volatile ("rrx %0, %1" : __CMSIS_GCC_OUT_REG (result) : __CMSIS_GCC_USE_REG (value) );
 598:Drivers/CMSIS/Include/cmsis_gcc.h ****   return(result);
 599:Drivers/CMSIS/Include/cmsis_gcc.h **** }
 600:Drivers/CMSIS/Include/cmsis_gcc.h **** 
 601:Drivers/CMSIS/Include/cmsis_gcc.h **** 
 602:Drivers/CMSIS/Include/cmsis_gcc.h **** /**
 603:Drivers/CMSIS/Include/cmsis_gcc.h ****   \brief   LDRT Unprivileged (8 bit)
 604:Drivers/CMSIS/Include/cmsis_gcc.h ****   \details Executes a Unprivileged LDRT instruction for 8 bit value.
 605:Drivers/CMSIS/Include/cmsis_gcc.h ****   \param [in]    ptr  Pointer to data
 606:Drivers/CMSIS/Include/cmsis_gcc.h ****   \return             value of type uint8_t at (*ptr)
 607:Drivers/CMSIS/Include/cmsis_gcc.h ****  */
 608:Drivers/CMSIS/Include/cmsis_gcc.h **** __STATIC_FORCEINLINE uint8_t __LDRBT(volatile uint8_t *ptr)
 609:Drivers/CMSIS/Include/cmsis_gcc.h **** {
 610:Drivers/CMSIS/Include/cmsis_gcc.h ****     uint32_t result;
 611:Drivers/CMSIS/Include/cmsis_gcc.h **** 
 612:Drivers/CMSIS/Include/cmsis_gcc.h **** #if (__GNUC__ > 4) || (__GNUC__ == 4 && __GNUC_MINOR__ >= 8)
 613:Drivers/CMSIS/Include/cmsis_gcc.h ****    __ASM volatile ("ldrbt %0, %1" : "=r" (result) : "Q" (*ptr) );
 614:Drivers/CMSIS/Include/cmsis_gcc.h **** #else
 615:Drivers/CMSIS/Include/cmsis_gcc.h ****     /* Prior to GCC 4.8, "Q" will be expanded to [rx, #0] which is not
 616:Drivers/CMSIS/Include/cmsis_gcc.h ****        accepted by assembler. So has to use following less efficient pattern.
 617:Drivers/CMSIS/Include/cmsis_gcc.h ****     */
 618:Drivers/CMSIS/Include/cmsis_gcc.h ****    __ASM volatile ("ldrbt %0, [%1]" : "=r" (result) : "r" (ptr) : "memory" );
 619:Drivers/CMSIS/Include/cmsis_gcc.h **** #endif
 620:Drivers/CMSIS/Include/cmsis_gcc.h ****    return ((uint8_t) result);    /* Add explicit type cast here */
 621:Drivers/CMSIS/Include/cmsis_gcc.h **** }
 622:Drivers/CMSIS/Include/cmsis_gcc.h **** 
 623:Drivers/CMSIS/Include/cmsis_gcc.h **** 
 624:Drivers/CMSIS/Include/cmsis_gcc.h **** /**
 625:Drivers/CMSIS/Include/cmsis_gcc.h ****   \brief   LDRT Unprivileged (16 bit)
 626:Drivers/CMSIS/Include/cmsis_gcc.h ****   \details Executes a Unprivileged LDRT instruction for 16 bit values.
 627:Drivers/CMSIS/Include/cmsis_gcc.h ****   \param [in]    ptr  Pointer to data
 628:Drivers/CMSIS/Include/cmsis_gcc.h ****   \return        value of type uint16_t at (*ptr)
 629:Drivers/CMSIS/Include/cmsis_gcc.h ****  */
 630:Drivers/CMSIS/Include/cmsis_gcc.h **** __STATIC_FORCEINLINE uint16_t __LDRHT(volatile uint16_t *ptr)
 631:Drivers/CMSIS/Include/cmsis_gcc.h **** {
 632:Drivers/CMSIS/Include/cmsis_gcc.h ****     uint32_t result;
 633:Drivers/CMSIS/Include/cmsis_gcc.h **** 
 634:Drivers/CMSIS/Include/cmsis_gcc.h **** #if (__GNUC__ > 4) || (__GNUC__ == 4 && __GNUC_MINOR__ >= 8)
 635:Drivers/CMSIS/Include/cmsis_gcc.h ****    __ASM volatile ("ldrht %0, %1" : "=r" (result) : "Q" (*ptr) );
 636:Drivers/CMSIS/Include/cmsis_gcc.h **** #else
 637:Drivers/CMSIS/Include/cmsis_gcc.h ****     /* Prior to GCC 4.8, "Q" will be expanded to [rx, #0] which is not
 638:Drivers/CMSIS/Include/cmsis_gcc.h ****        accepted by assembler. So has to use following less efficient pattern.
 639:Drivers/CMSIS/Include/cmsis_gcc.h ****     */
 640:Drivers/CMSIS/Include/cmsis_gcc.h ****    __ASM volatile ("ldrht %0, [%1]" : "=r" (result) : "r" (ptr) : "memory" );
 641:Drivers/CMSIS/Include/cmsis_gcc.h **** #endif
 642:Drivers/CMSIS/Include/cmsis_gcc.h ****    return ((uint16_t) result);    /* Add explicit type cast here */
 643:Drivers/CMSIS/Include/cmsis_gcc.h **** }
 644:Drivers/CMSIS/Include/cmsis_gcc.h **** 
 645:Drivers/CMSIS/Include/cmsis_gcc.h **** 
 646:Drivers/CMSIS/Include/cmsis_gcc.h **** /**
 647:Drivers/CMSIS/Include/cmsis_gcc.h ****   \brief   LDRT Unprivileged (32 bit)
 648:Drivers/CMSIS/Include/cmsis_gcc.h ****   \details Executes a Unprivileged LDRT instruction for 32 bit values.
 649:Drivers/CMSIS/Include/cmsis_gcc.h ****   \param [in]    ptr  Pointer to data
 650:Drivers/CMSIS/Include/cmsis_gcc.h ****   \return        value of type uint32_t at (*ptr)
 651:Drivers/CMSIS/Include/cmsis_gcc.h ****  */
 652:Drivers/CMSIS/Include/cmsis_gcc.h **** __STATIC_FORCEINLINE uint32_t __LDRT(volatile uint32_t *ptr)
ARM GAS  /tmp/ccWclncs.s 			page 42


 653:Drivers/CMSIS/Include/cmsis_gcc.h **** {
 654:Drivers/CMSIS/Include/cmsis_gcc.h ****     uint32_t result;
 655:Drivers/CMSIS/Include/cmsis_gcc.h **** 
 656:Drivers/CMSIS/Include/cmsis_gcc.h ****    __ASM volatile ("ldrt %0, %1" : "=r" (result) : "Q" (*ptr) );
 657:Drivers/CMSIS/Include/cmsis_gcc.h ****    return(result);
 658:Drivers/CMSIS/Include/cmsis_gcc.h **** }
 659:Drivers/CMSIS/Include/cmsis_gcc.h **** 
 660:Drivers/CMSIS/Include/cmsis_gcc.h **** 
 661:Drivers/CMSIS/Include/cmsis_gcc.h **** /**
 662:Drivers/CMSIS/Include/cmsis_gcc.h ****   \brief   STRT Unprivileged (8 bit)
 663:Drivers/CMSIS/Include/cmsis_gcc.h ****   \details Executes a Unprivileged STRT instruction for 8 bit values.
 664:Drivers/CMSIS/Include/cmsis_gcc.h ****   \param [in]  value  Value to store
 665:Drivers/CMSIS/Include/cmsis_gcc.h ****   \param [in]    ptr  Pointer to location
 666:Drivers/CMSIS/Include/cmsis_gcc.h ****  */
 667:Drivers/CMSIS/Include/cmsis_gcc.h **** __STATIC_FORCEINLINE void __STRBT(uint8_t value, volatile uint8_t *ptr)
 668:Drivers/CMSIS/Include/cmsis_gcc.h **** {
 669:Drivers/CMSIS/Include/cmsis_gcc.h ****    __ASM volatile ("strbt %1, %0" : "=Q" (*ptr) : "r" ((uint32_t)value) );
 670:Drivers/CMSIS/Include/cmsis_gcc.h **** }
 671:Drivers/CMSIS/Include/cmsis_gcc.h **** 
 672:Drivers/CMSIS/Include/cmsis_gcc.h **** 
 673:Drivers/CMSIS/Include/cmsis_gcc.h **** /**
 674:Drivers/CMSIS/Include/cmsis_gcc.h ****   \brief   STRT Unprivileged (16 bit)
 675:Drivers/CMSIS/Include/cmsis_gcc.h ****   \details Executes a Unprivileged STRT instruction for 16 bit values.
 676:Drivers/CMSIS/Include/cmsis_gcc.h ****   \param [in]  value  Value to store
 677:Drivers/CMSIS/Include/cmsis_gcc.h ****   \param [in]    ptr  Pointer to location
 678:Drivers/CMSIS/Include/cmsis_gcc.h ****  */
 679:Drivers/CMSIS/Include/cmsis_gcc.h **** __STATIC_FORCEINLINE void __STRHT(uint16_t value, volatile uint16_t *ptr)
 680:Drivers/CMSIS/Include/cmsis_gcc.h **** {
 681:Drivers/CMSIS/Include/cmsis_gcc.h ****    __ASM volatile ("strht %1, %0" : "=Q" (*ptr) : "r" ((uint32_t)value) );
 682:Drivers/CMSIS/Include/cmsis_gcc.h **** }
 683:Drivers/CMSIS/Include/cmsis_gcc.h **** 
 684:Drivers/CMSIS/Include/cmsis_gcc.h **** 
 685:Drivers/CMSIS/Include/cmsis_gcc.h **** /**
 686:Drivers/CMSIS/Include/cmsis_gcc.h ****   \brief   STRT Unprivileged (32 bit)
 687:Drivers/CMSIS/Include/cmsis_gcc.h ****   \details Executes a Unprivileged STRT instruction for 32 bit values.
 688:Drivers/CMSIS/Include/cmsis_gcc.h ****   \param [in]  value  Value to store
 689:Drivers/CMSIS/Include/cmsis_gcc.h ****   \param [in]    ptr  Pointer to location
 690:Drivers/CMSIS/Include/cmsis_gcc.h ****  */
 691:Drivers/CMSIS/Include/cmsis_gcc.h **** __STATIC_FORCEINLINE void __STRT(uint32_t value, volatile uint32_t *ptr)
 692:Drivers/CMSIS/Include/cmsis_gcc.h **** {
 693:Drivers/CMSIS/Include/cmsis_gcc.h ****    __ASM volatile ("strt %1, %0" : "=Q" (*ptr) : "r" (value) );
 694:Drivers/CMSIS/Include/cmsis_gcc.h **** }
 695:Drivers/CMSIS/Include/cmsis_gcc.h **** 
 696:Drivers/CMSIS/Include/cmsis_gcc.h **** #else  /* ((defined (__ARM_ARCH_7M__      ) && (__ARM_ARCH_7M__      == 1)) || \
 697:Drivers/CMSIS/Include/cmsis_gcc.h ****            (defined (__ARM_ARCH_7EM__     ) && (__ARM_ARCH_7EM__     == 1)) || \
 698:Drivers/CMSIS/Include/cmsis_gcc.h ****            (defined (__ARM_ARCH_8M_MAIN__ ) && (__ARM_ARCH_8M_MAIN__ == 1))    ) */
 699:Drivers/CMSIS/Include/cmsis_gcc.h **** 
 700:Drivers/CMSIS/Include/cmsis_gcc.h **** /**
 701:Drivers/CMSIS/Include/cmsis_gcc.h ****   \brief   Signed Saturate
 702:Drivers/CMSIS/Include/cmsis_gcc.h ****   \details Saturates a signed value.
 703:Drivers/CMSIS/Include/cmsis_gcc.h ****   \param [in]  value  Value to be saturated
 704:Drivers/CMSIS/Include/cmsis_gcc.h ****   \param [in]    sat  Bit position to saturate to (1..32)
 705:Drivers/CMSIS/Include/cmsis_gcc.h ****   \return             Saturated value
 706:Drivers/CMSIS/Include/cmsis_gcc.h ****  */
 707:Drivers/CMSIS/Include/cmsis_gcc.h **** __STATIC_FORCEINLINE int32_t __SSAT(int32_t val, uint32_t sat)
 708:Drivers/CMSIS/Include/cmsis_gcc.h **** {
 709:Drivers/CMSIS/Include/cmsis_gcc.h ****   if ((sat >= 1U) && (sat <= 32U))
ARM GAS  /tmp/ccWclncs.s 			page 43


 710:Drivers/CMSIS/Include/cmsis_gcc.h ****   {
 711:Drivers/CMSIS/Include/cmsis_gcc.h ****     const int32_t max = (int32_t)((1U << (sat - 1U)) - 1U);
 712:Drivers/CMSIS/Include/cmsis_gcc.h ****     const int32_t min = -1 - max ;
 713:Drivers/CMSIS/Include/cmsis_gcc.h ****     if (val > max)
 714:Drivers/CMSIS/Include/cmsis_gcc.h ****     {
 715:Drivers/CMSIS/Include/cmsis_gcc.h ****       return max;
 716:Drivers/CMSIS/Include/cmsis_gcc.h ****     }
 717:Drivers/CMSIS/Include/cmsis_gcc.h ****     else if (val < min)
 718:Drivers/CMSIS/Include/cmsis_gcc.h ****     {
 719:Drivers/CMSIS/Include/cmsis_gcc.h ****       return min;
 720:Drivers/CMSIS/Include/cmsis_gcc.h ****     }
 721:Drivers/CMSIS/Include/cmsis_gcc.h ****   }
 722:Drivers/CMSIS/Include/cmsis_gcc.h ****   return val;
 723:Drivers/CMSIS/Include/cmsis_gcc.h **** }
 724:Drivers/CMSIS/Include/cmsis_gcc.h **** 
 725:Drivers/CMSIS/Include/cmsis_gcc.h **** /**
 726:Drivers/CMSIS/Include/cmsis_gcc.h ****   \brief   Unsigned Saturate
 727:Drivers/CMSIS/Include/cmsis_gcc.h ****   \details Saturates an unsigned value.
 728:Drivers/CMSIS/Include/cmsis_gcc.h ****   \param [in]  value  Value to be saturated
 729:Drivers/CMSIS/Include/cmsis_gcc.h ****   \param [in]    sat  Bit position to saturate to (0..31)
 730:Drivers/CMSIS/Include/cmsis_gcc.h ****   \return             Saturated value
 731:Drivers/CMSIS/Include/cmsis_gcc.h ****  */
 732:Drivers/CMSIS/Include/cmsis_gcc.h **** __STATIC_FORCEINLINE uint32_t __USAT(int32_t val, uint32_t sat)
 733:Drivers/CMSIS/Include/cmsis_gcc.h **** {
 734:Drivers/CMSIS/Include/cmsis_gcc.h ****   if (sat <= 31U)
 735:Drivers/CMSIS/Include/cmsis_gcc.h ****   {
 736:Drivers/CMSIS/Include/cmsis_gcc.h ****     const uint32_t max = ((1U << sat) - 1U);
 737:Drivers/CMSIS/Include/cmsis_gcc.h ****     if (val > (int32_t)max)
 738:Drivers/CMSIS/Include/cmsis_gcc.h ****     {
 739:Drivers/CMSIS/Include/cmsis_gcc.h ****       return max;
 740:Drivers/CMSIS/Include/cmsis_gcc.h ****     }
 741:Drivers/CMSIS/Include/cmsis_gcc.h ****     else if (val < 0)
 742:Drivers/CMSIS/Include/cmsis_gcc.h ****     {
 743:Drivers/CMSIS/Include/cmsis_gcc.h ****       return 0U;
 744:Drivers/CMSIS/Include/cmsis_gcc.h ****     }
 745:Drivers/CMSIS/Include/cmsis_gcc.h ****   }
 746:Drivers/CMSIS/Include/cmsis_gcc.h ****   return (uint32_t)val;
 747:Drivers/CMSIS/Include/cmsis_gcc.h **** }
 748:Drivers/CMSIS/Include/cmsis_gcc.h **** 
 749:Drivers/CMSIS/Include/cmsis_gcc.h **** #endif /* ((defined (__ARM_ARCH_7M__      ) && (__ARM_ARCH_7M__      == 1)) || \
 750:Drivers/CMSIS/Include/cmsis_gcc.h ****            (defined (__ARM_ARCH_7EM__     ) && (__ARM_ARCH_7EM__     == 1)) || \
 751:Drivers/CMSIS/Include/cmsis_gcc.h ****            (defined (__ARM_ARCH_8M_MAIN__ ) && (__ARM_ARCH_8M_MAIN__ == 1))    ) */
 752:Drivers/CMSIS/Include/cmsis_gcc.h **** 
 753:Drivers/CMSIS/Include/cmsis_gcc.h **** 
 754:Drivers/CMSIS/Include/cmsis_gcc.h **** #if ((defined (__ARM_ARCH_8M_MAIN__ ) && (__ARM_ARCH_8M_MAIN__ == 1)) || \
 755:Drivers/CMSIS/Include/cmsis_gcc.h ****      (defined (__ARM_ARCH_8M_BASE__ ) && (__ARM_ARCH_8M_BASE__ == 1))    )
 756:Drivers/CMSIS/Include/cmsis_gcc.h **** /**
 757:Drivers/CMSIS/Include/cmsis_gcc.h ****   \brief   Load-Acquire (8 bit)
 758:Drivers/CMSIS/Include/cmsis_gcc.h ****   \details Executes a LDAB instruction for 8 bit value.
 759:Drivers/CMSIS/Include/cmsis_gcc.h ****   \param [in]    ptr  Pointer to data
 760:Drivers/CMSIS/Include/cmsis_gcc.h ****   \return             value of type uint8_t at (*ptr)
 761:Drivers/CMSIS/Include/cmsis_gcc.h ****  */
 762:Drivers/CMSIS/Include/cmsis_gcc.h **** __STATIC_FORCEINLINE uint8_t __LDAB(volatile uint8_t *ptr)
 763:Drivers/CMSIS/Include/cmsis_gcc.h **** {
 764:Drivers/CMSIS/Include/cmsis_gcc.h ****     uint32_t result;
 765:Drivers/CMSIS/Include/cmsis_gcc.h **** 
 766:Drivers/CMSIS/Include/cmsis_gcc.h ****    __ASM volatile ("ldab %0, %1" : "=r" (result) : "Q" (*ptr) : "memory" );
ARM GAS  /tmp/ccWclncs.s 			page 44


 767:Drivers/CMSIS/Include/cmsis_gcc.h ****    return ((uint8_t) result);
 768:Drivers/CMSIS/Include/cmsis_gcc.h **** }
 769:Drivers/CMSIS/Include/cmsis_gcc.h **** 
 770:Drivers/CMSIS/Include/cmsis_gcc.h **** 
 771:Drivers/CMSIS/Include/cmsis_gcc.h **** /**
 772:Drivers/CMSIS/Include/cmsis_gcc.h ****   \brief   Load-Acquire (16 bit)
 773:Drivers/CMSIS/Include/cmsis_gcc.h ****   \details Executes a LDAH instruction for 16 bit values.
 774:Drivers/CMSIS/Include/cmsis_gcc.h ****   \param [in]    ptr  Pointer to data
 775:Drivers/CMSIS/Include/cmsis_gcc.h ****   \return        value of type uint16_t at (*ptr)
 776:Drivers/CMSIS/Include/cmsis_gcc.h ****  */
 777:Drivers/CMSIS/Include/cmsis_gcc.h **** __STATIC_FORCEINLINE uint16_t __LDAH(volatile uint16_t *ptr)
 778:Drivers/CMSIS/Include/cmsis_gcc.h **** {
 779:Drivers/CMSIS/Include/cmsis_gcc.h ****     uint32_t result;
 780:Drivers/CMSIS/Include/cmsis_gcc.h **** 
 781:Drivers/CMSIS/Include/cmsis_gcc.h ****    __ASM volatile ("ldah %0, %1" : "=r" (result) : "Q" (*ptr) : "memory" );
 782:Drivers/CMSIS/Include/cmsis_gcc.h ****    return ((uint16_t) result);
 783:Drivers/CMSIS/Include/cmsis_gcc.h **** }
 784:Drivers/CMSIS/Include/cmsis_gcc.h **** 
 785:Drivers/CMSIS/Include/cmsis_gcc.h **** 
 786:Drivers/CMSIS/Include/cmsis_gcc.h **** /**
 787:Drivers/CMSIS/Include/cmsis_gcc.h ****   \brief   Load-Acquire (32 bit)
 788:Drivers/CMSIS/Include/cmsis_gcc.h ****   \details Executes a LDA instruction for 32 bit values.
 789:Drivers/CMSIS/Include/cmsis_gcc.h ****   \param [in]    ptr  Pointer to data
 790:Drivers/CMSIS/Include/cmsis_gcc.h ****   \return        value of type uint32_t at (*ptr)
 791:Drivers/CMSIS/Include/cmsis_gcc.h ****  */
 792:Drivers/CMSIS/Include/cmsis_gcc.h **** __STATIC_FORCEINLINE uint32_t __LDA(volatile uint32_t *ptr)
 793:Drivers/CMSIS/Include/cmsis_gcc.h **** {
 794:Drivers/CMSIS/Include/cmsis_gcc.h ****     uint32_t result;
 795:Drivers/CMSIS/Include/cmsis_gcc.h **** 
 796:Drivers/CMSIS/Include/cmsis_gcc.h ****    __ASM volatile ("lda %0, %1" : "=r" (result) : "Q" (*ptr) : "memory" );
 797:Drivers/CMSIS/Include/cmsis_gcc.h ****    return(result);
 798:Drivers/CMSIS/Include/cmsis_gcc.h **** }
 799:Drivers/CMSIS/Include/cmsis_gcc.h **** 
 800:Drivers/CMSIS/Include/cmsis_gcc.h **** 
 801:Drivers/CMSIS/Include/cmsis_gcc.h **** /**
 802:Drivers/CMSIS/Include/cmsis_gcc.h ****   \brief   Store-Release (8 bit)
 803:Drivers/CMSIS/Include/cmsis_gcc.h ****   \details Executes a STLB instruction for 8 bit values.
 804:Drivers/CMSIS/Include/cmsis_gcc.h ****   \param [in]  value  Value to store
 805:Drivers/CMSIS/Include/cmsis_gcc.h ****   \param [in]    ptr  Pointer to location
 806:Drivers/CMSIS/Include/cmsis_gcc.h ****  */
 807:Drivers/CMSIS/Include/cmsis_gcc.h **** __STATIC_FORCEINLINE void __STLB(uint8_t value, volatile uint8_t *ptr)
 808:Drivers/CMSIS/Include/cmsis_gcc.h **** {
 809:Drivers/CMSIS/Include/cmsis_gcc.h ****    __ASM volatile ("stlb %1, %0" : "=Q" (*ptr) : "r" ((uint32_t)value) : "memory" );
 810:Drivers/CMSIS/Include/cmsis_gcc.h **** }
 811:Drivers/CMSIS/Include/cmsis_gcc.h **** 
 812:Drivers/CMSIS/Include/cmsis_gcc.h **** 
 813:Drivers/CMSIS/Include/cmsis_gcc.h **** /**
 814:Drivers/CMSIS/Include/cmsis_gcc.h ****   \brief   Store-Release (16 bit)
 815:Drivers/CMSIS/Include/cmsis_gcc.h ****   \details Executes a STLH instruction for 16 bit values.
 816:Drivers/CMSIS/Include/cmsis_gcc.h ****   \param [in]  value  Value to store
 817:Drivers/CMSIS/Include/cmsis_gcc.h ****   \param [in]    ptr  Pointer to location
 818:Drivers/CMSIS/Include/cmsis_gcc.h ****  */
 819:Drivers/CMSIS/Include/cmsis_gcc.h **** __STATIC_FORCEINLINE void __STLH(uint16_t value, volatile uint16_t *ptr)
 820:Drivers/CMSIS/Include/cmsis_gcc.h **** {
 821:Drivers/CMSIS/Include/cmsis_gcc.h ****    __ASM volatile ("stlh %1, %0" : "=Q" (*ptr) : "r" ((uint32_t)value) : "memory" );
 822:Drivers/CMSIS/Include/cmsis_gcc.h **** }
 823:Drivers/CMSIS/Include/cmsis_gcc.h **** 
ARM GAS  /tmp/ccWclncs.s 			page 45


 824:Drivers/CMSIS/Include/cmsis_gcc.h **** 
 825:Drivers/CMSIS/Include/cmsis_gcc.h **** /**
 826:Drivers/CMSIS/Include/cmsis_gcc.h ****   \brief   Store-Release (32 bit)
 827:Drivers/CMSIS/Include/cmsis_gcc.h ****   \details Executes a STL instruction for 32 bit values.
 828:Drivers/CMSIS/Include/cmsis_gcc.h ****   \param [in]  value  Value to store
 829:Drivers/CMSIS/Include/cmsis_gcc.h ****   \param [in]    ptr  Pointer to location
 830:Drivers/CMSIS/Include/cmsis_gcc.h ****  */
 831:Drivers/CMSIS/Include/cmsis_gcc.h **** __STATIC_FORCEINLINE void __STL(uint32_t value, volatile uint32_t *ptr)
 832:Drivers/CMSIS/Include/cmsis_gcc.h **** {
 833:Drivers/CMSIS/Include/cmsis_gcc.h ****    __ASM volatile ("stl %1, %0" : "=Q" (*ptr) : "r" ((uint32_t)value) : "memory" );
 834:Drivers/CMSIS/Include/cmsis_gcc.h **** }
 835:Drivers/CMSIS/Include/cmsis_gcc.h **** 
 836:Drivers/CMSIS/Include/cmsis_gcc.h **** 
 837:Drivers/CMSIS/Include/cmsis_gcc.h **** /**
 838:Drivers/CMSIS/Include/cmsis_gcc.h ****   \brief   Load-Acquire Exclusive (8 bit)
 839:Drivers/CMSIS/Include/cmsis_gcc.h ****   \details Executes a LDAB exclusive instruction for 8 bit value.
 840:Drivers/CMSIS/Include/cmsis_gcc.h ****   \param [in]    ptr  Pointer to data
 841:Drivers/CMSIS/Include/cmsis_gcc.h ****   \return             value of type uint8_t at (*ptr)
 842:Drivers/CMSIS/Include/cmsis_gcc.h ****  */
 843:Drivers/CMSIS/Include/cmsis_gcc.h **** __STATIC_FORCEINLINE uint8_t __LDAEXB(volatile uint8_t *ptr)
 844:Drivers/CMSIS/Include/cmsis_gcc.h **** {
 845:Drivers/CMSIS/Include/cmsis_gcc.h ****     uint32_t result;
 846:Drivers/CMSIS/Include/cmsis_gcc.h **** 
 847:Drivers/CMSIS/Include/cmsis_gcc.h ****    __ASM volatile ("ldaexb %0, %1" : "=r" (result) : "Q" (*ptr) : "memory" );
 848:Drivers/CMSIS/Include/cmsis_gcc.h ****    return ((uint8_t) result);
 849:Drivers/CMSIS/Include/cmsis_gcc.h **** }
 850:Drivers/CMSIS/Include/cmsis_gcc.h **** 
 851:Drivers/CMSIS/Include/cmsis_gcc.h **** 
 852:Drivers/CMSIS/Include/cmsis_gcc.h **** /**
 853:Drivers/CMSIS/Include/cmsis_gcc.h ****   \brief   Load-Acquire Exclusive (16 bit)
 854:Drivers/CMSIS/Include/cmsis_gcc.h ****   \details Executes a LDAH exclusive instruction for 16 bit values.
 855:Drivers/CMSIS/Include/cmsis_gcc.h ****   \param [in]    ptr  Pointer to data
 856:Drivers/CMSIS/Include/cmsis_gcc.h ****   \return        value of type uint16_t at (*ptr)
 857:Drivers/CMSIS/Include/cmsis_gcc.h ****  */
 858:Drivers/CMSIS/Include/cmsis_gcc.h **** __STATIC_FORCEINLINE uint16_t __LDAEXH(volatile uint16_t *ptr)
 859:Drivers/CMSIS/Include/cmsis_gcc.h **** {
 860:Drivers/CMSIS/Include/cmsis_gcc.h ****     uint32_t result;
 861:Drivers/CMSIS/Include/cmsis_gcc.h **** 
 862:Drivers/CMSIS/Include/cmsis_gcc.h ****    __ASM volatile ("ldaexh %0, %1" : "=r" (result) : "Q" (*ptr) : "memory" );
 863:Drivers/CMSIS/Include/cmsis_gcc.h ****    return ((uint16_t) result);
 864:Drivers/CMSIS/Include/cmsis_gcc.h **** }
 865:Drivers/CMSIS/Include/cmsis_gcc.h **** 
 866:Drivers/CMSIS/Include/cmsis_gcc.h **** 
 867:Drivers/CMSIS/Include/cmsis_gcc.h **** /**
 868:Drivers/CMSIS/Include/cmsis_gcc.h ****   \brief   Load-Acquire Exclusive (32 bit)
 869:Drivers/CMSIS/Include/cmsis_gcc.h ****   \details Executes a LDA exclusive instruction for 32 bit values.
 870:Drivers/CMSIS/Include/cmsis_gcc.h ****   \param [in]    ptr  Pointer to data
 871:Drivers/CMSIS/Include/cmsis_gcc.h ****   \return        value of type uint32_t at (*ptr)
 872:Drivers/CMSIS/Include/cmsis_gcc.h ****  */
 873:Drivers/CMSIS/Include/cmsis_gcc.h **** __STATIC_FORCEINLINE uint32_t __LDAEX(volatile uint32_t *ptr)
 874:Drivers/CMSIS/Include/cmsis_gcc.h **** {
 875:Drivers/CMSIS/Include/cmsis_gcc.h ****     uint32_t result;
 876:Drivers/CMSIS/Include/cmsis_gcc.h **** 
 877:Drivers/CMSIS/Include/cmsis_gcc.h ****    __ASM volatile ("ldaex %0, %1" : "=r" (result) : "Q" (*ptr) : "memory" );
 878:Drivers/CMSIS/Include/cmsis_gcc.h ****    return(result);
 879:Drivers/CMSIS/Include/cmsis_gcc.h **** }
 880:Drivers/CMSIS/Include/cmsis_gcc.h **** 
ARM GAS  /tmp/ccWclncs.s 			page 46


 881:Drivers/CMSIS/Include/cmsis_gcc.h **** 
 882:Drivers/CMSIS/Include/cmsis_gcc.h **** /**
 883:Drivers/CMSIS/Include/cmsis_gcc.h ****   \brief   Store-Release Exclusive (8 bit)
 884:Drivers/CMSIS/Include/cmsis_gcc.h ****   \details Executes a STLB exclusive instruction for 8 bit values.
 885:Drivers/CMSIS/Include/cmsis_gcc.h ****   \param [in]  value  Value to store
 886:Drivers/CMSIS/Include/cmsis_gcc.h ****   \param [in]    ptr  Pointer to location
 887:Drivers/CMSIS/Include/cmsis_gcc.h ****   \return          0  Function succeeded
 888:Drivers/CMSIS/Include/cmsis_gcc.h ****   \return          1  Function failed
 889:Drivers/CMSIS/Include/cmsis_gcc.h ****  */
 890:Drivers/CMSIS/Include/cmsis_gcc.h **** __STATIC_FORCEINLINE uint32_t __STLEXB(uint8_t value, volatile uint8_t *ptr)
 891:Drivers/CMSIS/Include/cmsis_gcc.h **** {
 892:Drivers/CMSIS/Include/cmsis_gcc.h ****    uint32_t result;
 893:Drivers/CMSIS/Include/cmsis_gcc.h **** 
 894:Drivers/CMSIS/Include/cmsis_gcc.h ****    __ASM volatile ("stlexb %0, %2, %1" : "=&r" (result), "=Q" (*ptr) : "r" ((uint32_t)value) : "mem
 895:Drivers/CMSIS/Include/cmsis_gcc.h ****    return(result);
 896:Drivers/CMSIS/Include/cmsis_gcc.h **** }
 897:Drivers/CMSIS/Include/cmsis_gcc.h **** 
 898:Drivers/CMSIS/Include/cmsis_gcc.h **** 
 899:Drivers/CMSIS/Include/cmsis_gcc.h **** /**
 900:Drivers/CMSIS/Include/cmsis_gcc.h ****   \brief   Store-Release Exclusive (16 bit)
 901:Drivers/CMSIS/Include/cmsis_gcc.h ****   \details Executes a STLH exclusive instruction for 16 bit values.
 902:Drivers/CMSIS/Include/cmsis_gcc.h ****   \param [in]  value  Value to store
 903:Drivers/CMSIS/Include/cmsis_gcc.h ****   \param [in]    ptr  Pointer to location
 904:Drivers/CMSIS/Include/cmsis_gcc.h ****   \return          0  Function succeeded
 905:Drivers/CMSIS/Include/cmsis_gcc.h ****   \return          1  Function failed
 906:Drivers/CMSIS/Include/cmsis_gcc.h ****  */
 907:Drivers/CMSIS/Include/cmsis_gcc.h **** __STATIC_FORCEINLINE uint32_t __STLEXH(uint16_t value, volatile uint16_t *ptr)
 908:Drivers/CMSIS/Include/cmsis_gcc.h **** {
 909:Drivers/CMSIS/Include/cmsis_gcc.h ****    uint32_t result;
 910:Drivers/CMSIS/Include/cmsis_gcc.h **** 
 911:Drivers/CMSIS/Include/cmsis_gcc.h ****    __ASM volatile ("stlexh %0, %2, %1" : "=&r" (result), "=Q" (*ptr) : "r" ((uint32_t)value) : "mem
 912:Drivers/CMSIS/Include/cmsis_gcc.h ****    return(result);
 913:Drivers/CMSIS/Include/cmsis_gcc.h **** }
 914:Drivers/CMSIS/Include/cmsis_gcc.h **** 
 915:Drivers/CMSIS/Include/cmsis_gcc.h **** 
 916:Drivers/CMSIS/Include/cmsis_gcc.h **** /**
 917:Drivers/CMSIS/Include/cmsis_gcc.h ****   \brief   Store-Release Exclusive (32 bit)
 918:Drivers/CMSIS/Include/cmsis_gcc.h ****   \details Executes a STL exclusive instruction for 32 bit values.
 919:Drivers/CMSIS/Include/cmsis_gcc.h ****   \param [in]  value  Value to store
 920:Drivers/CMSIS/Include/cmsis_gcc.h ****   \param [in]    ptr  Pointer to location
 921:Drivers/CMSIS/Include/cmsis_gcc.h ****   \return          0  Function succeeded
 922:Drivers/CMSIS/Include/cmsis_gcc.h ****   \return          1  Function failed
 923:Drivers/CMSIS/Include/cmsis_gcc.h ****  */
 924:Drivers/CMSIS/Include/cmsis_gcc.h **** __STATIC_FORCEINLINE uint32_t __STLEX(uint32_t value, volatile uint32_t *ptr)
 925:Drivers/CMSIS/Include/cmsis_gcc.h **** {
 926:Drivers/CMSIS/Include/cmsis_gcc.h ****    uint32_t result;
 927:Drivers/CMSIS/Include/cmsis_gcc.h **** 
 928:Drivers/CMSIS/Include/cmsis_gcc.h ****    __ASM volatile ("stlex %0, %2, %1" : "=&r" (result), "=Q" (*ptr) : "r" ((uint32_t)value) : "memo
 929:Drivers/CMSIS/Include/cmsis_gcc.h ****    return(result);
 930:Drivers/CMSIS/Include/cmsis_gcc.h **** }
 931:Drivers/CMSIS/Include/cmsis_gcc.h **** 
 932:Drivers/CMSIS/Include/cmsis_gcc.h **** #endif /* ((defined (__ARM_ARCH_8M_MAIN__ ) && (__ARM_ARCH_8M_MAIN__ == 1)) || \
 933:Drivers/CMSIS/Include/cmsis_gcc.h ****            (defined (__ARM_ARCH_8M_BASE__ ) && (__ARM_ARCH_8M_BASE__ == 1))    ) */
 934:Drivers/CMSIS/Include/cmsis_gcc.h **** 
 935:Drivers/CMSIS/Include/cmsis_gcc.h **** /*@}*/ /* end of group CMSIS_Core_InstructionInterface */
 936:Drivers/CMSIS/Include/cmsis_gcc.h **** 
 937:Drivers/CMSIS/Include/cmsis_gcc.h **** 
ARM GAS  /tmp/ccWclncs.s 			page 47


 938:Drivers/CMSIS/Include/cmsis_gcc.h **** /* ###########################  Core Function Access  ########################### */
 939:Drivers/CMSIS/Include/cmsis_gcc.h **** /** \ingroup  CMSIS_Core_FunctionInterface
 940:Drivers/CMSIS/Include/cmsis_gcc.h ****     \defgroup CMSIS_Core_RegAccFunctions CMSIS Core Register Access Functions
 941:Drivers/CMSIS/Include/cmsis_gcc.h ****   @{
 942:Drivers/CMSIS/Include/cmsis_gcc.h ****  */
 943:Drivers/CMSIS/Include/cmsis_gcc.h **** 
 944:Drivers/CMSIS/Include/cmsis_gcc.h **** /**
 945:Drivers/CMSIS/Include/cmsis_gcc.h ****   \brief   Enable IRQ Interrupts
 946:Drivers/CMSIS/Include/cmsis_gcc.h ****   \details Enables IRQ interrupts by clearing special-purpose register PRIMASK.
 947:Drivers/CMSIS/Include/cmsis_gcc.h ****            Can only be executed in Privileged modes.
 948:Drivers/CMSIS/Include/cmsis_gcc.h ****  */
 949:Drivers/CMSIS/Include/cmsis_gcc.h **** __STATIC_FORCEINLINE void __enable_irq(void)
 950:Drivers/CMSIS/Include/cmsis_gcc.h **** {
 951:Drivers/CMSIS/Include/cmsis_gcc.h ****   __ASM volatile ("cpsie i" : : : "memory");
 952:Drivers/CMSIS/Include/cmsis_gcc.h **** }
 953:Drivers/CMSIS/Include/cmsis_gcc.h **** 
 954:Drivers/CMSIS/Include/cmsis_gcc.h **** 
 955:Drivers/CMSIS/Include/cmsis_gcc.h **** /**
 956:Drivers/CMSIS/Include/cmsis_gcc.h ****   \brief   Disable IRQ Interrupts
 957:Drivers/CMSIS/Include/cmsis_gcc.h ****   \details Disables IRQ interrupts by setting special-purpose register PRIMASK.
 958:Drivers/CMSIS/Include/cmsis_gcc.h ****            Can only be executed in Privileged modes.
 959:Drivers/CMSIS/Include/cmsis_gcc.h ****  */
 960:Drivers/CMSIS/Include/cmsis_gcc.h **** __STATIC_FORCEINLINE void __disable_irq(void)
 521              		.loc 2 960 27 view .LVU102
 522              	.LBB9:
 961:Drivers/CMSIS/Include/cmsis_gcc.h **** {
 962:Drivers/CMSIS/Include/cmsis_gcc.h ****   __ASM volatile ("cpsid i" : : : "memory");
 523              		.loc 2 962 3 view .LVU103
 524              		.syntax unified
 525              	@ 962 "Drivers/CMSIS/Include/cmsis_gcc.h" 1
 526 0000 72B6     		cpsid i
 527              	@ 0 "" 2
 528              		.thumb
 529              		.syntax unified
 530              	.L25:
 531              	.LBE9:
 532              	.LBE8:
1120:Core/Src/main.c ****   while (1)
 533              		.loc 1 1120 3 view .LVU104
1121:Core/Src/main.c ****   {
1122:Core/Src/main.c ****   }
 534              		.loc 1 1122 3 view .LVU105
1120:Core/Src/main.c ****   while (1)
 535              		.loc 1 1120 9 view .LVU106
 536 0002 FEE7     		b	.L25
 537              		.cfi_endproc
 538              	.LFE144:
 540              		.section	.text.MX_TIM2_Init,"ax",%progbits
 541              		.align	1
 542              		.syntax unified
 543              		.thumb
 544              		.thumb_func
 546              	MX_TIM2_Init:
 547              	.LFB139:
 858:Core/Src/main.c **** 
 548              		.loc 1 858 1 view -0
 549              		.cfi_startproc
ARM GAS  /tmp/ccWclncs.s 			page 48


 550              		@ args = 0, pretend = 0, frame = 56
 551              		@ frame_needed = 0, uses_anonymous_args = 0
 552 0000 00B5     		push	{lr}
 553              	.LCFI7:
 554              		.cfi_def_cfa_offset 4
 555              		.cfi_offset 14, -4
 556 0002 8FB0     		sub	sp, sp, #60
 557              	.LCFI8:
 558              		.cfi_def_cfa_offset 64
 864:Core/Src/main.c ****   TIM_MasterConfigTypeDef sMasterConfig = {0};
 559              		.loc 1 864 3 view .LVU108
 864:Core/Src/main.c ****   TIM_MasterConfigTypeDef sMasterConfig = {0};
 560              		.loc 1 864 26 is_stmt 0 view .LVU109
 561 0004 0023     		movs	r3, #0
 562 0006 0A93     		str	r3, [sp, #40]
 563 0008 0B93     		str	r3, [sp, #44]
 564 000a 0C93     		str	r3, [sp, #48]
 565 000c 0D93     		str	r3, [sp, #52]
 865:Core/Src/main.c ****   TIM_OC_InitTypeDef sConfigOC = {0};
 566              		.loc 1 865 3 is_stmt 1 view .LVU110
 865:Core/Src/main.c ****   TIM_OC_InitTypeDef sConfigOC = {0};
 567              		.loc 1 865 27 is_stmt 0 view .LVU111
 568 000e 0893     		str	r3, [sp, #32]
 569 0010 0993     		str	r3, [sp, #36]
 866:Core/Src/main.c **** 
 570              		.loc 1 866 3 is_stmt 1 view .LVU112
 866:Core/Src/main.c **** 
 571              		.loc 1 866 22 is_stmt 0 view .LVU113
 572 0012 0193     		str	r3, [sp, #4]
 573 0014 0293     		str	r3, [sp, #8]
 574 0016 0393     		str	r3, [sp, #12]
 575 0018 0493     		str	r3, [sp, #16]
 576 001a 0593     		str	r3, [sp, #20]
 577 001c 0693     		str	r3, [sp, #24]
 578 001e 0793     		str	r3, [sp, #28]
 871:Core/Src/main.c ****   htim2.Init.Prescaler = 0;
 579              		.loc 1 871 3 is_stmt 1 view .LVU114
 871:Core/Src/main.c ****   htim2.Init.Prescaler = 0;
 580              		.loc 1 871 18 is_stmt 0 view .LVU115
 581 0020 3648     		ldr	r0, .L40
 582 0022 4FF08042 		mov	r2, #1073741824
 583 0026 0260     		str	r2, [r0]
 872:Core/Src/main.c ****   htim2.Init.CounterMode = TIM_COUNTERMODE_UP;
 584              		.loc 1 872 3 is_stmt 1 view .LVU116
 872:Core/Src/main.c ****   htim2.Init.CounterMode = TIM_COUNTERMODE_UP;
 585              		.loc 1 872 24 is_stmt 0 view .LVU117
 586 0028 4360     		str	r3, [r0, #4]
 873:Core/Src/main.c ****   htim2.Init.Period = TIM2_Ticks - 1;
 587              		.loc 1 873 3 is_stmt 1 view .LVU118
 873:Core/Src/main.c ****   htim2.Init.Period = TIM2_Ticks - 1;
 588              		.loc 1 873 26 is_stmt 0 view .LVU119
 589 002a 8360     		str	r3, [r0, #8]
 874:Core/Src/main.c ****   htim2.Init.ClockDivision = TIM_CLOCKDIVISION_DIV1;
 590              		.loc 1 874 3 is_stmt 1 view .LVU120
 874:Core/Src/main.c ****   htim2.Init.ClockDivision = TIM_CLOCKDIVISION_DIV1;
 591              		.loc 1 874 34 is_stmt 0 view .LVU121
 592 002c 344A     		ldr	r2, .L40+4
ARM GAS  /tmp/ccWclncs.s 			page 49


 593 002e 1268     		ldr	r2, [r2]
 594 0030 013A     		subs	r2, r2, #1
 874:Core/Src/main.c ****   htim2.Init.ClockDivision = TIM_CLOCKDIVISION_DIV1;
 595              		.loc 1 874 21 view .LVU122
 596 0032 C260     		str	r2, [r0, #12]
 875:Core/Src/main.c ****   htim2.Init.AutoReloadPreload = TIM_AUTORELOAD_PRELOAD_DISABLE;
 597              		.loc 1 875 3 is_stmt 1 view .LVU123
 875:Core/Src/main.c ****   htim2.Init.AutoReloadPreload = TIM_AUTORELOAD_PRELOAD_DISABLE;
 598              		.loc 1 875 28 is_stmt 0 view .LVU124
 599 0034 0361     		str	r3, [r0, #16]
 876:Core/Src/main.c ****   if (HAL_TIM_Base_Init(&htim2) != HAL_OK)
 600              		.loc 1 876 3 is_stmt 1 view .LVU125
 876:Core/Src/main.c ****   if (HAL_TIM_Base_Init(&htim2) != HAL_OK)
 601              		.loc 1 876 32 is_stmt 0 view .LVU126
 602 0036 8361     		str	r3, [r0, #24]
 877:Core/Src/main.c ****   {
 603              		.loc 1 877 3 is_stmt 1 view .LVU127
 877:Core/Src/main.c ****   {
 604              		.loc 1 877 7 is_stmt 0 view .LVU128
 605 0038 FFF7FEFF 		bl	HAL_TIM_Base_Init
 606              	.LVL33:
 877:Core/Src/main.c ****   {
 607              		.loc 1 877 6 discriminator 1 view .LVU129
 608 003c 0028     		cmp	r0, #0
 609 003e 50D1     		bne	.L34
 881:Core/Src/main.c ****   if (HAL_TIM_ConfigClockSource(&htim2, &sClockSourceConfig) != HAL_OK)
 610              		.loc 1 881 3 is_stmt 1 view .LVU130
 881:Core/Src/main.c ****   if (HAL_TIM_ConfigClockSource(&htim2, &sClockSourceConfig) != HAL_OK)
 611              		.loc 1 881 34 is_stmt 0 view .LVU131
 612 0040 4FF48053 		mov	r3, #4096
 613 0044 0A93     		str	r3, [sp, #40]
 882:Core/Src/main.c ****   {
 614              		.loc 1 882 3 is_stmt 1 view .LVU132
 882:Core/Src/main.c ****   {
 615              		.loc 1 882 7 is_stmt 0 view .LVU133
 616 0046 0AA9     		add	r1, sp, #40
 617 0048 2C48     		ldr	r0, .L40
 618 004a FFF7FEFF 		bl	HAL_TIM_ConfigClockSource
 619              	.LVL34:
 882:Core/Src/main.c ****   {
 620              		.loc 1 882 6 discriminator 1 view .LVU134
 621 004e 0028     		cmp	r0, #0
 622 0050 49D1     		bne	.L35
 886:Core/Src/main.c ****   {
 623              		.loc 1 886 3 is_stmt 1 view .LVU135
 886:Core/Src/main.c ****   {
 624              		.loc 1 886 7 is_stmt 0 view .LVU136
 625 0052 2A48     		ldr	r0, .L40
 626 0054 FFF7FEFF 		bl	HAL_TIM_OC_Init
 627              	.LVL35:
 886:Core/Src/main.c ****   {
 628              		.loc 1 886 6 discriminator 1 view .LVU137
 629 0058 0028     		cmp	r0, #0
 630 005a 46D1     		bne	.L36
 890:Core/Src/main.c ****   sMasterConfig.MasterSlaveMode = TIM_MASTERSLAVEMODE_DISABLE;
 631              		.loc 1 890 3 is_stmt 1 view .LVU138
 890:Core/Src/main.c ****   sMasterConfig.MasterSlaveMode = TIM_MASTERSLAVEMODE_DISABLE;
ARM GAS  /tmp/ccWclncs.s 			page 50


 632              		.loc 1 890 37 is_stmt 0 view .LVU139
 633 005c 0023     		movs	r3, #0
 634 005e 0893     		str	r3, [sp, #32]
 891:Core/Src/main.c ****   if (HAL_TIMEx_MasterConfigSynchronization(&htim2, &sMasterConfig) != HAL_OK)
 635              		.loc 1 891 3 is_stmt 1 view .LVU140
 891:Core/Src/main.c ****   if (HAL_TIMEx_MasterConfigSynchronization(&htim2, &sMasterConfig) != HAL_OK)
 636              		.loc 1 891 33 is_stmt 0 view .LVU141
 637 0060 0993     		str	r3, [sp, #36]
 892:Core/Src/main.c ****   {
 638              		.loc 1 892 3 is_stmt 1 view .LVU142
 892:Core/Src/main.c ****   {
 639              		.loc 1 892 7 is_stmt 0 view .LVU143
 640 0062 08A9     		add	r1, sp, #32
 641 0064 2548     		ldr	r0, .L40
 642 0066 FFF7FEFF 		bl	HAL_TIMEx_MasterConfigSynchronization
 643              	.LVL36:
 892:Core/Src/main.c ****   {
 644              		.loc 1 892 6 discriminator 1 view .LVU144
 645 006a 0028     		cmp	r0, #0
 646 006c 3FD1     		bne	.L37
 896:Core/Src/main.c ****   sConfigOC.Pulse = 0;
 647              		.loc 1 896 3 is_stmt 1 view .LVU145
 896:Core/Src/main.c ****   sConfigOC.Pulse = 0;
 648              		.loc 1 896 20 is_stmt 0 view .LVU146
 649 006e 0022     		movs	r2, #0
 650 0070 0192     		str	r2, [sp, #4]
 897:Core/Src/main.c ****   sConfigOC.OCPolarity = TIM_OCPOLARITY_HIGH;
 651              		.loc 1 897 3 is_stmt 1 view .LVU147
 897:Core/Src/main.c ****   sConfigOC.OCPolarity = TIM_OCPOLARITY_HIGH;
 652              		.loc 1 897 19 is_stmt 0 view .LVU148
 653 0072 0292     		str	r2, [sp, #8]
 898:Core/Src/main.c ****   sConfigOC.OCFastMode = TIM_OCFAST_DISABLE;
 654              		.loc 1 898 3 is_stmt 1 view .LVU149
 898:Core/Src/main.c ****   sConfigOC.OCFastMode = TIM_OCFAST_DISABLE;
 655              		.loc 1 898 24 is_stmt 0 view .LVU150
 656 0074 0392     		str	r2, [sp, #12]
 899:Core/Src/main.c ****   if (HAL_TIM_OC_ConfigChannel(&htim2, &sConfigOC, TIM_CHANNEL_1) != HAL_OK)
 657              		.loc 1 899 3 is_stmt 1 view .LVU151
 899:Core/Src/main.c ****   if (HAL_TIM_OC_ConfigChannel(&htim2, &sConfigOC, TIM_CHANNEL_1) != HAL_OK)
 658              		.loc 1 899 24 is_stmt 0 view .LVU152
 659 0076 0592     		str	r2, [sp, #20]
 900:Core/Src/main.c ****   {
 660              		.loc 1 900 3 is_stmt 1 view .LVU153
 900:Core/Src/main.c ****   {
 661              		.loc 1 900 7 is_stmt 0 view .LVU154
 662 0078 01A9     		add	r1, sp, #4
 663 007a 2048     		ldr	r0, .L40
 664 007c FFF7FEFF 		bl	HAL_TIM_OC_ConfigChannel
 665              	.LVL37:
 900:Core/Src/main.c ****   {
 666              		.loc 1 900 6 discriminator 1 view .LVU155
 667 0080 0028     		cmp	r0, #0
 668 0082 36D1     		bne	.L38
 906:Core/Src/main.c **** 
 669              		.loc 1 906 3 is_stmt 1 view .LVU156
 670              	.LBB10:
 906:Core/Src/main.c **** 
ARM GAS  /tmp/ccWclncs.s 			page 51


 671              		.loc 1 906 3 view .LVU157
 672 0084 0023     		movs	r3, #0
 673 0086 0093     		str	r3, [sp]
 906:Core/Src/main.c **** 
 674              		.loc 1 906 3 view .LVU158
 675 0088 1E4A     		ldr	r2, .L40+8
 676 008a 116B     		ldr	r1, [r2, #48]
 677 008c 41F40011 		orr	r1, r1, #2097152
 678 0090 1163     		str	r1, [r2, #48]
 906:Core/Src/main.c **** 
 679              		.loc 1 906 3 view .LVU159
 680 0092 126B     		ldr	r2, [r2, #48]
 681 0094 02F40012 		and	r2, r2, #2097152
 682 0098 0092     		str	r2, [sp]
 906:Core/Src/main.c **** 
 683              		.loc 1 906 3 view .LVU160
 684 009a 009A     		ldr	r2, [sp]
 685              	.LBE10:
 906:Core/Src/main.c **** 
 686              		.loc 1 906 3 view .LVU161
 908:Core/Src/main.c ****   hdma_tim2_ch1.Init.Channel = DMA_CHANNEL_3;         // TIM2_CH1 is on channel 3
 687              		.loc 1 908 3 view .LVU162
 908:Core/Src/main.c ****   hdma_tim2_ch1.Init.Channel = DMA_CHANNEL_3;         // TIM2_CH1 is on channel 3
 688              		.loc 1 908 26 is_stmt 0 view .LVU163
 689 009c 1A48     		ldr	r0, .L40+12
 690 009e 1B4A     		ldr	r2, .L40+16
 691 00a0 0260     		str	r2, [r0]
 909:Core/Src/main.c ****   hdma_tim2_ch1.Init.Direction = DMA_MEMORY_TO_PERIPH; // Memory -> TIM3->CCR3
 692              		.loc 1 909 3 is_stmt 1 view .LVU164
 909:Core/Src/main.c ****   hdma_tim2_ch1.Init.Direction = DMA_MEMORY_TO_PERIPH; // Memory -> TIM3->CCR3
 693              		.loc 1 909 30 is_stmt 0 view .LVU165
 694 00a2 4FF0C062 		mov	r2, #100663296
 695 00a6 4260     		str	r2, [r0, #4]
 910:Core/Src/main.c ****   hdma_tim2_ch1.Init.PeriphInc = DMA_PINC_DISABLE;    // Peripheral address fixed
 696              		.loc 1 910 3 is_stmt 1 view .LVU166
 910:Core/Src/main.c ****   hdma_tim2_ch1.Init.PeriphInc = DMA_PINC_DISABLE;    // Peripheral address fixed
 697              		.loc 1 910 32 is_stmt 0 view .LVU167
 698 00a8 4022     		movs	r2, #64
 699 00aa 8260     		str	r2, [r0, #8]
 911:Core/Src/main.c ****   hdma_tim2_ch1.Init.MemInc = DMA_MINC_ENABLE;        // Memory address increments
 700              		.loc 1 911 3 is_stmt 1 view .LVU168
 911:Core/Src/main.c ****   hdma_tim2_ch1.Init.MemInc = DMA_MINC_ENABLE;        // Memory address increments
 701              		.loc 1 911 32 is_stmt 0 view .LVU169
 702 00ac C360     		str	r3, [r0, #12]
 912:Core/Src/main.c ****   hdma_tim2_ch1.Init.PeriphDataAlignment = DMA_PDATAALIGN_WORD;
 703              		.loc 1 912 3 is_stmt 1 view .LVU170
 912:Core/Src/main.c ****   hdma_tim2_ch1.Init.PeriphDataAlignment = DMA_PDATAALIGN_WORD;
 704              		.loc 1 912 29 is_stmt 0 view .LVU171
 705 00ae 4FF48062 		mov	r2, #1024
 706 00b2 0261     		str	r2, [r0, #16]
 913:Core/Src/main.c ****   hdma_tim2_ch1.Init.MemDataAlignment = DMA_MDATAALIGN_WORD;
 707              		.loc 1 913 3 is_stmt 1 view .LVU172
 913:Core/Src/main.c ****   hdma_tim2_ch1.Init.MemDataAlignment = DMA_MDATAALIGN_WORD;
 708              		.loc 1 913 42 is_stmt 0 view .LVU173
 709 00b4 4FF48052 		mov	r2, #4096
 710 00b8 4261     		str	r2, [r0, #20]
 914:Core/Src/main.c ****   hdma_tim2_ch1.Init.Mode = DMA_CIRCULAR;            // Repeat LUT automatically
ARM GAS  /tmp/ccWclncs.s 			page 52


 711              		.loc 1 914 3 is_stmt 1 view .LVU174
 914:Core/Src/main.c ****   hdma_tim2_ch1.Init.Mode = DMA_CIRCULAR;            // Repeat LUT automatically
 712              		.loc 1 914 39 is_stmt 0 view .LVU175
 713 00ba 4FF48042 		mov	r2, #16384
 714 00be 8261     		str	r2, [r0, #24]
 915:Core/Src/main.c ****   hdma_tim2_ch1.Init.Priority = DMA_PRIORITY_HIGH;
 715              		.loc 1 915 3 is_stmt 1 view .LVU176
 915:Core/Src/main.c ****   hdma_tim2_ch1.Init.Priority = DMA_PRIORITY_HIGH;
 716              		.loc 1 915 27 is_stmt 0 view .LVU177
 717 00c0 4FF48072 		mov	r2, #256
 718 00c4 C261     		str	r2, [r0, #28]
 916:Core/Src/main.c ****   hdma_tim2_ch1.Init.FIFOMode = DMA_FIFOMODE_DISABLE;
 719              		.loc 1 916 3 is_stmt 1 view .LVU178
 916:Core/Src/main.c ****   hdma_tim2_ch1.Init.FIFOMode = DMA_FIFOMODE_DISABLE;
 720              		.loc 1 916 31 is_stmt 0 view .LVU179
 721 00c6 4FF40032 		mov	r2, #131072
 722 00ca 0262     		str	r2, [r0, #32]
 917:Core/Src/main.c **** 
 723              		.loc 1 917 3 is_stmt 1 view .LVU180
 917:Core/Src/main.c **** 
 724              		.loc 1 917 31 is_stmt 0 view .LVU181
 725 00cc 4362     		str	r3, [r0, #36]
 919:Core/Src/main.c ****   {
 726              		.loc 1 919 3 is_stmt 1 view .LVU182
 919:Core/Src/main.c ****   {
 727              		.loc 1 919 7 is_stmt 0 view .LVU183
 728 00ce FFF7FEFF 		bl	HAL_DMA_Init
 729              	.LVL38:
 919:Core/Src/main.c ****   {
 730              		.loc 1 919 6 discriminator 1 view .LVU184
 731 00d2 80B9     		cbnz	r0, .L39
 925:Core/Src/main.c ****   /* USER CODE END TIM2_Init 2 */
 732              		.loc 1 925 3 is_stmt 1 view .LVU185
 925:Core/Src/main.c ****   /* USER CODE END TIM2_Init 2 */
 733              		.loc 1 925 3 view .LVU186
 734 00d4 094A     		ldr	r2, .L40
 735 00d6 0C4B     		ldr	r3, .L40+12
 736 00d8 5362     		str	r3, [r2, #36]
 925:Core/Src/main.c ****   /* USER CODE END TIM2_Init 2 */
 737              		.loc 1 925 3 view .LVU187
 738 00da 9A63     		str	r2, [r3, #56]
 925:Core/Src/main.c ****   /* USER CODE END TIM2_Init 2 */
 739              		.loc 1 925 3 view .LVU188
 928:Core/Src/main.c **** 
 740              		.loc 1 928 1 is_stmt 0 view .LVU189
 741 00dc 0FB0     		add	sp, sp, #60
 742              	.LCFI9:
 743              		.cfi_remember_state
 744              		.cfi_def_cfa_offset 4
 745              		@ sp needed
 746 00de 5DF804FB 		ldr	pc, [sp], #4
 747              	.L34:
 748              	.LCFI10:
 749              		.cfi_restore_state
 879:Core/Src/main.c ****   }
 750              		.loc 1 879 5 is_stmt 1 view .LVU190
 751 00e2 FFF7FEFF 		bl	Error_Handler
ARM GAS  /tmp/ccWclncs.s 			page 53


 752              	.LVL39:
 753              	.L35:
 884:Core/Src/main.c ****   }
 754              		.loc 1 884 5 view .LVU191
 755 00e6 FFF7FEFF 		bl	Error_Handler
 756              	.LVL40:
 757              	.L36:
 888:Core/Src/main.c ****   }
 758              		.loc 1 888 5 view .LVU192
 759 00ea FFF7FEFF 		bl	Error_Handler
 760              	.LVL41:
 761              	.L37:
 894:Core/Src/main.c ****   }
 762              		.loc 1 894 5 view .LVU193
 763 00ee FFF7FEFF 		bl	Error_Handler
 764              	.LVL42:
 765              	.L38:
 902:Core/Src/main.c ****   }
 766              		.loc 1 902 5 view .LVU194
 767 00f2 FFF7FEFF 		bl	Error_Handler
 768              	.LVL43:
 769              	.L39:
 921:Core/Src/main.c ****   }
 770              		.loc 1 921 7 view .LVU195
 771 00f6 FFF7FEFF 		bl	Error_Handler
 772              	.LVL44:
 773              	.L41:
 774 00fa 00BF     		.align	2
 775              	.L40:
 776 00fc 00000000 		.word	htim2
 777 0100 00000000 		.word	TIM2_Ticks
 778 0104 00380240 		.word	1073887232
 779 0108 00000000 		.word	hdma_tim2_ch1
 780 010c 88600240 		.word	1073897608
 781              		.cfi_endproc
 782              	.LFE139:
 784              		.section	.text.MX_TIM3_Init,"ax",%progbits
 785              		.align	1
 786              		.syntax unified
 787              		.thumb
 788              		.thumb_func
 790              	MX_TIM3_Init:
 791              	.LFB140:
 936:Core/Src/main.c **** 
 792              		.loc 1 936 1 view -0
 793              		.cfi_startproc
 794              		@ args = 0, pretend = 0, frame = 56
 795              		@ frame_needed = 0, uses_anonymous_args = 0
 796 0000 00B5     		push	{lr}
 797              	.LCFI11:
 798              		.cfi_def_cfa_offset 4
 799              		.cfi_offset 14, -4
 800 0002 8FB0     		sub	sp, sp, #60
 801              	.LCFI12:
 802              		.cfi_def_cfa_offset 64
 942:Core/Src/main.c ****   TIM_MasterConfigTypeDef sMasterConfig = {0};
 803              		.loc 1 942 3 view .LVU197
ARM GAS  /tmp/ccWclncs.s 			page 54


 942:Core/Src/main.c ****   TIM_MasterConfigTypeDef sMasterConfig = {0};
 804              		.loc 1 942 26 is_stmt 0 view .LVU198
 805 0004 0023     		movs	r3, #0
 806 0006 0A93     		str	r3, [sp, #40]
 807 0008 0B93     		str	r3, [sp, #44]
 808 000a 0C93     		str	r3, [sp, #48]
 809 000c 0D93     		str	r3, [sp, #52]
 943:Core/Src/main.c ****   TIM_OC_InitTypeDef sConfigOC = {0};
 810              		.loc 1 943 3 is_stmt 1 view .LVU199
 943:Core/Src/main.c ****   TIM_OC_InitTypeDef sConfigOC = {0};
 811              		.loc 1 943 27 is_stmt 0 view .LVU200
 812 000e 0893     		str	r3, [sp, #32]
 813 0010 0993     		str	r3, [sp, #36]
 944:Core/Src/main.c **** 
 814              		.loc 1 944 3 is_stmt 1 view .LVU201
 944:Core/Src/main.c **** 
 815              		.loc 1 944 22 is_stmt 0 view .LVU202
 816 0012 0193     		str	r3, [sp, #4]
 817 0014 0293     		str	r3, [sp, #8]
 818 0016 0393     		str	r3, [sp, #12]
 819 0018 0493     		str	r3, [sp, #16]
 820 001a 0593     		str	r3, [sp, #20]
 821 001c 0693     		str	r3, [sp, #24]
 822 001e 0793     		str	r3, [sp, #28]
 949:Core/Src/main.c ****   htim3.Init.Prescaler = 0;
 823              		.loc 1 949 3 is_stmt 1 view .LVU203
 949:Core/Src/main.c ****   htim3.Init.Prescaler = 0;
 824              		.loc 1 949 18 is_stmt 0 view .LVU204
 825 0020 1E48     		ldr	r0, .L54
 826 0022 1F4A     		ldr	r2, .L54+4
 827 0024 0260     		str	r2, [r0]
 950:Core/Src/main.c ****   htim3.Init.CounterMode = TIM_COUNTERMODE_UP;
 828              		.loc 1 950 3 is_stmt 1 view .LVU205
 950:Core/Src/main.c ****   htim3.Init.CounterMode = TIM_COUNTERMODE_UP;
 829              		.loc 1 950 24 is_stmt 0 view .LVU206
 830 0026 4360     		str	r3, [r0, #4]
 951:Core/Src/main.c ****   htim3.Init.Period = 4095;
 831              		.loc 1 951 3 is_stmt 1 view .LVU207
 951:Core/Src/main.c ****   htim3.Init.Period = 4095;
 832              		.loc 1 951 26 is_stmt 0 view .LVU208
 833 0028 8360     		str	r3, [r0, #8]
 952:Core/Src/main.c ****   htim3.Init.ClockDivision = TIM_CLOCKDIVISION_DIV1;
 834              		.loc 1 952 3 is_stmt 1 view .LVU209
 952:Core/Src/main.c ****   htim3.Init.ClockDivision = TIM_CLOCKDIVISION_DIV1;
 835              		.loc 1 952 21 is_stmt 0 view .LVU210
 836 002a 40F6FF72 		movw	r2, #4095
 837 002e C260     		str	r2, [r0, #12]
 953:Core/Src/main.c ****   htim3.Init.AutoReloadPreload = TIM_AUTORELOAD_PRELOAD_DISABLE;
 838              		.loc 1 953 3 is_stmt 1 view .LVU211
 953:Core/Src/main.c ****   htim3.Init.AutoReloadPreload = TIM_AUTORELOAD_PRELOAD_DISABLE;
 839              		.loc 1 953 28 is_stmt 0 view .LVU212
 840 0030 0361     		str	r3, [r0, #16]
 954:Core/Src/main.c ****   if (HAL_TIM_Base_Init(&htim3) != HAL_OK)
 841              		.loc 1 954 3 is_stmt 1 view .LVU213
 954:Core/Src/main.c ****   if (HAL_TIM_Base_Init(&htim3) != HAL_OK)
 842              		.loc 1 954 32 is_stmt 0 view .LVU214
 843 0032 8361     		str	r3, [r0, #24]
ARM GAS  /tmp/ccWclncs.s 			page 55


 955:Core/Src/main.c ****   {
 844              		.loc 1 955 3 is_stmt 1 view .LVU215
 955:Core/Src/main.c ****   {
 845              		.loc 1 955 7 is_stmt 0 view .LVU216
 846 0034 FFF7FEFF 		bl	HAL_TIM_Base_Init
 847              	.LVL45:
 955:Core/Src/main.c ****   {
 848              		.loc 1 955 6 discriminator 1 view .LVU217
 849 0038 28BB     		cbnz	r0, .L49
 959:Core/Src/main.c ****   if (HAL_TIM_ConfigClockSource(&htim3, &sClockSourceConfig) != HAL_OK)
 850              		.loc 1 959 3 is_stmt 1 view .LVU218
 959:Core/Src/main.c ****   if (HAL_TIM_ConfigClockSource(&htim3, &sClockSourceConfig) != HAL_OK)
 851              		.loc 1 959 34 is_stmt 0 view .LVU219
 852 003a 4FF48053 		mov	r3, #4096
 853 003e 0A93     		str	r3, [sp, #40]
 960:Core/Src/main.c ****   {
 854              		.loc 1 960 3 is_stmt 1 view .LVU220
 960:Core/Src/main.c ****   {
 855              		.loc 1 960 7 is_stmt 0 view .LVU221
 856 0040 0AA9     		add	r1, sp, #40
 857 0042 1648     		ldr	r0, .L54
 858 0044 FFF7FEFF 		bl	HAL_TIM_ConfigClockSource
 859              	.LVL46:
 960:Core/Src/main.c ****   {
 860              		.loc 1 960 6 discriminator 1 view .LVU222
 861 0048 F8B9     		cbnz	r0, .L50
 964:Core/Src/main.c ****   {
 862              		.loc 1 964 3 is_stmt 1 view .LVU223
 964:Core/Src/main.c ****   {
 863              		.loc 1 964 7 is_stmt 0 view .LVU224
 864 004a 1448     		ldr	r0, .L54
 865 004c FFF7FEFF 		bl	HAL_TIM_PWM_Init
 866              	.LVL47:
 964:Core/Src/main.c ****   {
 867              		.loc 1 964 6 discriminator 1 view .LVU225
 868 0050 E8B9     		cbnz	r0, .L51
 968:Core/Src/main.c ****   sMasterConfig.MasterSlaveMode = TIM_MASTERSLAVEMODE_DISABLE;
 869              		.loc 1 968 3 is_stmt 1 view .LVU226
 968:Core/Src/main.c ****   sMasterConfig.MasterSlaveMode = TIM_MASTERSLAVEMODE_DISABLE;
 870              		.loc 1 968 37 is_stmt 0 view .LVU227
 871 0052 0023     		movs	r3, #0
 872 0054 0893     		str	r3, [sp, #32]
 969:Core/Src/main.c ****   if (HAL_TIMEx_MasterConfigSynchronization(&htim3, &sMasterConfig) != HAL_OK)
 873              		.loc 1 969 3 is_stmt 1 view .LVU228
 969:Core/Src/main.c ****   if (HAL_TIMEx_MasterConfigSynchronization(&htim3, &sMasterConfig) != HAL_OK)
 874              		.loc 1 969 33 is_stmt 0 view .LVU229
 875 0056 0993     		str	r3, [sp, #36]
 970:Core/Src/main.c ****   {
 876              		.loc 1 970 3 is_stmt 1 view .LVU230
 970:Core/Src/main.c ****   {
 877              		.loc 1 970 7 is_stmt 0 view .LVU231
 878 0058 08A9     		add	r1, sp, #32
 879 005a 1048     		ldr	r0, .L54
 880 005c FFF7FEFF 		bl	HAL_TIMEx_MasterConfigSynchronization
 881              	.LVL48:
 970:Core/Src/main.c ****   {
 882              		.loc 1 970 6 discriminator 1 view .LVU232
ARM GAS  /tmp/ccWclncs.s 			page 56


 883 0060 B8B9     		cbnz	r0, .L52
 974:Core/Src/main.c ****   sConfigOC.Pulse = 0;
 884              		.loc 1 974 3 is_stmt 1 view .LVU233
 974:Core/Src/main.c ****   sConfigOC.Pulse = 0;
 885              		.loc 1 974 20 is_stmt 0 view .LVU234
 886 0062 6023     		movs	r3, #96
 887 0064 0193     		str	r3, [sp, #4]
 975:Core/Src/main.c ****   sConfigOC.OCPolarity = TIM_OCPOLARITY_HIGH;
 888              		.loc 1 975 3 is_stmt 1 view .LVU235
 975:Core/Src/main.c ****   sConfigOC.OCPolarity = TIM_OCPOLARITY_HIGH;
 889              		.loc 1 975 19 is_stmt 0 view .LVU236
 890 0066 0023     		movs	r3, #0
 891 0068 0293     		str	r3, [sp, #8]
 976:Core/Src/main.c ****   sConfigOC.OCFastMode = TIM_OCFAST_DISABLE;
 892              		.loc 1 976 3 is_stmt 1 view .LVU237
 976:Core/Src/main.c ****   sConfigOC.OCFastMode = TIM_OCFAST_DISABLE;
 893              		.loc 1 976 24 is_stmt 0 view .LVU238
 894 006a 0393     		str	r3, [sp, #12]
 977:Core/Src/main.c ****   if (HAL_TIM_PWM_ConfigChannel(&htim3, &sConfigOC, TIM_CHANNEL_3) != HAL_OK)
 895              		.loc 1 977 3 is_stmt 1 view .LVU239
 977:Core/Src/main.c ****   if (HAL_TIM_PWM_ConfigChannel(&htim3, &sConfigOC, TIM_CHANNEL_3) != HAL_OK)
 896              		.loc 1 977 24 is_stmt 0 view .LVU240
 897 006c 0593     		str	r3, [sp, #20]
 978:Core/Src/main.c ****   {
 898              		.loc 1 978 3 is_stmt 1 view .LVU241
 978:Core/Src/main.c ****   {
 899              		.loc 1 978 7 is_stmt 0 view .LVU242
 900 006e 0822     		movs	r2, #8
 901 0070 01A9     		add	r1, sp, #4
 902 0072 0A48     		ldr	r0, .L54
 903 0074 FFF7FEFF 		bl	HAL_TIM_PWM_ConfigChannel
 904              	.LVL49:
 978:Core/Src/main.c ****   {
 905              		.loc 1 978 6 discriminator 1 view .LVU243
 906 0078 68B9     		cbnz	r0, .L53
 985:Core/Src/main.c **** 
 907              		.loc 1 985 3 is_stmt 1 view .LVU244
 908 007a 0848     		ldr	r0, .L54
 909 007c FFF7FEFF 		bl	HAL_TIM_MspPostInit
 910              	.LVL50:
 987:Core/Src/main.c **** 
 911              		.loc 1 987 1 is_stmt 0 view .LVU245
 912 0080 0FB0     		add	sp, sp, #60
 913              	.LCFI13:
 914              		.cfi_remember_state
 915              		.cfi_def_cfa_offset 4
 916              		@ sp needed
 917 0082 5DF804FB 		ldr	pc, [sp], #4
 918              	.L49:
 919              	.LCFI14:
 920              		.cfi_restore_state
 957:Core/Src/main.c ****   }
 921              		.loc 1 957 5 is_stmt 1 view .LVU246
 922 0086 FFF7FEFF 		bl	Error_Handler
 923              	.LVL51:
 924              	.L50:
 962:Core/Src/main.c ****   }
ARM GAS  /tmp/ccWclncs.s 			page 57


 925              		.loc 1 962 5 view .LVU247
 926 008a FFF7FEFF 		bl	Error_Handler
 927              	.LVL52:
 928              	.L51:
 966:Core/Src/main.c ****   }
 929              		.loc 1 966 5 view .LVU248
 930 008e FFF7FEFF 		bl	Error_Handler
 931              	.LVL53:
 932              	.L52:
 972:Core/Src/main.c ****   }
 933              		.loc 1 972 5 view .LVU249
 934 0092 FFF7FEFF 		bl	Error_Handler
 935              	.LVL54:
 936              	.L53:
 980:Core/Src/main.c ****   }
 937              		.loc 1 980 5 view .LVU250
 938 0096 FFF7FEFF 		bl	Error_Handler
 939              	.LVL55:
 940              	.L55:
 941 009a 00BF     		.align	2
 942              	.L54:
 943 009c 00000000 		.word	htim3
 944 00a0 00040040 		.word	1073742848
 945              		.cfi_endproc
 946              	.LFE140:
 948              		.section	.text.SystemClock_Config,"ax",%progbits
 949              		.align	1
 950              		.global	SystemClock_Config
 951              		.syntax unified
 952              		.thumb
 953              		.thumb_func
 955              	SystemClock_Config:
 956              	.LFB138:
 816:Core/Src/main.c ****   RCC_OscInitTypeDef RCC_OscInitStruct = {0};
 957              		.loc 1 816 1 view -0
 958              		.cfi_startproc
 959              		@ args = 0, pretend = 0, frame = 80
 960              		@ frame_needed = 0, uses_anonymous_args = 0
 961 0000 00B5     		push	{lr}
 962              	.LCFI15:
 963              		.cfi_def_cfa_offset 4
 964              		.cfi_offset 14, -4
 965 0002 95B0     		sub	sp, sp, #84
 966              	.LCFI16:
 967              		.cfi_def_cfa_offset 88
 817:Core/Src/main.c ****   RCC_ClkInitTypeDef RCC_ClkInitStruct = {0};
 968              		.loc 1 817 3 view .LVU252
 817:Core/Src/main.c ****   RCC_ClkInitTypeDef RCC_ClkInitStruct = {0};
 969              		.loc 1 817 22 is_stmt 0 view .LVU253
 970 0004 3422     		movs	r2, #52
 971 0006 0021     		movs	r1, #0
 972 0008 07A8     		add	r0, sp, #28
 973 000a FFF7FEFF 		bl	memset
 974              	.LVL56:
 818:Core/Src/main.c **** 
 975              		.loc 1 818 3 is_stmt 1 view .LVU254
 818:Core/Src/main.c **** 
ARM GAS  /tmp/ccWclncs.s 			page 58


 976              		.loc 1 818 22 is_stmt 0 view .LVU255
 977 000e 0023     		movs	r3, #0
 978 0010 0293     		str	r3, [sp, #8]
 979 0012 0393     		str	r3, [sp, #12]
 980 0014 0493     		str	r3, [sp, #16]
 981 0016 0593     		str	r3, [sp, #20]
 982 0018 0693     		str	r3, [sp, #24]
 822:Core/Src/main.c ****   __HAL_PWR_VOLTAGESCALING_CONFIG(PWR_REGULATOR_VOLTAGE_SCALE3);
 983              		.loc 1 822 3 is_stmt 1 view .LVU256
 984              	.LBB11:
 822:Core/Src/main.c ****   __HAL_PWR_VOLTAGESCALING_CONFIG(PWR_REGULATOR_VOLTAGE_SCALE3);
 985              		.loc 1 822 3 view .LVU257
 986 001a 0093     		str	r3, [sp]
 822:Core/Src/main.c ****   __HAL_PWR_VOLTAGESCALING_CONFIG(PWR_REGULATOR_VOLTAGE_SCALE3);
 987              		.loc 1 822 3 view .LVU258
 988 001c 194A     		ldr	r2, .L62
 989 001e 116C     		ldr	r1, [r2, #64]
 990 0020 41F08051 		orr	r1, r1, #268435456
 991 0024 1164     		str	r1, [r2, #64]
 822:Core/Src/main.c ****   __HAL_PWR_VOLTAGESCALING_CONFIG(PWR_REGULATOR_VOLTAGE_SCALE3);
 992              		.loc 1 822 3 view .LVU259
 993 0026 126C     		ldr	r2, [r2, #64]
 994 0028 02F08052 		and	r2, r2, #268435456
 995 002c 0092     		str	r2, [sp]
 822:Core/Src/main.c ****   __HAL_PWR_VOLTAGESCALING_CONFIG(PWR_REGULATOR_VOLTAGE_SCALE3);
 996              		.loc 1 822 3 view .LVU260
 997 002e 009A     		ldr	r2, [sp]
 998              	.LBE11:
 822:Core/Src/main.c ****   __HAL_PWR_VOLTAGESCALING_CONFIG(PWR_REGULATOR_VOLTAGE_SCALE3);
 999              		.loc 1 822 3 view .LVU261
 823:Core/Src/main.c **** 
 1000              		.loc 1 823 3 view .LVU262
 1001              	.LBB12:
 823:Core/Src/main.c **** 
 1002              		.loc 1 823 3 view .LVU263
 1003 0030 0193     		str	r3, [sp, #4]
 823:Core/Src/main.c **** 
 1004              		.loc 1 823 3 view .LVU264
 1005 0032 1549     		ldr	r1, .L62+4
 1006 0034 0A68     		ldr	r2, [r1]
 1007 0036 22F44042 		bic	r2, r2, #49152
 1008 003a 42F48042 		orr	r2, r2, #16384
 1009 003e 0A60     		str	r2, [r1]
 823:Core/Src/main.c **** 
 1010              		.loc 1 823 3 view .LVU265
 1011 0040 0A68     		ldr	r2, [r1]
 1012 0042 02F44042 		and	r2, r2, #49152
 1013 0046 0192     		str	r2, [sp, #4]
 823:Core/Src/main.c **** 
 1014              		.loc 1 823 3 view .LVU266
 1015 0048 019A     		ldr	r2, [sp, #4]
 1016              	.LBE12:
 823:Core/Src/main.c **** 
 1017              		.loc 1 823 3 view .LVU267
 828:Core/Src/main.c ****   RCC_OscInitStruct.HSIState = RCC_HSI_ON;
 1018              		.loc 1 828 3 view .LVU268
 828:Core/Src/main.c ****   RCC_OscInitStruct.HSIState = RCC_HSI_ON;
ARM GAS  /tmp/ccWclncs.s 			page 59


 1019              		.loc 1 828 36 is_stmt 0 view .LVU269
 1020 004a 0222     		movs	r2, #2
 1021 004c 0792     		str	r2, [sp, #28]
 829:Core/Src/main.c ****   RCC_OscInitStruct.HSICalibrationValue = RCC_HSICALIBRATION_DEFAULT;
 1022              		.loc 1 829 3 is_stmt 1 view .LVU270
 829:Core/Src/main.c ****   RCC_OscInitStruct.HSICalibrationValue = RCC_HSICALIBRATION_DEFAULT;
 1023              		.loc 1 829 30 is_stmt 0 view .LVU271
 1024 004e 0122     		movs	r2, #1
 1025 0050 0A92     		str	r2, [sp, #40]
 830:Core/Src/main.c ****   RCC_OscInitStruct.PLL.PLLState = RCC_PLL_NONE;
 1026              		.loc 1 830 3 is_stmt 1 view .LVU272
 830:Core/Src/main.c ****   RCC_OscInitStruct.PLL.PLLState = RCC_PLL_NONE;
 1027              		.loc 1 830 41 is_stmt 0 view .LVU273
 1028 0052 1022     		movs	r2, #16
 1029 0054 0B92     		str	r2, [sp, #44]
 831:Core/Src/main.c ****   if (HAL_RCC_OscConfig(&RCC_OscInitStruct) != HAL_OK)
 1030              		.loc 1 831 3 is_stmt 1 view .LVU274
 831:Core/Src/main.c ****   if (HAL_RCC_OscConfig(&RCC_OscInitStruct) != HAL_OK)
 1031              		.loc 1 831 34 is_stmt 0 view .LVU275
 1032 0056 0D93     		str	r3, [sp, #52]
 832:Core/Src/main.c ****   {
 1033              		.loc 1 832 3 is_stmt 1 view .LVU276
 832:Core/Src/main.c ****   {
 1034              		.loc 1 832 7 is_stmt 0 view .LVU277
 1035 0058 07A8     		add	r0, sp, #28
 1036 005a FFF7FEFF 		bl	HAL_RCC_OscConfig
 1037              	.LVL57:
 832:Core/Src/main.c ****   {
 1038              		.loc 1 832 6 discriminator 1 view .LVU278
 1039 005e 68B9     		cbnz	r0, .L60
 839:Core/Src/main.c ****                               |RCC_CLOCKTYPE_PCLK1|RCC_CLOCKTYPE_PCLK2;
 1040              		.loc 1 839 3 is_stmt 1 view .LVU279
 839:Core/Src/main.c ****                               |RCC_CLOCKTYPE_PCLK1|RCC_CLOCKTYPE_PCLK2;
 1041              		.loc 1 839 31 is_stmt 0 view .LVU280
 1042 0060 0F23     		movs	r3, #15
 1043 0062 0293     		str	r3, [sp, #8]
 841:Core/Src/main.c ****   RCC_ClkInitStruct.AHBCLKDivider = RCC_SYSCLK_DIV1;
 1044              		.loc 1 841 3 is_stmt 1 view .LVU281
 841:Core/Src/main.c ****   RCC_ClkInitStruct.AHBCLKDivider = RCC_SYSCLK_DIV1;
 1045              		.loc 1 841 34 is_stmt 0 view .LVU282
 1046 0064 0021     		movs	r1, #0
 1047 0066 0391     		str	r1, [sp, #12]
 842:Core/Src/main.c ****   RCC_ClkInitStruct.APB1CLKDivider = RCC_HCLK_DIV1;
 1048              		.loc 1 842 3 is_stmt 1 view .LVU283
 842:Core/Src/main.c ****   RCC_ClkInitStruct.APB1CLKDivider = RCC_HCLK_DIV1;
 1049              		.loc 1 842 35 is_stmt 0 view .LVU284
 1050 0068 0491     		str	r1, [sp, #16]
 843:Core/Src/main.c ****   RCC_ClkInitStruct.APB2CLKDivider = RCC_HCLK_DIV1;
 1051              		.loc 1 843 3 is_stmt 1 view .LVU285
 843:Core/Src/main.c ****   RCC_ClkInitStruct.APB2CLKDivider = RCC_HCLK_DIV1;
 1052              		.loc 1 843 36 is_stmt 0 view .LVU286
 1053 006a 0591     		str	r1, [sp, #20]
 844:Core/Src/main.c **** 
 1054              		.loc 1 844 3 is_stmt 1 view .LVU287
 844:Core/Src/main.c **** 
 1055              		.loc 1 844 36 is_stmt 0 view .LVU288
 1056 006c 0691     		str	r1, [sp, #24]
ARM GAS  /tmp/ccWclncs.s 			page 60


 846:Core/Src/main.c ****   {
 1057              		.loc 1 846 3 is_stmt 1 view .LVU289
 846:Core/Src/main.c ****   {
 1058              		.loc 1 846 7 is_stmt 0 view .LVU290
 1059 006e 02A8     		add	r0, sp, #8
 1060 0070 FFF7FEFF 		bl	HAL_RCC_ClockConfig
 1061              	.LVL58:
 846:Core/Src/main.c ****   {
 1062              		.loc 1 846 6 discriminator 1 view .LVU291
 1063 0074 20B9     		cbnz	r0, .L61
 850:Core/Src/main.c **** 
 1064              		.loc 1 850 1 view .LVU292
 1065 0076 15B0     		add	sp, sp, #84
 1066              	.LCFI17:
 1067              		.cfi_remember_state
 1068              		.cfi_def_cfa_offset 4
 1069              		@ sp needed
 1070 0078 5DF804FB 		ldr	pc, [sp], #4
 1071              	.L60:
 1072              	.LCFI18:
 1073              		.cfi_restore_state
 834:Core/Src/main.c ****   }
 1074              		.loc 1 834 5 is_stmt 1 view .LVU293
 1075 007c FFF7FEFF 		bl	Error_Handler
 1076              	.LVL59:
 1077              	.L61:
 848:Core/Src/main.c ****   }
 1078              		.loc 1 848 5 view .LVU294
 1079 0080 FFF7FEFF 		bl	Error_Handler
 1080              	.LVL60:
 1081              	.L63:
 1082              		.align	2
 1083              	.L62:
 1084 0084 00380240 		.word	1073887232
 1085 0088 00700040 		.word	1073770496
 1086              		.cfi_endproc
 1087              	.LFE138:
 1089              		.section	.text.main,"ax",%progbits
 1090              		.align	1
 1091              		.global	main
 1092              		.syntax unified
 1093              		.thumb
 1094              		.thumb_func
 1096              	main:
 1097              	.LFB137:
 748:Core/Src/main.c **** 
 1098              		.loc 1 748 1 view -0
 1099              		.cfi_startproc
 1100              		@ Volatile: function does not return.
 1101              		@ args = 0, pretend = 0, frame = 0
 1102              		@ frame_needed = 0, uses_anonymous_args = 0
 1103 0000 08B5     		push	{r3, lr}
 1104              	.LCFI19:
 1105              		.cfi_def_cfa_offset 8
 1106              		.cfi_offset 3, -8
 1107              		.cfi_offset 14, -4
 757:Core/Src/main.c **** 
ARM GAS  /tmp/ccWclncs.s 			page 61


 1108              		.loc 1 757 3 view .LVU296
 1109 0002 FFF7FEFF 		bl	HAL_Init
 1110              	.LVL61:
 764:Core/Src/main.c **** 
 1111              		.loc 1 764 3 view .LVU297
 1112 0006 FFF7FEFF 		bl	SystemClock_Config
 1113              	.LVL62:
 771:Core/Src/main.c ****   MX_DMA_Init();
 1114              		.loc 1 771 3 view .LVU298
 1115 000a FFF7FEFF 		bl	MX_GPIO_Init
 1116              	.LVL63:
 772:Core/Src/main.c ****   MX_TIM2_Init();
 1117              		.loc 1 772 3 view .LVU299
 1118 000e FFF7FEFF 		bl	MX_DMA_Init
 1119              	.LVL64:
 773:Core/Src/main.c ****   MX_TIM3_Init();
 1120              		.loc 1 773 3 view .LVU300
 1121 0012 FFF7FEFF 		bl	MX_TIM2_Init
 1122              	.LVL65:
 774:Core/Src/main.c ****   /* USER CODE BEGIN 2 */
 1123              		.loc 1 774 3 view .LVU301
 1124 0016 FFF7FEFF 		bl	MX_TIM3_Init
 1125              	.LVL66:
 778:Core/Src/main.c ****   lcd_command(DISPLAY_ON);
 1126              		.loc 1 778 3 view .LVU302
 1127 001a FFF7FEFF 		bl	init_LCD
 1128              	.LVL67:
 779:Core/Src/main.c ****   lcd_command(CLEAR);
 1129              		.loc 1 779 3 view .LVU303
 1130 001e 0C20     		movs	r0, #12
 1131 0020 FFF7FEFF 		bl	lcd_command
 1132              	.LVL68:
 780:Core/Src/main.c ****   lcd_command(CURSOR_HOME);
 1133              		.loc 1 780 3 view .LVU304
 1134 0024 0120     		movs	r0, #1
 1135 0026 FFF7FEFF 		bl	lcd_command
 1136              	.LVL69:
 781:Core/Src/main.c **** 
 1137              		.loc 1 781 3 view .LVU305
 1138 002a 0220     		movs	r0, #2
 1139 002c FFF7FEFF 		bl	lcd_command
 1140              	.LVL70:
 784:Core/Src/main.c **** 
 1141              		.loc 1 784 3 view .LVU306
 1142 0030 0821     		movs	r1, #8
 1143 0032 0C48     		ldr	r0, .L67
 1144 0034 FFF7FEFF 		bl	HAL_TIM_PWM_Start
 1145              	.LVL71:
 787:Core/Src/main.c **** 
 1146              		.loc 1 787 3 view .LVU307
 1147 0038 0B4C     		ldr	r4, .L67+4
 1148 003a 0021     		movs	r1, #0
 1149 003c 2046     		mov	r0, r4
 1150 003e FFF7FEFF 		bl	HAL_TIM_OC_Start
 1151              	.LVL72:
 790:Core/Src/main.c **** 
 1152              		.loc 1 790 3 view .LVU308
ARM GAS  /tmp/ccWclncs.s 			page 62


 1153 0042 4FF48063 		mov	r3, #1024
 1154 0046 094A     		ldr	r2, .L67+8
 1155 0048 1268     		ldr	r2, [r2]
 1156 004a 0949     		ldr	r1, .L67+12
 1157 004c 0948     		ldr	r0, .L67+16
 1158 004e FFF7FEFF 		bl	HAL_DMA_Start_IT
 1159              	.LVL73:
 793:Core/Src/main.c **** 
 1160              		.loc 1 793 3 view .LVU309
 1161 0052 0948     		ldr	r0, .L67+20
 1162 0054 FFF7FEFF 		bl	lcd_putstring
 1163              	.LVL74:
 796:Core/Src/main.c **** 
 1164              		.loc 1 796 3 view .LVU310
 1165 0058 2268     		ldr	r2, [r4]
 1166 005a D368     		ldr	r3, [r2, #12]
 1167 005c 43F40073 		orr	r3, r3, #512
 1168 0060 D360     		str	r3, [r2, #12]
 1169              	.L65:
 802:Core/Src/main.c ****   {
 1170              		.loc 1 802 3 view .LVU311
 807:Core/Src/main.c ****   /* USER CODE END 3 */
 1171              		.loc 1 807 3 view .LVU312
 802:Core/Src/main.c ****   {
 1172              		.loc 1 802 9 view .LVU313
 1173 0062 FEE7     		b	.L65
 1174              	.L68:
 1175              		.align	2
 1176              	.L67:
 1177 0064 00000000 		.word	htim3
 1178 0068 00000000 		.word	htim2
 1179 006c 00000000 		.word	DestAddress
 1180 0070 00000000 		.word	Piano_LUT
 1181 0074 00000000 		.word	hdma_tim2_ch1
 1182 0078 00000000 		.word	.LC0
 1183              		.cfi_endproc
 1184              	.LFE137:
 1186              		.global	DestAddress
 1187              		.section	.data.DestAddress,"aw"
 1188              		.align	2
 1191              	DestAddress:
 1192 0000 3C040040 		.word	1073742908
 1193              		.global	TIM2_Ticks
 1194              		.section	.data.TIM2_Ticks,"aw"
 1195              		.align	2
 1198              	TIM2_Ticks:
 1199 0000 CCBB0000 		.word	48076
 1200              		.global	buttonLastPressed
 1201              		.section	.bss.buttonLastPressed,"aw",%nobits
 1202              		.align	2
 1205              	buttonLastPressed:
 1206 0000 00000000 		.space	4
 1207              		.global	currentLUT
 1208              		.section	.bss.currentLUT,"aw",%nobits
 1209              		.align	2
 1212              	currentLUT:
 1213 0000 00000000 		.space	4
ARM GAS  /tmp/ccWclncs.s 			page 63


 1214              		.global	Drum_LUT
 1215              		.section	.data.Drum_LUT,"aw"
 1216              		.align	2
 1219              	Drum_LUT:
 1220 0000 FF070000 		.word	2047
 1221 0004 01080000 		.word	2049
 1222 0008 00080000 		.word	2048
 1223 000c C9030000 		.word	969
 1224 0010 51020000 		.word	593
 1225 0014 D2010000 		.word	466
 1226 0018 F70F0000 		.word	4087
 1227 001c 00000000 		.word	0
 1228 0020 4B0D0000 		.word	3403
 1229 0024 EF030000 		.word	1007
 1230 0028 0B090000 		.word	2315
 1231 002c 52080000 		.word	2130
 1232 0030 18090000 		.word	2328
 1233 0034 49080000 		.word	2121
 1234 0038 9D070000 		.word	1949
 1235 003c 77070000 		.word	1911
 1236 0040 63070000 		.word	1891
 1237 0044 CE080000 		.word	2254
 1238 0048 DE050000 		.word	1502
 1239 004c 7B090000 		.word	2427
 1240 0050 8A060000 		.word	1674
 1241 0054 0D080000 		.word	2061
 1242 0058 E7080000 		.word	2279
 1243 005c 11070000 		.word	1809
 1244 0060 B2080000 		.word	2226
 1245 0064 86070000 		.word	1926
 1246 0068 DB070000 		.word	2011
 1247 006c 56080000 		.word	2134
 1248 0070 C6070000 		.word	1990
 1249 0074 1E080000 		.word	2078
 1250 0078 DE070000 		.word	2014
 1251 007c 2D080000 		.word	2093
 1252 0080 EF070000 		.word	2031
 1253 0084 00080000 		.word	2048
 1254 0088 EB070000 		.word	2027
 1255 008c FE0F0000 		.word	4094
 1256 0090 F80F0000 		.word	4088
 1257 0094 C2060000 		.word	1730
 1258 0098 720F0000 		.word	3954
 1259 009c 30000000 		.word	48
 1260 00a0 AC0C0000 		.word	3244
 1261 00a4 4A060000 		.word	1610
 1262 00a8 49080000 		.word	2121
 1263 00ac 46070000 		.word	1862
 1264 00b0 820A0000 		.word	2690
 1265 00b4 ED060000 		.word	1773
 1266 00b8 F1080000 		.word	2289
 1267 00bc 2C070000 		.word	1836
 1268 00c0 6A070000 		.word	1898
 1269 00c4 9F090000 		.word	2463
 1270 00c8 CD050000 		.word	1485
 1271 00cc 63090000 		.word	2403
 1272 00d0 11070000 		.word	1809
ARM GAS  /tmp/ccWclncs.s 			page 64


 1273 00d4 A5070000 		.word	1957
 1274 00d8 C7080000 		.word	2247
 1275 00dc 62070000 		.word	1890
 1276 00e0 4F080000 		.word	2127
 1277 00e4 EF070000 		.word	2031
 1278 00e8 9F070000 		.word	1951
 1279 00ec 3B080000 		.word	2107
 1280 00f0 F0070000 		.word	2032
 1281 00f4 0C080000 		.word	2060
 1282 00f8 F5070000 		.word	2037
 1283 00fc 02080000 		.word	2050
 1284 0100 08080000 		.word	2056
 1285 0104 F1070000 		.word	2033
 1286 0108 FC070000 		.word	2044
 1287 010c 36000000 		.word	54
 1288 0110 D20F0000 		.word	4050
 1289 0114 0A0B0000 		.word	2826
 1290 0118 B4070000 		.word	1972
 1291 011c 21070000 		.word	1825
 1292 0120 1F0A0000 		.word	2591
 1293 0124 28090000 		.word	2344
 1294 0128 2E070000 		.word	1838
 1295 012c 37060000 		.word	1591
 1296 0130 8A070000 		.word	1930
 1297 0134 9C080000 		.word	2204
 1298 0138 21080000 		.word	2081
 1299 013c DC070000 		.word	2012
 1300 0140 00080000 		.word	2048
 1301 0144 42080000 		.word	2114
 1302 0148 D8070000 		.word	2008
 1303 014c 06080000 		.word	2054
 1304 0150 EA070000 		.word	2026
 1305 0154 14080000 		.word	2068
 1306 0158 1B080000 		.word	2075
 1307 015c F3070000 		.word	2035
 1308 0160 F8070000 		.word	2040
 1309 0164 FF070000 		.word	2047
 1310 0168 F5070000 		.word	2037
 1311 016c F7070000 		.word	2039
 1312 0170 01080000 		.word	2049
 1313 0174 F8070000 		.word	2040
 1314 0178 09080000 		.word	2057
 1315 017c FF070000 		.word	2047
 1316 0180 ED070000 		.word	2029
 1317 0184 06080000 		.word	2054
 1318 0188 51090000 		.word	2385
 1319 018c FA0D0000 		.word	3578
 1320 0190 BB060000 		.word	1723
 1321 0194 F00F0000 		.word	4080
 1322 0198 00000000 		.word	0
 1323 019c B60B0000 		.word	2998
 1324 01a0 86040000 		.word	1158
 1325 01a4 5E090000 		.word	2398
 1326 01a8 4B080000 		.word	2123
 1327 01ac AF0B0000 		.word	2991
 1328 01b0 5A070000 		.word	1882
 1329 01b4 78080000 		.word	2168
ARM GAS  /tmp/ccWclncs.s 			page 65


 1330 01b8 81060000 		.word	1665
 1331 01bc 28070000 		.word	1832
 1332 01c0 50090000 		.word	2384
 1333 01c4 5D060000 		.word	1629
 1334 01c8 E8070000 		.word	2024
 1335 01cc 34080000 		.word	2100
 1336 01d0 C7060000 		.word	1735
 1337 01d4 7A080000 		.word	2170
 1338 01d8 32080000 		.word	2098
 1339 01dc 9D070000 		.word	1949
 1340 01e0 8F080000 		.word	2191
 1341 01e4 AB070000 		.word	1963
 1342 01e8 28080000 		.word	2088
 1343 01ec 0C080000 		.word	2060
 1344 01f0 BD070000 		.word	1981
 1345 01f4 34080000 		.word	2100
 1346 01f8 AC070000 		.word	1964
 1347 01fc 2B080000 		.word	2091
 1348 0200 D6070000 		.word	2006
 1349 0204 1B080000 		.word	2075
 1350 0208 DA080000 		.word	2266
 1351 020c FE070000 		.word	2046
 1352 0210 44080000 		.word	2116
 1353 0214 2A080000 		.word	2090
 1354 0218 DC060000 		.word	1756
 1355 021c 17080000 		.word	2071
 1356 0220 BF070000 		.word	1983
 1357 0224 FB070000 		.word	2043
 1358 0228 2C080000 		.word	2092
 1359 022c 1B080000 		.word	2075
 1360 0230 E4070000 		.word	2020
 1361 0234 0F080000 		.word	2063
 1362 0238 E2070000 		.word	2018
 1363 023c 01080000 		.word	2049
 1364 0240 F6070000 		.word	2038
 1365 0244 F0070000 		.word	2032
 1366 0248 0B080000 		.word	2059
 1367 024c F5070000 		.word	2037
 1368 0250 E8070000 		.word	2024
 1369 0254 00080000 		.word	2048
 1370 0258 26080000 		.word	2086
 1371 025c FD070000 		.word	2045
 1372 0260 06080000 		.word	2054
 1373 0264 0D080000 		.word	2061
 1374 0268 F0070000 		.word	2032
 1375 026c 0D080000 		.word	2061
 1376 0270 0C080000 		.word	2060
 1377 0274 F8070000 		.word	2040
 1378 0278 02080000 		.word	2050
 1379 027c 03080000 		.word	2051
 1380 0280 FD070000 		.word	2045
 1381 0284 04080000 		.word	2052
 1382 0288 73070000 		.word	1907
 1383 028c AE0A0000 		.word	2734
 1384 0290 D6070000 		.word	2006
 1385 0294 3A080000 		.word	2106
 1386 0298 F0080000 		.word	2288
ARM GAS  /tmp/ccWclncs.s 			page 66


 1387 029c 0F080000 		.word	2063
 1388 02a0 EB070000 		.word	2027
 1389 02a4 D5070000 		.word	2005
 1390 02a8 D2070000 		.word	2002
 1391 02ac BF070000 		.word	1983
 1392 02b0 D7070000 		.word	2007
 1393 02b4 07080000 		.word	2055
 1394 02b8 0C080000 		.word	2060
 1395 02bc FA070000 		.word	2042
 1396 02c0 01080000 		.word	2049
 1397 02c4 0E080000 		.word	2062
 1398 02c8 27080000 		.word	2087
 1399 02cc EC070000 		.word	2028
 1400 02d0 23080000 		.word	2083
 1401 02d4 EA070000 		.word	2026
 1402 02d8 F9070000 		.word	2041
 1403 02dc EA070000 		.word	2026
 1404 02e0 DC070000 		.word	2012
 1405 02e4 FA070000 		.word	2042
 1406 02e8 F2070000 		.word	2034
 1407 02ec EF070000 		.word	2031
 1408 02f0 06080000 		.word	2054
 1409 02f4 01080000 		.word	2049
 1410 02f8 FC070000 		.word	2044
 1411 02fc FF070000 		.word	2047
 1412 0300 FD070000 		.word	2045
 1413 0304 FE070000 		.word	2046
 1414 0308 E4010000 		.word	484
 1415 030c 88000000 		.word	136
 1416 0310 E90D0000 		.word	3561
 1417 0314 910D0000 		.word	3473
 1418 0318 55070000 		.word	1877
 1419 031c 18070000 		.word	1816
 1420 0320 42090000 		.word	2370
 1421 0324 9B090000 		.word	2459
 1422 0328 A1070000 		.word	1953
 1423 032c FD060000 		.word	1789
 1424 0330 65070000 		.word	1893
 1425 0334 52080000 		.word	2130
 1426 0338 67080000 		.word	2151
 1427 033c DF070000 		.word	2015
 1428 0340 C8070000 		.word	1992
 1429 0344 07080000 		.word	2055
 1430 0348 00080000 		.word	2048
 1431 034c DB070000 		.word	2011
 1432 0350 E3070000 		.word	2019
 1433 0354 1D080000 		.word	2077
 1434 0358 02080000 		.word	2050
 1435 035c FE070000 		.word	2046
 1436 0360 09080000 		.word	2057
 1437 0364 EB070000 		.word	2027
 1438 0368 FA070000 		.word	2042
 1439 036c 02080000 		.word	2050
 1440 0370 0C080000 		.word	2060
 1441 0374 F9070000 		.word	2041
 1442 0378 F3070000 		.word	2035
 1443 037c FB070000 		.word	2043
ARM GAS  /tmp/ccWclncs.s 			page 67


 1444 0380 0A080000 		.word	2058
 1445 0384 EC070000 		.word	2028
 1446 0388 82060000 		.word	1666
 1447 038c 8A070000 		.word	1930
 1448 0390 43080000 		.word	2115
 1449 0394 C0070000 		.word	1984
 1450 0398 7F070000 		.word	1919
 1451 039c E6070000 		.word	2022
 1452 03a0 7D070000 		.word	1917
 1453 03a4 A3070000 		.word	1955
 1454 03a8 F0070000 		.word	2032
 1455 03ac E3070000 		.word	2019
 1456 03b0 12080000 		.word	2066
 1457 03b4 F7070000 		.word	2039
 1458 03b8 FD070000 		.word	2045
 1459 03bc 06080000 		.word	2054
 1460 03c0 F5070000 		.word	2037
 1461 03c4 05080000 		.word	2053
 1462 03c8 DF000000 		.word	223
 1463 03cc 2F060000 		.word	1583
 1464 03d0 600E0000 		.word	3680
 1465 03d4 7A000000 		.word	122
 1466 03d8 C50B0000 		.word	3013
 1467 03dc FA030000 		.word	1018
 1468 03e0 4D070000 		.word	1869
 1469 03e4 1E0A0000 		.word	2590
 1470 03e8 72040000 		.word	1138
 1471 03ec C80C0000 		.word	3272
 1472 03f0 5C050000 		.word	1372
 1473 03f4 C5070000 		.word	1989
 1474 03f8 2F080000 		.word	2095
 1475 03fc BF080000 		.word	2239
 1476 0400 DF060000 		.word	1759
 1477 0404 98090000 		.word	2456
 1478 0408 220E0000 		.word	3618
 1479 040c F10F0000 		.word	4081
 1480 0410 C8060000 		.word	1736
 1481 0414 090E0000 		.word	3593
 1482 0418 8E020000 		.word	654
 1483 041c 820C0000 		.word	3202
 1484 0420 19070000 		.word	1817
 1485 0424 6D080000 		.word	2157
 1486 0428 85060000 		.word	1669
 1487 042c DA0A0000 		.word	2778
 1488 0430 7F060000 		.word	1663
 1489 0434 92090000 		.word	2450
 1490 0438 46070000 		.word	1862
 1491 043c 73070000 		.word	1907
 1492 0440 B4090000 		.word	2484
 1493 0444 20060000 		.word	1568
 1494 0448 36090000 		.word	2358
 1495 044c 90070000 		.word	1936
 1496 0450 83070000 		.word	1923
 1497 0454 B6080000 		.word	2230
 1498 0458 90070000 		.word	1936
 1499 045c 35080000 		.word	2101
 1500 0460 19080000 		.word	2073
ARM GAS  /tmp/ccWclncs.s 			page 68


 1501 0464 99070000 		.word	1945
 1502 0468 31080000 		.word	2097
 1503 046c 07080000 		.word	2055
 1504 0470 01080000 		.word	2049
 1505 0474 FF070000 		.word	2047
 1506 0478 EC070000 		.word	2028
 1507 047c 15080000 		.word	2069
 1508 0480 EC070000 		.word	2028
 1509 0484 FF060000 		.word	1791
 1510 0488 23090000 		.word	2339
 1511 048c 09080000 		.word	2057
 1512 0490 7B080000 		.word	2171
 1513 0494 57080000 		.word	2135
 1514 0498 C6070000 		.word	1990
 1515 049c 09080000 		.word	2057
 1516 04a0 39080000 		.word	2105
 1517 04a4 2C080000 		.word	2092
 1518 04a8 04080000 		.word	2052
 1519 04ac F4070000 		.word	2036
 1520 04b0 08080000 		.word	2056
 1521 04b4 DD070000 		.word	2013
 1522 04b8 07080000 		.word	2055
 1523 04bc 04080000 		.word	2052
 1524 04c0 FA070000 		.word	2042
 1525 04c4 FA070000 		.word	2042
 1526 04c8 16080000 		.word	2070
 1527 04cc FE070000 		.word	2046
 1528 04d0 F1070000 		.word	2033
 1529 04d4 FA070000 		.word	2042
 1530 04d8 31080000 		.word	2097
 1531 04dc 0F080000 		.word	2063
 1532 04e0 2A080000 		.word	2090
 1533 04e4 E9070000 		.word	2025
 1534 04e8 0E080000 		.word	2062
 1535 04ec FC070000 		.word	2044
 1536 04f0 FD070000 		.word	2045
 1537 04f4 01080000 		.word	2049
 1538 04f8 FF070000 		.word	2047
 1539 04fc 06080000 		.word	2054
 1540 0500 0B080000 		.word	2059
 1541 0504 54050000 		.word	1364
 1542 0508 3F050000 		.word	1343
 1543 050c 49040000 		.word	1097
 1544 0510 F50B0000 		.word	3061
 1545 0514 E2080000 		.word	2274
 1546 0518 63070000 		.word	1891
 1547 051c FF060000 		.word	1791
 1548 0520 32070000 		.word	1842
 1549 0524 E2080000 		.word	2274
 1550 0528 A8080000 		.word	2216
 1551 052c 0F080000 		.word	2063
 1552 0530 1A070000 		.word	1818
 1553 0534 D2070000 		.word	2002
 1554 0538 3B080000 		.word	2107
 1555 053c FA070000 		.word	2042
 1556 0540 DF070000 		.word	2015
 1557 0544 D7070000 		.word	2007
ARM GAS  /tmp/ccWclncs.s 			page 69


 1558 0548 28080000 		.word	2088
 1559 054c D1070000 		.word	2001
 1560 0550 E9070000 		.word	2025
 1561 0554 02080000 		.word	2050
 1562 0558 F9070000 		.word	2041
 1563 055c EC070000 		.word	2028
 1564 0560 0A080000 		.word	2058
 1565 0564 00080000 		.word	2048
 1566 0568 F6070000 		.word	2038
 1567 056c 0B080000 		.word	2059
 1568 0570 01080000 		.word	2049
 1569 0574 00080000 		.word	2048
 1570 0578 02080000 		.word	2050
 1571 057c 08080000 		.word	2056
 1572 0580 0F080000 		.word	2063
 1573 0584 7B020000 		.word	635
 1574 0588 7D0E0000 		.word	3709
 1575 058c E0040000 		.word	1248
 1576 0590 CF0A0000 		.word	2767
 1577 0594 8E070000 		.word	1934
 1578 0598 4C0D0000 		.word	3404
 1579 059c 66070000 		.word	1894
 1580 05a0 BD090000 		.word	2493
 1581 05a4 2E050000 		.word	1326
 1582 05a8 B10A0000 		.word	2737
 1583 05ac 8D050000 		.word	1421
 1584 05b0 840A0000 		.word	2692
 1585 05b4 36070000 		.word	1846
 1586 05b8 1D070000 		.word	1821
 1587 05bc 2D080000 		.word	2093
 1588 05c0 49080000 		.word	2121
 1589 05c4 4D070000 		.word	1869
 1590 05c8 53080000 		.word	2131
 1591 05cc E7070000 		.word	2023
 1592 05d0 61070000 		.word	1889
 1593 05d4 C2080000 		.word	2242
 1594 05d8 81070000 		.word	1921
 1595 05dc 5A080000 		.word	2138
 1596 05e0 ED070000 		.word	2029
 1597 05e4 CB070000 		.word	1995
 1598 05e8 7C080000 		.word	2172
 1599 05ec 1C080000 		.word	2076
 1600 05f0 07080000 		.word	2055
 1601 05f4 CC070000 		.word	1996
 1602 05f8 52080000 		.word	2130
 1603 05fc 01080000 		.word	2049
 1604 0600 F1070000 		.word	2033
 1605 0604 57060000 		.word	1623
 1606 0608 12070000 		.word	1810
 1607 060c 0F080000 		.word	2063
 1608 0610 0E090000 		.word	2318
 1609 0614 C6080000 		.word	2246
 1610 0618 76070000 		.word	1910
 1611 061c 02080000 		.word	2050
 1612 0620 97070000 		.word	1943
 1613 0624 EF070000 		.word	2031
 1614 0628 E9070000 		.word	2025
ARM GAS  /tmp/ccWclncs.s 			page 70


 1615 062c ED070000 		.word	2029
 1616 0630 1B080000 		.word	2075
 1617 0634 04080000 		.word	2052
 1618 0638 FA070000 		.word	2042
 1619 063c FE070000 		.word	2046
 1620 0640 77080000 		.word	2167
 1621 0644 A5070000 		.word	1957
 1622 0648 F4070000 		.word	2036
 1623 064c 25080000 		.word	2085
 1624 0650 13080000 		.word	2067
 1625 0654 08080000 		.word	2056
 1626 0658 FB070000 		.word	2043
 1627 065c F6070000 		.word	2038
 1628 0660 FA070000 		.word	2042
 1629 0664 FC070000 		.word	2044
 1630 0668 00080000 		.word	2048
 1631 066c 01080000 		.word	2049
 1632 0670 FF070000 		.word	2047
 1633 0674 FC070000 		.word	2044
 1634 0678 FC070000 		.word	2044
 1635 067c 01080000 		.word	2049
 1636 0680 FA070000 		.word	2042
 1637 0684 0D060000 		.word	1549
 1638 0688 63000000 		.word	99
 1639 068c 8A010000 		.word	394
 1640 0690 FB0F0000 		.word	4091
 1641 0694 00000000 		.word	0
 1642 0698 4D0D0000 		.word	3405
 1643 069c 95030000 		.word	917
 1644 06a0 F7080000 		.word	2295
 1645 06a4 64080000 		.word	2148
 1646 06a8 EB080000 		.word	2283
 1647 06ac 84080000 		.word	2180
 1648 06b0 86070000 		.word	1926
 1649 06b4 81070000 		.word	1921
 1650 06b8 69070000 		.word	1897
 1651 06bc AC080000 		.word	2220
 1652 06c0 1D060000 		.word	1565
 1653 06c4 92090000 		.word	2450
 1654 06c8 8E060000 		.word	1678
 1655 06cc 1A080000 		.word	2074
 1656 06d0 EE080000 		.word	2286
 1657 06d4 14070000 		.word	1812
 1658 06d8 BC080000 		.word	2236
 1659 06dc 7C070000 		.word	1916
 1660 06e0 DF070000 		.word	2015
 1661 06e4 56080000 		.word	2134
 1662 06e8 C2070000 		.word	1986
 1663 06ec 1E080000 		.word	2078
 1664 06f0 DB070000 		.word	2011
 1665 06f4 33080000 		.word	2099
 1666 06f8 ED070000 		.word	2029
 1667 06fc FE070000 		.word	2046
 1668 0700 0B080000 		.word	2059
 1669 0704 FE0F0000 		.word	4094
 1670 0708 190E0000 		.word	3609
 1671 070c 0E060000 		.word	1550
ARM GAS  /tmp/ccWclncs.s 			page 71


 1672 0710 4B070000 		.word	1867
 1673 0714 4C090000 		.word	2380
 1674 0718 07090000 		.word	2311
 1675 071c 9E040000 		.word	1182
 1676 0720 30060000 		.word	1584
 1677 0724 3F090000 		.word	2367
 1678 0728 33090000 		.word	2355
 1679 072c 2C080000 		.word	2092
 1680 0730 8A070000 		.word	1930
 1681 0734 B3070000 		.word	1971
 1682 0738 45080000 		.word	2117
 1683 073c 2E080000 		.word	2094
 1684 0740 E2070000 		.word	2018
 1685 0744 F9070000 		.word	2041
 1686 0748 10080000 		.word	2064
 1687 074c E6070000 		.word	2022
 1688 0750 E0070000 		.word	2016
 1689 0754 EC070000 		.word	2028
 1690 0758 02080000 		.word	2050
 1691 075c 22080000 		.word	2082
 1692 0760 0B080000 		.word	2059
 1693 0764 EE070000 		.word	2030
 1694 0768 FB070000 		.word	2043
 1695 076c 01080000 		.word	2049
 1696 0770 09080000 		.word	2057
 1697 0774 EA070000 		.word	2026
 1698 0778 07080000 		.word	2055
 1699 077c FD070000 		.word	2045
 1700 0780 19080000 		.word	2073
 1701 0784 55070000 		.word	1877
 1702 0788 35060000 		.word	1589
 1703 078c 1A080000 		.word	2074
 1704 0790 D9070000 		.word	2009
 1705 0794 6B070000 		.word	1899
 1706 0798 BC070000 		.word	1980
 1707 079c FB070000 		.word	2043
 1708 07a0 3A080000 		.word	2106
 1709 07a4 06080000 		.word	2054
 1710 07a8 07080000 		.word	2055
 1711 07ac FE070000 		.word	2046
 1712 07b0 FE070000 		.word	2046
 1713 07b4 F6070000 		.word	2038
 1714 07b8 FA070000 		.word	2042
 1715 07bc FB070000 		.word	2043
 1716 07c0 D70A0000 		.word	2775
 1717 07c4 740F0000 		.word	3956
 1718 07c8 91010000 		.word	401
 1719 07cc FE0F0000 		.word	4094
 1720 07d0 00000000 		.word	0
 1721 07d4 870F0000 		.word	3975
 1722 07d8 E7040000 		.word	1255
 1723 07dc E9070000 		.word	2025
 1724 07e0 5A090000 		.word	2394
 1725 07e4 B6050000 		.word	1462
 1726 07e8 3F0A0000 		.word	2623
 1727 07ec EF070000 		.word	2031
 1728 07f0 B3070000 		.word	1971
ARM GAS  /tmp/ccWclncs.s 			page 72


 1729 07f4 64070000 		.word	1892
 1730 07f8 95090000 		.word	2453
 1731 07fc 79060000 		.word	1657
 1732 0800 56090000 		.word	2390
 1733 0804 09000000 		.word	9
 1734 0808 3C020000 		.word	572
 1735 080c 70070000 		.word	1904
 1736 0810 06090000 		.word	2310
 1737 0814 050A0000 		.word	2565
 1738 0818 210D0000 		.word	3361
 1739 081c 25090000 		.word	2341
 1740 0820 68090000 		.word	2408
 1741 0824 00040000 		.word	1024
 1742 0828 C5090000 		.word	2501
 1743 082c 44050000 		.word	1348
 1744 0830 6A0A0000 		.word	2666
 1745 0834 A0070000 		.word	1952
 1746 0838 62070000 		.word	1890
 1747 083c 54090000 		.word	2388
 1748 0840 46070000 		.word	1862
 1749 0844 C6080000 		.word	2246
 1750 0848 85080000 		.word	2181
 1751 084c 4C070000 		.word	1868
 1752 0850 1C080000 		.word	2076
 1753 0854 3B080000 		.word	2107
 1754 0858 BC070000 		.word	1980
 1755 085c 78080000 		.word	2168
 1756 0860 C2070000 		.word	1986
 1757 0864 EB070000 		.word	2027
 1758 0868 45080000 		.word	2117
 1759 086c DD070000 		.word	2013
 1760 0870 2C080000 		.word	2092
 1761 0874 B7070000 		.word	1975
 1762 0878 2C080000 		.word	2092
 1763 087c F7070000 		.word	2039
 1764 0880 C9080000 		.word	2249
 1765 0884 390E0000 		.word	3641
 1766 0888 17050000 		.word	1303
 1767 088c E5070000 		.word	2021
 1768 0890 13090000 		.word	2323
 1769 0894 4C0A0000 		.word	2636
 1770 0898 66080000 		.word	2150
 1771 089c 46080000 		.word	2118
 1772 08a0 DA080000 		.word	2266
 1773 08a4 66050000 		.word	1382
 1774 08a8 4A090000 		.word	2378
 1775 08ac 3C050000 		.word	1340
 1776 08b0 8A090000 		.word	2442
 1777 08b4 2A080000 		.word	2090
 1778 08b8 BC070000 		.word	1980
 1779 08bc C0080000 		.word	2240
 1780 08c0 51080000 		.word	2129
 1781 08c4 9C070000 		.word	1948
 1782 08c8 C3080000 		.word	2243
 1783 08cc 92070000 		.word	1938
 1784 08d0 89070000 		.word	1929
 1785 08d4 9E080000 		.word	2206
ARM GAS  /tmp/ccWclncs.s 			page 73


 1786 08d8 7C070000 		.word	1916
 1787 08dc 7E080000 		.word	2174
 1788 08e0 06080000 		.word	2054
 1789 08e4 BB070000 		.word	1979
 1790 08e8 3F080000 		.word	2111
 1791 08ec C6070000 		.word	1990
 1792 08f0 41080000 		.word	2113
 1793 08f4 B4070000 		.word	1972
 1794 08f8 27080000 		.word	2087
 1795 08fc 0F080000 		.word	2063
 1796 0900 980A0000 		.word	2712
 1797 0904 B90F0000 		.word	4025
 1798 0908 910A0000 		.word	2705
 1799 090c D2050000 		.word	1490
 1800 0910 DF050000 		.word	1503
 1801 0914 F2090000 		.word	2546
 1802 0918 2A070000 		.word	1834
 1803 091c 89070000 		.word	1929
 1804 0920 8B060000 		.word	1675
 1805 0924 85070000 		.word	1925
 1806 0928 64080000 		.word	2148
 1807 092c 4E080000 		.word	2126
 1808 0930 D9070000 		.word	2009
 1809 0934 CD070000 		.word	1997
 1810 0938 18080000 		.word	2072
 1811 093c 0A080000 		.word	2058
 1812 0940 0F080000 		.word	2063
 1813 0944 02080000 		.word	2050
 1814 0948 F0070000 		.word	2032
 1815 094c 2F080000 		.word	2095
 1816 0950 1D080000 		.word	2077
 1817 0954 ED070000 		.word	2029
 1818 0958 F3070000 		.word	2035
 1819 095c 09080000 		.word	2057
 1820 0960 FC070000 		.word	2044
 1821 0964 F3070000 		.word	2035
 1822 0968 FA070000 		.word	2042
 1823 096c FD070000 		.word	2045
 1824 0970 05080000 		.word	2053
 1825 0974 F4070000 		.word	2036
 1826 0978 01080000 		.word	2049
 1827 097c F4070000 		.word	2036
 1828 0980 6F050000 		.word	1391
 1829 0984 09020000 		.word	521
 1830 0988 6B070000 		.word	1899
 1831 098c 10090000 		.word	2320
 1832 0990 360B0000 		.word	2870
 1833 0994 CC0A0000 		.word	2764
 1834 0998 FB090000 		.word	2555
 1835 099c EE080000 		.word	2286
 1836 09a0 98050000 		.word	1432
 1837 09a4 4B080000 		.word	2123
 1838 09a8 60050000 		.word	1376
 1839 09ac 430A0000 		.word	2627
 1840 09b0 3D080000 		.word	2109
 1841 09b4 5C090000 		.word	2396
 1842 09b8 7D070000 		.word	1917
ARM GAS  /tmp/ccWclncs.s 			page 74


 1843 09bc 9F090000 		.word	2463
 1844 09c0 88070000 		.word	1928
 1845 09c4 08080000 		.word	2056
 1846 09c8 B0080000 		.word	2224
 1847 09cc D1060000 		.word	1745
 1848 09d0 F9080000 		.word	2297
 1849 09d4 BB070000 		.word	1979
 1850 09d8 98070000 		.word	1944
 1851 09dc 50080000 		.word	2128
 1852 09e0 6D070000 		.word	1901
 1853 09e4 3D080000 		.word	2109
 1854 09e8 FE070000 		.word	2046
 1855 09ec 32080000 		.word	2098
 1856 09f0 EB070000 		.word	2027
 1857 09f4 0F080000 		.word	2063
 1858 09f8 F3070000 		.word	2035
 1859 09fc 41080000 		.word	2113
 1860 0a00 720B0000 		.word	2930
 1861 0a04 20060000 		.word	1568
 1862 0a08 A5050000 		.word	1445
 1863 0a0c A1060000 		.word	1697
 1864 0a10 DE070000 		.word	2014
 1865 0a14 01080000 		.word	2049
 1866 0a18 FD070000 		.word	2045
 1867 0a1c F2070000 		.word	2034
 1868 0a20 06080000 		.word	2054
 1869 0a24 1D080000 		.word	2077
 1870 0a28 E2070000 		.word	2018
 1871 0a2c ED070000 		.word	2029
 1872 0a30 0C080000 		.word	2060
 1873 0a34 F5070000 		.word	2037
 1874 0a38 F5070000 		.word	2037
 1875 0a3c 00080000 		.word	2048
 1876 0a40 A5070000 		.word	1957
 1877 0a44 F0070000 		.word	2032
 1878 0a48 E3070000 		.word	2019
 1879 0a4c F4070000 		.word	2036
 1880 0a50 07080000 		.word	2055
 1881 0a54 F4070000 		.word	2036
 1882 0a58 02080000 		.word	2050
 1883 0a5c 02080000 		.word	2050
 1884 0a60 FD070000 		.word	2045
 1885 0a64 01080000 		.word	2049
 1886 0a68 F7070000 		.word	2039
 1887 0a6c F9070000 		.word	2041
 1888 0a70 FE070000 		.word	2046
 1889 0a74 FD070000 		.word	2045
 1890 0a78 06080000 		.word	2054
 1891 0a7c FB070000 		.word	2043
 1892 0a80 480A0000 		.word	2632
 1893 0a84 CF070000 		.word	1999
 1894 0a88 B3070000 		.word	1971
 1895 0a8c 5E070000 		.word	1886
 1896 0a90 72080000 		.word	2162
 1897 0a94 09080000 		.word	2057
 1898 0a98 66080000 		.word	2150
 1899 0a9c FD070000 		.word	2045
ARM GAS  /tmp/ccWclncs.s 			page 75


 1900 0aa0 D5070000 		.word	2005
 1901 0aa4 DE070000 		.word	2014
 1902 0aa8 FC070000 		.word	2044
 1903 0aac D3070000 		.word	2003
 1904 0ab0 FB070000 		.word	2043
 1905 0ab4 05080000 		.word	2053
 1906 0ab8 F0070000 		.word	2032
 1907 0abc 09080000 		.word	2057
 1908 0ac0 19080000 		.word	2073
 1909 0ac4 F3070000 		.word	2035
 1910 0ac8 F9070000 		.word	2041
 1911 0acc FD070000 		.word	2045
 1912 0ad0 F8070000 		.word	2040
 1913 0ad4 DE070000 		.word	2014
 1914 0ad8 EB070000 		.word	2027
 1915 0adc E9070000 		.word	2025
 1916 0ae0 0F080000 		.word	2063
 1917 0ae4 07080000 		.word	2055
 1918 0ae8 FF070000 		.word	2047
 1919 0aec 00080000 		.word	2048
 1920 0af0 FE070000 		.word	2046
 1921 0af4 FE070000 		.word	2046
 1922 0af8 FD070000 		.word	2045
 1923 0afc E3060000 		.word	1763
 1924 0b00 07000000 		.word	7
 1925 0b04 930A0000 		.word	2707
 1926 0b08 3D080000 		.word	2109
 1927 0b0c 5C060000 		.word	1628
 1928 0b10 88090000 		.word	2440
 1929 0b14 10090000 		.word	2320
 1930 0b18 4A0A0000 		.word	2634
 1931 0b1c 59080000 		.word	2137
 1932 0b20 E1060000 		.word	1761
 1933 0b24 23070000 		.word	1827
 1934 0b28 2C080000 		.word	2092
 1935 0b2c 55080000 		.word	2133
 1936 0b30 0F080000 		.word	2063
 1937 0b34 CC070000 		.word	1996
 1938 0b38 08080000 		.word	2056
 1939 0b3c 0B080000 		.word	2059
 1940 0b40 F9070000 		.word	2041
 1941 0b44 E4070000 		.word	2020
 1942 0b48 EC070000 		.word	2028
 1943 0b4c FD070000 		.word	2045
 1944 0b50 0F080000 		.word	2063
 1945 0b54 00080000 		.word	2048
 1946 0b58 F6070000 		.word	2038
 1947 0b5c FC070000 		.word	2044
 1948 0b60 07080000 		.word	2055
 1949 0b64 13080000 		.word	2067
 1950 0b68 E5070000 		.word	2021
 1951 0b6c 1F080000 		.word	2079
 1952 0b70 F1070000 		.word	2033
 1953 0b74 25080000 		.word	2085
 1954 0b78 FD070000 		.word	2045
 1955 0b7c CC090000 		.word	2508
 1956 0b80 9F060000 		.word	1695
ARM GAS  /tmp/ccWclncs.s 			page 76


 1957 0b84 A0060000 		.word	1696
 1958 0b88 C4080000 		.word	2244
 1959 0b8c 7C080000 		.word	2172
 1960 0b90 CF070000 		.word	1999
 1961 0b94 9C080000 		.word	2204
 1962 0b98 12080000 		.word	2066
 1963 0b9c EB070000 		.word	2027
 1964 0ba0 DD070000 		.word	2013
 1965 0ba4 F3070000 		.word	2035
 1966 0ba8 04080000 		.word	2052
 1967 0bac FD070000 		.word	2045
 1968 0bb0 05080000 		.word	2053
 1969 0bb4 F7070000 		.word	2039
 1970 0bb8 02080000 		.word	2050
 1971 0bbc 06040000 		.word	1030
 1972 0bc0 860A0000 		.word	2694
 1973 0bc4 6D060000 		.word	1645
 1974 0bc8 4B0B0000 		.word	2891
 1975 0bcc 7B020000 		.word	635
 1976 0bd0 EE0E0000 		.word	3822
 1977 0bd4 5B070000 		.word	1883
 1978 0bd8 44090000 		.word	2372
 1979 0bdc C8060000 		.word	1736
 1980 0be0 8D080000 		.word	2189
 1981 0be4 59070000 		.word	1881
 1982 0be8 7E090000 		.word	2430
 1983 0bec E6070000 		.word	2022
 1984 0bf0 0A070000 		.word	1802
 1985 0bf4 09090000 		.word	2313
 1986 0bf8 67070000 		.word	1895
 1987 0bfc BC080000 		.word	2236
 1988 0c00 560E0000 		.word	3670
 1989 0c04 B8090000 		.word	2488
 1990 0c08 01090000 		.word	2305
 1991 0c0c 85080000 		.word	2181
 1992 0c10 DF090000 		.word	2527
 1993 0c14 89050000 		.word	1417
 1994 0c18 57070000 		.word	1879
 1995 0c1c 9F080000 		.word	2207
 1996 0c20 55060000 		.word	1621
 1997 0c24 9B090000 		.word	2459
 1998 0c28 9F050000 		.word	1439
 1999 0c2c 13090000 		.word	2323
 2000 0c30 4C080000 		.word	2124
 2001 0c34 DA070000 		.word	2010
 2002 0c38 38080000 		.word	2104
 2003 0c3c 9D080000 		.word	2205
 2004 0c40 37070000 		.word	1847
 2005 0c44 BF080000 		.word	2239
 2006 0c48 C9070000 		.word	1993
 2007 0c4c 60070000 		.word	1888
 2008 0c50 BB080000 		.word	2235
 2009 0c54 5F070000 		.word	1887
 2010 0c58 73080000 		.word	2163
 2011 0c5c 23080000 		.word	2083
 2012 0c60 AB070000 		.word	1963
 2013 0c64 33080000 		.word	2099
ARM GAS  /tmp/ccWclncs.s 			page 77


 2014 0c68 C3070000 		.word	1987
 2015 0c6c 4B080000 		.word	2123
 2016 0c70 B7070000 		.word	1975
 2017 0c74 1B080000 		.word	2075
 2018 0c78 11080000 		.word	2065
 2019 0c7c FD050000 		.word	1533
 2020 0c80 59080000 		.word	2137
 2021 0c84 95070000 		.word	1941
 2022 0c88 73080000 		.word	2163
 2023 0c8c 53080000 		.word	2131
 2024 0c90 D9070000 		.word	2009
 2025 0c94 1C080000 		.word	2076
 2026 0c98 C5070000 		.word	1989
 2027 0c9c E4070000 		.word	2020
 2028 0ca0 09080000 		.word	2057
 2029 0ca4 D0070000 		.word	2000
 2030 0ca8 0E080000 		.word	2062
 2031 0cac 0C080000 		.word	2060
 2032 0cb0 DA070000 		.word	2010
 2033 0cb4 0F080000 		.word	2063
 2034 0cb8 F6070000 		.word	2038
 2035 0cbc 0F080000 		.word	2063
 2036 0cc0 05080000 		.word	2053
 2037 0cc4 E1070000 		.word	2017
 2038 0cc8 34080000 		.word	2100
 2039 0ccc C5070000 		.word	1989
 2040 0cd0 DB070000 		.word	2011
 2041 0cd4 12080000 		.word	2066
 2042 0cd8 E9070000 		.word	2025
 2043 0cdc FF070000 		.word	2047
 2044 0ce0 FA070000 		.word	2042
 2045 0ce4 06080000 		.word	2054
 2046 0ce8 FD070000 		.word	2045
 2047 0cec 00080000 		.word	2048
 2048 0cf0 FD070000 		.word	2045
 2049 0cf4 00080000 		.word	2048
 2050 0cf8 03080000 		.word	2051
 2051 0cfc 110A0000 		.word	2577
 2052 0d00 04000000 		.word	4
 2053 0d04 3E070000 		.word	1854
 2054 0d08 FF080000 		.word	2303
 2055 0d0c 2A080000 		.word	2090
 2056 0d10 43060000 		.word	1603
 2057 0d14 53080000 		.word	2131
 2058 0d18 000A0000 		.word	2560
 2059 0d1c 41090000 		.word	2369
 2060 0d20 B3070000 		.word	1971
 2061 0d24 EA070000 		.word	2026
 2062 0d28 0B080000 		.word	2059
 2063 0d2c 33080000 		.word	2099
 2064 0d30 F5070000 		.word	2037
 2065 0d34 D8070000 		.word	2008
 2066 0d38 E1070000 		.word	2017
 2067 0d3c 19080000 		.word	2073
 2068 0d40 0F080000 		.word	2063
 2069 0d44 E5070000 		.word	2021
 2070 0d48 08080000 		.word	2056
ARM GAS  /tmp/ccWclncs.s 			page 78


 2071 0d4c 14080000 		.word	2068
 2072 0d50 08080000 		.word	2056
 2073 0d54 F9070000 		.word	2041
 2074 0d58 0E080000 		.word	2062
 2075 0d5c FC070000 		.word	2044
 2076 0d60 08080000 		.word	2056
 2077 0d64 02080000 		.word	2050
 2078 0d68 01080000 		.word	2049
 2079 0d6c 06080000 		.word	2054
 2080 0d70 FD070000 		.word	2045
 2081 0d74 F3070000 		.word	2035
 2082 0d78 60070000 		.word	1888
 2083 0d7c 5B0F0000 		.word	3931
 2084 0d80 7A070000 		.word	1914
 2085 0d84 960C0000 		.word	3222
 2086 0d88 99010000 		.word	409
 2087 0d8c F90A0000 		.word	2809
 2088 0d90 41010000 		.word	321
 2089 0d94 57070000 		.word	1879
 2090 0d98 FC070000 		.word	2044
 2091 0d9c DE070000 		.word	2014
 2092 0da0 46090000 		.word	2374
 2093 0da4 2A070000 		.word	1834
 2094 0da8 0E090000 		.word	2318
 2095 0dac 8C070000 		.word	1932
 2096 0db0 A4090000 		.word	2468
 2097 0db4 31060000 		.word	1585
 2098 0db8 7D090000 		.word	2429
 2099 0dbc DA070000 		.word	2010
 2100 0dc0 3C070000 		.word	1852
 2101 0dc4 AB090000 		.word	2475
 2102 0dc8 FB060000 		.word	1787
 2103 0dcc E4070000 		.word	2020
 2104 0dd0 16080000 		.word	2070
 2105 0dd4 47070000 		.word	1863
 2106 0dd8 7B080000 		.word	2171
 2107 0ddc 9E070000 		.word	1950
 2108 0de0 E7070000 		.word	2023
 2109 0de4 F3070000 		.word	2035
 2110 0de8 46080000 		.word	2118
 2111 0dec F2070000 		.word	2034
 2112 0df0 C8070000 		.word	1992
 2113 0df4 2A080000 		.word	2090
 2114 0df8 77080000 		.word	2167
 2115 0dfc 32060000 		.word	1586
 2116 0e00 A0070000 		.word	1952
 2117 0e04 8B070000 		.word	1931
 2118 0e08 C2080000 		.word	2242
 2119 0e0c 6C080000 		.word	2156
 2120 0e10 1D080000 		.word	2077
 2121 0e14 C3070000 		.word	1987
 2122 0e18 07080000 		.word	2055
 2123 0e1c DC070000 		.word	2012
 2124 0e20 E5070000 		.word	2021
 2125 0e24 F8070000 		.word	2040
 2126 0e28 F4070000 		.word	2036
 2127 0e2c 1B080000 		.word	2075
ARM GAS  /tmp/ccWclncs.s 			page 79


 2128 0e30 F7070000 		.word	2039
 2129 0e34 ED070000 		.word	2029
 2130 0e38 2B080000 		.word	2091
 2131 0e3c E1070000 		.word	2017
 2132 0e40 14080000 		.word	2068
 2133 0e44 0D080000 		.word	2061
 2134 0e48 0C080000 		.word	2060
 2135 0e4c FB070000 		.word	2043
 2136 0e50 FB070000 		.word	2043
 2137 0e54 13080000 		.word	2067
 2138 0e58 E9070000 		.word	2025
 2139 0e5c FE070000 		.word	2046
 2140 0e60 06080000 		.word	2054
 2141 0e64 FE070000 		.word	2046
 2142 0e68 04080000 		.word	2052
 2143 0e6c 03080000 		.word	2051
 2144 0e70 F9070000 		.word	2041
 2145 0e74 05080000 		.word	2053
 2146 0e78 FB070000 		.word	2043
 2147 0e7c 08000000 		.word	8
 2148 0e80 A0020000 		.word	672
 2149 0e84 1A080000 		.word	2074
 2150 0e88 7F090000 		.word	2431
 2151 0e8c 51090000 		.word	2385
 2152 0e90 150D0000 		.word	3349
 2153 0e94 08090000 		.word	2312
 2154 0e98 59090000 		.word	2393
 2155 0e9c 0A040000 		.word	1034
 2156 0ea0 E4090000 		.word	2532
 2157 0ea4 61050000 		.word	1377
 2158 0ea8 7C0A0000 		.word	2684
 2159 0eac 94070000 		.word	1940
 2160 0eb0 64070000 		.word	1892
 2161 0eb4 93090000 		.word	2451
 2162 0eb8 38070000 		.word	1848
 2163 0ebc ED080000 		.word	2285
 2164 0ec0 73080000 		.word	2163
 2165 0ec4 47070000 		.word	1863
 2166 0ec8 27080000 		.word	2087
 2167 0ecc 27080000 		.word	2087
 2168 0ed0 C8070000 		.word	1992
 2169 0ed4 6F080000 		.word	2159
 2170 0ed8 BE070000 		.word	1982
 2171 0edc F3070000 		.word	2035
 2172 0ee0 43080000 		.word	2115
 2173 0ee4 D9070000 		.word	2009
 2174 0ee8 24080000 		.word	2084
 2175 0eec BC070000 		.word	1980
 2176 0ef0 2C080000 		.word	2092
 2177 0ef4 F3070000 		.word	2035
 2178 0ef8 F60F0000 		.word	4086
 2179 0efc A00F0000 		.word	4000
 2180 0f00 02040000 		.word	1026
 2181 0f04 66070000 		.word	1894
 2182 0f08 18070000 		.word	1816
 2183 0f0c 73090000 		.word	2419
 2184 0f10 73060000 		.word	1651
ARM GAS  /tmp/ccWclncs.s 			page 80


 2185 0f14 A4060000 		.word	1700
 2186 0f18 3C080000 		.word	2108
 2187 0f1c 3D090000 		.word	2365
 2188 0f20 91080000 		.word	2193
 2189 0f24 61070000 		.word	1889
 2190 0f28 9D070000 		.word	1949
 2191 0f2c 38080000 		.word	2104
 2192 0f30 35080000 		.word	2101
 2193 0f34 D6070000 		.word	2006
 2194 0f38 06080000 		.word	2054
 2195 0f3c 23080000 		.word	2083
 2196 0f40 DF070000 		.word	2015
 2197 0f44 B5070000 		.word	1973
 2198 0f48 FD070000 		.word	2045
 2199 0f4c F8070000 		.word	2040
 2200 0f50 0A080000 		.word	2058
 2201 0f54 03080000 		.word	2051
 2202 0f58 FB070000 		.word	2043
 2203 0f5c FC070000 		.word	2044
 2204 0f60 11080000 		.word	2065
 2205 0f64 EC070000 		.word	2028
 2206 0f68 07080000 		.word	2055
 2207 0f6c F2070000 		.word	2034
 2208 0f70 15080000 		.word	2069
 2209 0f74 F4070000 		.word	2036
 2210 0f78 F4080000 		.word	2292
 2211 0f7c C0080000 		.word	2240
 2212 0f80 65080000 		.word	2149
 2213 0f84 28070000 		.word	1832
 2214 0f88 21080000 		.word	2081
 2215 0f8c 23080000 		.word	2083
 2216 0f90 B1070000 		.word	1969
 2217 0f94 03080000 		.word	2051
 2218 0f98 DA070000 		.word	2010
 2219 0f9c 25080000 		.word	2085
 2220 0fa0 00080000 		.word	2048
 2221 0fa4 16080000 		.word	2070
 2222 0fa8 01080000 		.word	2049
 2223 0fac 02080000 		.word	2050
 2224 0fb0 F9070000 		.word	2041
 2225 0fb4 B5070000 		.word	1973
 2226 0fb8 DE0B0000 		.word	3038
 2227 0fbc 83020000 		.word	643
 2228 0fc0 8D070000 		.word	1933
 2229 0fc4 820B0000 		.word	2946
 2230 0fc8 03050000 		.word	1283
 2231 0fcc C80B0000 		.word	3016
 2232 0fd0 51060000 		.word	1617
 2233 0fd4 C70A0000 		.word	2759
 2234 0fd8 F2040000 		.word	1266
 2235 0fdc 740A0000 		.word	2676
 2236 0fe0 BE040000 		.word	1214
 2237 0fe4 6F090000 		.word	2415
 2238 0fe8 48080000 		.word	2120
 2239 0fec 4F070000 		.word	1871
 2240 0ff0 04080000 		.word	2052
 2241 0ff4 5C080000 		.word	2140
ARM GAS  /tmp/ccWclncs.s 			page 81


 2242 0ff8 FF070000 		.word	2047
 2243 0ffc FF070000 		.word	2047
 2244              		.global	Guitar_LUT
 2245              		.section	.data.Guitar_LUT,"aw"
 2246              		.align	2
 2249              	Guitar_LUT:
 2250 0000 FF070000 		.word	2047
 2251 0004 FF070000 		.word	2047
 2252 0008 FF070000 		.word	2047
 2253 000c 28080000 		.word	2088
 2254 0010 29090000 		.word	2345
 2255 0014 14080000 		.word	2068
 2256 0018 60070000 		.word	1888
 2257 001c 3E080000 		.word	2110
 2258 0020 9F080000 		.word	2207
 2259 0024 C7070000 		.word	1991
 2260 0028 75060000 		.word	1653
 2261 002c C3060000 		.word	1731
 2262 0030 46080000 		.word	2118
 2263 0034 37090000 		.word	2359
 2264 0038 A0090000 		.word	2464
 2265 003c 62090000 		.word	2402
 2266 0040 6A080000 		.word	2154
 2267 0044 84070000 		.word	1924
 2268 0048 AC070000 		.word	1964
 2269 004c 23080000 		.word	2083
 2270 0050 59080000 		.word	2137
 2271 0054 B2070000 		.word	1970
 2272 0058 F4060000 		.word	1780
 2273 005c A2060000 		.word	1698
 2274 0060 1E070000 		.word	1822
 2275 0064 44080000 		.word	2116
 2276 0068 E9080000 		.word	2281
 2277 006c F4080000 		.word	2292
 2278 0070 7A080000 		.word	2170
 2279 0074 B2070000 		.word	1970
 2280 0078 F8070000 		.word	2040
 2281 007c 78080000 		.word	2168
 2282 0080 B5080000 		.word	2229
 2283 0084 43080000 		.word	2115
 2284 0088 67070000 		.word	1895
 2285 008c C7060000 		.word	1735
 2286 0090 B4060000 		.word	1716
 2287 0094 A6070000 		.word	1958
 2288 0098 A6080000 		.word	2214
 2289 009c EB090000 		.word	2539
 2290 00a0 05080000 		.word	2053
 2291 00a4 9B080000 		.word	2203
 2292 00a8 44080000 		.word	2116
 2293 00ac 4A080000 		.word	2122
 2294 00b0 4B090000 		.word	2379
 2295 00b4 E4070000 		.word	2020
 2296 00b8 DB080000 		.word	2267
 2297 00bc C5060000 		.word	1733
 2298 00c0 EC060000 		.word	1772
 2299 00c4 B2070000 		.word	1970
 2300 00c8 65070000 		.word	1893
ARM GAS  /tmp/ccWclncs.s 			page 82


 2301 00cc 6E090000 		.word	2414
 2302 00d0 9A070000 		.word	1946
 2303 00d4 DD060000 		.word	1757
 2304 00d8 96080000 		.word	2198
 2305 00dc 0A090000 		.word	2314
 2306 00e0 570B0000 		.word	2903
 2307 00e4 82090000 		.word	2434
 2308 00e8 5F0C0000 		.word	3167
 2309 00ec 66070000 		.word	1894
 2310 00f0 65050000 		.word	1381
 2311 00f4 5E080000 		.word	2142
 2312 00f8 2D040000 		.word	1069
 2313 00fc 40090000 		.word	2368
 2314 0100 5F040000 		.word	1119
 2315 0104 71080000 		.word	2161
 2316 0108 37080000 		.word	2103
 2317 010c 86080000 		.word	2182
 2318 0110 BD080000 		.word	2237
 2319 0114 51080000 		.word	2129
 2320 0118 E1070000 		.word	2017
 2321 011c 61080000 		.word	2145
 2322 0120 D6070000 		.word	2006
 2323 0124 21080000 		.word	2081
 2324 0128 F4070000 		.word	2036
 2325 012c E3070000 		.word	2019
 2326 0130 FE070000 		.word	2046
 2327 0134 BA070000 		.word	1978
 2328 0138 42080000 		.word	2114
 2329 013c CD070000 		.word	1997
 2330 0140 1B080000 		.word	2075
 2331 0144 04080000 		.word	2052
 2332 0148 E2070000 		.word	2018
 2333 014c 19080000 		.word	2073
 2334 0150 F4070000 		.word	2036
 2335 0154 3A080000 		.word	2106
 2336 0158 FB070000 		.word	2043
 2337 015c F9070000 		.word	2041
 2338 0160 02080000 		.word	2050
 2339 0164 E9070000 		.word	2025
 2340 0168 EC070000 		.word	2028
 2341 016c EC070000 		.word	2028
 2342 0170 F4070000 		.word	2036
 2343 0174 02080000 		.word	2050
 2344 0178 FA070000 		.word	2042
 2345 017c 1C080000 		.word	2076
 2346 0180 12080000 		.word	2066
 2347 0184 FD070000 		.word	2045
 2348 0188 08080000 		.word	2056
 2349 018c DB070000 		.word	2011
 2350 0190 B0080000 		.word	2224
 2351 0194 41090000 		.word	2369
 2352 0198 AD060000 		.word	1709
 2353 019c 28080000 		.word	2088
 2354 01a0 59070000 		.word	1881
 2355 01a4 FE070000 		.word	2046
 2356 01a8 68080000 		.word	2152
 2357 01ac 47070000 		.word	1863
ARM GAS  /tmp/ccWclncs.s 			page 83


 2358 01b0 AA080000 		.word	2218
 2359 01b4 F1060000 		.word	1777
 2360 01b8 84080000 		.word	2180
 2361 01bc E8070000 		.word	2024
 2362 01c0 82070000 		.word	1922
 2363 01c4 C3080000 		.word	2243
 2364 01c8 E6060000 		.word	1766
 2365 01cc 61080000 		.word	2145
 2366 01d0 E8070000 		.word	2024
 2367 01d4 EA070000 		.word	2026
 2368 01d8 19080000 		.word	2073
 2369 01dc E2070000 		.word	2018
 2370 01e0 06080000 		.word	2054
 2371 01e4 FB070000 		.word	2043
 2372 01e8 F4070000 		.word	2036
 2373 01ec 12080000 		.word	2066
 2374 01f0 EB070000 		.word	2027
 2375 01f4 11080000 		.word	2065
 2376 01f8 F3070000 		.word	2035
 2377 01fc 08080000 		.word	2056
 2378 0200 01080000 		.word	2049
 2379 0204 ED070000 		.word	2029
 2380 0208 10080000 		.word	2064
 2381 020c EB040000 		.word	1259
 2382 0210 89070000 		.word	1929
 2383 0214 740A0000 		.word	2676
 2384 0218 130A0000 		.word	2579
 2385 021c 5B080000 		.word	2139
 2386 0220 C0070000 		.word	1984
 2387 0224 7D070000 		.word	1917
 2388 0228 36060000 		.word	1590
 2389 022c 9B070000 		.word	1947
 2390 0230 9C090000 		.word	2460
 2391 0234 64090000 		.word	2404
 2392 0238 EC070000 		.word	2028
 2393 023c 61070000 		.word	1889
 2394 0240 EB060000 		.word	1771
 2395 0244 37070000 		.word	1847
 2396 0248 88080000 		.word	2184
 2397 024c 9F090000 		.word	2463
 2398 0250 6C080000 		.word	2156
 2399 0254 75070000 		.word	1909
 2400 0258 2F070000 		.word	1839
 2401 025c 94060000 		.word	1684
 2402 0260 8C070000 		.word	1932
 2403 0264 D6080000 		.word	2262
 2404 0268 6A090000 		.word	2410
 2405 026c 0B080000 		.word	2059
 2406 0270 72070000 		.word	1906
 2407 0274 0D070000 		.word	1805
 2408 0278 3D070000 		.word	1853
 2409 027c 5D080000 		.word	2141
 2410 0280 7A090000 		.word	2426
 2411 0284 F3080000 		.word	2291
 2412 0288 F6070000 		.word	2038
 2413 028c 6A070000 		.word	1898
 2414 0290 E0060000 		.word	1760
ARM GAS  /tmp/ccWclncs.s 			page 84


 2415 0294 62070000 		.word	1890
 2416 0298 C3070000 		.word	1987
 2417 029c 69090000 		.word	2409
 2418 02a0 26090000 		.word	2342
 2419 02a4 53070000 		.word	1875
 2420 02a8 0A070000 		.word	1802
 2421 02ac A2070000 		.word	1954
 2422 02b0 0B090000 		.word	2315
 2423 02b4 76080000 		.word	2166
 2424 02b8 DA080000 		.word	2266
 2425 02bc DA080000 		.word	2266
 2426 02c0 5E070000 		.word	1886
 2427 02c4 F4060000 		.word	1780
 2428 02c8 85080000 		.word	2181
 2429 02cc 5E090000 		.word	2398
 2430 02d0 AE060000 		.word	1710
 2431 02d4 CE080000 		.word	2254
 2432 02d8 56070000 		.word	1878
 2433 02dc CC030000 		.word	972
 2434 02e0 6C050000 		.word	1388
 2435 02e4 A5090000 		.word	2469
 2436 02e8 540B0000 		.word	2900
 2437 02ec 8A080000 		.word	2186
 2438 02f0 1D070000 		.word	1821
 2439 02f4 86070000 		.word	1926
 2440 02f8 8F070000 		.word	1935
 2441 02fc 94080000 		.word	2196
 2442 0300 2C090000 		.word	2348
 2443 0304 37070000 		.word	1847
 2444 0308 3F080000 		.word	2111
 2445 030c AE080000 		.word	2222
 2446 0310 CC070000 		.word	1996
 2447 0314 FB070000 		.word	2043
 2448 0318 C0070000 		.word	1984
 2449 031c 24080000 		.word	2084
 2450 0320 FE070000 		.word	2046
 2451 0324 FC070000 		.word	2044
 2452 0328 EA070000 		.word	2026
 2453 032c E3070000 		.word	2019
 2454 0330 0D080000 		.word	2061
 2455 0334 ED070000 		.word	2029
 2456 0338 2A080000 		.word	2090
 2457 033c FE070000 		.word	2046
 2458 0340 F2070000 		.word	2034
 2459 0344 E7070000 		.word	2023
 2460 0348 00080000 		.word	2048
 2461 034c 0F080000 		.word	2063
 2462 0350 12080000 		.word	2066
 2463 0354 0D080000 		.word	2061
 2464 0358 E6070000 		.word	2022
 2465 035c E1070000 		.word	2017
 2466 0360 FF070000 		.word	2047
 2467 0364 FE070000 		.word	2046
 2468 0368 14080000 		.word	2068
 2469 036c F9070000 		.word	2041
 2470 0370 05080000 		.word	2053
 2471 0374 01080000 		.word	2049
ARM GAS  /tmp/ccWclncs.s 			page 85


 2472 0378 E9070000 		.word	2025
 2473 037c F5070000 		.word	2037
 2474 0380 02080000 		.word	2050
 2475 0384 0B080000 		.word	2059
 2476 0388 17080000 		.word	2071
 2477 038c EE070000 		.word	2030
 2478 0390 54070000 		.word	1876
 2479 0394 BA070000 		.word	1978
 2480 0398 65070000 		.word	1893
 2481 039c F9070000 		.word	2041
 2482 03a0 29080000 		.word	2089
 2483 03a4 32080000 		.word	2098
 2484 03a8 C8070000 		.word	1992
 2485 03ac 4F080000 		.word	2127
 2486 03b0 C9080000 		.word	2249
 2487 03b4 DD070000 		.word	2013
 2488 03b8 17080000 		.word	2071
 2489 03bc 44080000 		.word	2116
 2490 03c0 DF070000 		.word	2015
 2491 03c4 AF070000 		.word	1967
 2492 03c8 D6070000 		.word	2006
 2493 03cc 52080000 		.word	2130
 2494 03d0 BE070000 		.word	1982
 2495 03d4 C8070000 		.word	1992
 2496 03d8 1A080000 		.word	2074
 2497 03dc DD070000 		.word	2013
 2498 03e0 EC070000 		.word	2028
 2499 03e4 FE070000 		.word	2046
 2500 03e8 0C080000 		.word	2060
 2501 03ec 03080000 		.word	2051
 2502 03f0 F8070000 		.word	2040
 2503 03f4 F9070000 		.word	2041
 2504 03f8 04080000 		.word	2052
 2505 03fc FD070000 		.word	2045
 2506 0400 FB070000 		.word	2043
 2507 0404 05080000 		.word	2053
 2508 0408 F7070000 		.word	2039
 2509 040c DB080000 		.word	2267
 2510 0410 86080000 		.word	2182
 2511 0414 5C070000 		.word	1884
 2512 0418 97080000 		.word	2199
 2513 041c F2060000 		.word	1778
 2514 0420 BB080000 		.word	2235
 2515 0424 5E070000 		.word	1886
 2516 0428 F0070000 		.word	2032
 2517 042c 24080000 		.word	2084
 2518 0430 F9060000 		.word	1785
 2519 0434 FC080000 		.word	2300
 2520 0438 14070000 		.word	1812
 2521 043c 4C080000 		.word	2124
 2522 0440 21080000 		.word	2081
 2523 0444 0F070000 		.word	1807
 2524 0448 FA080000 		.word	2298
 2525 044c 0B070000 		.word	1803
 2526 0450 B1080000 		.word	2225
 2527 0454 D9070000 		.word	2009
 2528 0458 B4070000 		.word	1972
ARM GAS  /tmp/ccWclncs.s 			page 86


 2529 045c 8E080000 		.word	2190
 2530 0460 0F070000 		.word	1807
 2531 0464 CD080000 		.word	2253
 2532 0468 54070000 		.word	1876
 2533 046c 3D080000 		.word	2109
 2534 0470 45080000 		.word	2117
 2535 0474 59070000 		.word	1881
 2536 0478 CE080000 		.word	2254
 2537 047c 42070000 		.word	1858
 2538 0480 76080000 		.word	2166
 2539 0484 F2070000 		.word	2034
 2540 0488 93070000 		.word	1939
 2541 048c FA080000 		.word	2298
 2542 0490 34070000 		.word	1844
 2543 0494 DA080000 		.word	2266
 2544 0498 D5060000 		.word	1749
 2545 049c C0070000 		.word	1984
 2546 04a0 45080000 		.word	2117
 2547 04a4 53070000 		.word	1875
 2548 04a8 88080000 		.word	2184
 2549 04ac 0A070000 		.word	1802
 2550 04b0 07080000 		.word	2055
 2551 04b4 0F080000 		.word	2063
 2552 04b8 65070000 		.word	1893
 2553 04bc 3D080000 		.word	2109
 2554 04c0 A6070000 		.word	1958
 2555 04c4 8E080000 		.word	2190
 2556 04c8 02070000 		.word	1794
 2557 04cc 8A080000 		.word	2186
 2558 04d0 34060000 		.word	1588
 2559 04d4 160A0000 		.word	2582
 2560 04d8 43080000 		.word	2115
 2561 04dc 3E050000 		.word	1342
 2562 04e0 B1080000 		.word	2225
 2563 04e4 9E080000 		.word	2206
 2564 04e8 53090000 		.word	2387
 2565 04ec 18090000 		.word	2328
 2566 04f0 A3060000 		.word	1699
 2567 04f4 9A080000 		.word	2202
 2568 04f8 8A090000 		.word	2442
 2569 04fc 01060000 		.word	1537
 2570 0500 E8070000 		.word	2024
 2571 0504 49090000 		.word	2377
 2572 0508 8C080000 		.word	2188
 2573 050c 38080000 		.word	2104
 2574 0510 0C080000 		.word	2060
 2575 0514 38080000 		.word	2104
 2576 0518 08080000 		.word	2056
 2577 051c CB070000 		.word	1995
 2578 0520 E3070000 		.word	2019
 2579 0524 1D080000 		.word	2077
 2580 0528 31080000 		.word	2097
 2581 052c E2070000 		.word	2018
 2582 0530 F7070000 		.word	2039
 2583 0534 E6070000 		.word	2022
 2584 0538 01080000 		.word	2049
 2585 053c 0A080000 		.word	2058
ARM GAS  /tmp/ccWclncs.s 			page 87


 2586 0540 E2070000 		.word	2018
 2587 0544 FF070000 		.word	2047
 2588 0548 F5070000 		.word	2037
 2589 054c 01080000 		.word	2049
 2590 0550 01080000 		.word	2049
 2591 0554 E1070000 		.word	2017
 2592 0558 18080000 		.word	2072
 2593 055c FB070000 		.word	2043
 2594 0560 18080000 		.word	2072
 2595 0564 FE070000 		.word	2046
 2596 0568 EB070000 		.word	2027
 2597 056c 09080000 		.word	2057
 2598 0570 01080000 		.word	2049
 2599 0574 12080000 		.word	2066
 2600 0578 E9070000 		.word	2025
 2601 057c F5070000 		.word	2037
 2602 0580 15080000 		.word	2069
 2603 0584 F6070000 		.word	2038
 2604 0588 0D080000 		.word	2061
 2605 058c F1070000 		.word	2033
 2606 0590 11080000 		.word	2065
 2607 0594 35080000 		.word	2101
 2608 0598 3E080000 		.word	2110
 2609 059c 83080000 		.word	2179
 2610 05a0 82080000 		.word	2178
 2611 05a4 A2070000 		.word	1954
 2612 05a8 65070000 		.word	1893
 2613 05ac 92070000 		.word	1938
 2614 05b0 35080000 		.word	2101
 2615 05b4 94080000 		.word	2196
 2616 05b8 92080000 		.word	2194
 2617 05bc F2070000 		.word	2034
 2618 05c0 38070000 		.word	1848
 2619 05c4 8F070000 		.word	1935
 2620 05c8 1B080000 		.word	2075
 2621 05cc 5A080000 		.word	2138
 2622 05d0 6A080000 		.word	2154
 2623 05d4 5B080000 		.word	2139
 2624 05d8 AA070000 		.word	1962
 2625 05dc 41070000 		.word	1857
 2626 05e0 E2070000 		.word	2018
 2627 05e4 26080000 		.word	2086
 2628 05e8 13080000 		.word	2067
 2629 05ec FA070000 		.word	2042
 2630 05f0 F2070000 		.word	2034
 2631 05f4 00080000 		.word	2048
 2632 05f8 0B080000 		.word	2059
 2633 05fc 0D080000 		.word	2061
 2634 0600 00080000 		.word	2048
 2635 0604 F9070000 		.word	2041
 2636 0608 DE070000 		.word	2014
 2637 060c 170A0000 		.word	2583
 2638 0610 69070000 		.word	1897
 2639 0614 67080000 		.word	2151
 2640 0618 74080000 		.word	2164
 2641 061c 5B070000 		.word	1883
 2642 0620 35090000 		.word	2357
ARM GAS  /tmp/ccWclncs.s 			page 88


 2643 0624 39070000 		.word	1849
 2644 0628 85080000 		.word	2181
 2645 062c 07080000 		.word	2055
 2646 0630 8C070000 		.word	1932
 2647 0634 EF080000 		.word	2287
 2648 0638 56070000 		.word	1878
 2649 063c D7080000 		.word	2263
 2650 0640 87070000 		.word	1927
 2651 0644 00080000 		.word	2048
 2652 0648 78080000 		.word	2168
 2653 064c 27070000 		.word	1831
 2654 0650 0E090000 		.word	2318
 2655 0654 30070000 		.word	1840
 2656 0658 71080000 		.word	2161
 2657 065c 38080000 		.word	2104
 2658 0660 80070000 		.word	1920
 2659 0664 B6080000 		.word	2230
 2660 0668 46070000 		.word	1862
 2661 066c 8F080000 		.word	2191
 2662 0670 C2070000 		.word	1986
 2663 0674 DD070000 		.word	2013
 2664 0678 68080000 		.word	2152
 2665 067c 4E070000 		.word	1870
 2666 0680 C7080000 		.word	2247
 2667 0684 6C070000 		.word	1900
 2668 0688 7B070000 		.word	1915
 2669 068c 18070000 		.word	1816
 2670 0690 8B070000 		.word	1931
 2671 0694 E2070000 		.word	2018
 2672 0698 33070000 		.word	1843
 2673 069c DA080000 		.word	2266
 2674 06a0 36080000 		.word	2102
 2675 06a4 1F080000 		.word	2079
 2676 06a8 B5080000 		.word	2229
 2677 06ac B4060000 		.word	1716
 2678 06b0 17080000 		.word	2071
 2679 06b4 6C070000 		.word	1900
 2680 06b8 06080000 		.word	2054
 2681 06bc CE080000 		.word	2254
 2682 06c0 11080000 		.word	2065
 2683 06c4 A7080000 		.word	2215
 2684 06c8 F2070000 		.word	2034
 2685 06cc 3C090000 		.word	2364
 2686 06d0 1A080000 		.word	2074
 2687 06d4 64060000 		.word	1636
 2688 06d8 66080000 		.word	2150
 2689 06dc 1D070000 		.word	1821
 2690 06e0 0C090000 		.word	2316
 2691 06e4 FA050000 		.word	1530
 2692 06e8 DC080000 		.word	2268
 2693 06ec DF080000 		.word	2271
 2694 06f0 74060000 		.word	1652
 2695 06f4 FF060000 		.word	1791
 2696 06f8 92070000 		.word	1938
 2697 06fc 5B080000 		.word	2139
 2698 0700 A7080000 		.word	2215
 2699 0704 BE070000 		.word	1982
ARM GAS  /tmp/ccWclncs.s 			page 89


 2700 0708 4C090000 		.word	2380
 2701 070c 63070000 		.word	1891
 2702 0710 B7060000 		.word	1719
 2703 0714 59060000 		.word	1625
 2704 0718 7D070000 		.word	1917
 2705 071c 16090000 		.word	2326
 2706 0720 BF080000 		.word	2239
 2707 0724 CB070000 		.word	1995
 2708 0728 23070000 		.word	1827
 2709 072c 6D060000 		.word	1645
 2710 0730 06070000 		.word	1798
 2711 0734 5C080000 		.word	2140
 2712 0738 140A0000 		.word	2580
 2713 073c 00090000 		.word	2304
 2714 0740 09080000 		.word	2057
 2715 0744 85070000 		.word	1925
 2716 0748 67070000 		.word	1895
 2717 074c DA070000 		.word	2010
 2718 0750 32090000 		.word	2354
 2719 0754 9A090000 		.word	2458
 2720 0758 61080000 		.word	2145
 2721 075c 0D070000 		.word	1805
 2722 0760 81060000 		.word	1665
 2723 0764 98060000 		.word	1688
 2724 0768 CC070000 		.word	1996
 2725 076c 27090000 		.word	2343
 2726 0770 D9080000 		.word	2265
 2727 0774 EE070000 		.word	2030
 2728 0778 56070000 		.word	1878
 2729 077c 20070000 		.word	1824
 2730 0780 8D070000 		.word	1933
 2731 0784 B1080000 		.word	2225
 2732 0788 76090000 		.word	2422
 2733 078c 20080000 		.word	2080
 2734 0790 00080000 		.word	2048
 2735 0794 5C080000 		.word	2140
 2736 0798 89070000 		.word	1929
 2737 079c A4060000 		.word	1700
 2738 07a0 87090000 		.word	2439
 2739 07a4 C0090000 		.word	2496
 2740 07a8 8A060000 		.word	1674
 2741 07ac EE060000 		.word	1774
 2742 07b0 0D080000 		.word	2061
 2743 07b4 54070000 		.word	1876
 2744 07b8 67070000 		.word	1895
 2745 07bc 230A0000 		.word	2595
 2746 07c0 3D090000 		.word	2365
 2747 07c4 88060000 		.word	1672
 2748 07c8 EE060000 		.word	1774
 2749 07cc DD060000 		.word	1757
 2750 07d0 FA050000 		.word	1530
 2751 07d4 30070000 		.word	1840
 2752 07d8 700A0000 		.word	2672
 2753 07dc 5A090000 		.word	2394
 2754 07e0 07070000 		.word	1799
 2755 07e4 89070000 		.word	1929
 2756 07e8 BD070000 		.word	1981
ARM GAS  /tmp/ccWclncs.s 			page 90


 2757 07ec 78070000 		.word	1912
 2758 07f0 6A080000 		.word	2154
 2759 07f4 28090000 		.word	2344
 2760 07f8 AC080000 		.word	2220
 2761 07fc BE060000 		.word	1726
 2762 0800 0A070000 		.word	1802
 2763 0804 31080000 		.word	2097
 2764 0808 C7080000 		.word	2247
 2765 080c CC070000 		.word	1996
 2766 0810 15070000 		.word	1813
 2767 0814 21080000 		.word	2081
 2768 0818 C2070000 		.word	1986
 2769 081c DF060000 		.word	1759
 2770 0820 2C060000 		.word	1580
 2771 0824 F7070000 		.word	2039
 2772 0828 7D090000 		.word	2429
 2773 082c D7090000 		.word	2519
 2774 0830 71090000 		.word	2417
 2775 0834 6D080000 		.word	2157
 2776 0838 7D070000 		.word	1917
 2777 083c C3070000 		.word	1987
 2778 0840 FD070000 		.word	2045
 2779 0844 68080000 		.word	2152
 2780 0848 CB070000 		.word	1995
 2781 084c E5060000 		.word	1765
 2782 0850 8D060000 		.word	1677
 2783 0854 EF060000 		.word	1775
 2784 0858 44080000 		.word	2116
 2785 085c 1C090000 		.word	2332
 2786 0860 08090000 		.word	2312
 2787 0864 81080000 		.word	2177
 2788 0868 AC070000 		.word	1964
 2789 086c F0070000 		.word	2032
 2790 0870 5D080000 		.word	2141
 2791 0874 C2080000 		.word	2242
 2792 0878 5B080000 		.word	2139
 2793 087c 6A070000 		.word	1898
 2794 0880 C3060000 		.word	1731
 2795 0884 A0060000 		.word	1696
 2796 0888 9C070000 		.word	1948
 2797 088c 51080000 		.word	2129
 2798 0890 7B080000 		.word	2171
 2799 0894 C8070000 		.word	1992
 2800 0898 87080000 		.word	2183
 2801 089c 49080000 		.word	2121
 2802 08a0 FD070000 		.word	2045
 2803 08a4 1D090000 		.word	2333
 2804 08a8 E2070000 		.word	2018
 2805 08ac 1F080000 		.word	2079
 2806 08b0 B2060000 		.word	1714
 2807 08b4 B5060000 		.word	1717
 2808 08b8 79070000 		.word	1913
 2809 08bc 7A070000 		.word	1914
 2810 08c0 44090000 		.word	2372
 2811 08c4 EB070000 		.word	2027
 2812 08c8 AC080000 		.word	2220
 2813 08cc 42070000 		.word	1858
ARM GAS  /tmp/ccWclncs.s 			page 91


 2814 08d0 A80A0000 		.word	2728
 2815 08d4 4C0A0000 		.word	2636
 2816 08d8 16090000 		.word	2326
 2817 08dc D6070000 		.word	2006
 2818 08e0 54080000 		.word	2132
 2819 08e4 71060000 		.word	1649
 2820 08e8 9B070000 		.word	1947
 2821 08ec C3070000 		.word	1987
 2822 08f0 33090000 		.word	2355
 2823 08f4 B8050000 		.word	1464
 2824 08f8 C4080000 		.word	2244
 2825 08fc 11080000 		.word	2065
 2826 0900 B4060000 		.word	1716
 2827 0904 45080000 		.word	2117
 2828 0908 5A080000 		.word	2138
 2829 090c F8070000 		.word	2040
 2830 0910 4E080000 		.word	2126
 2831 0914 00080000 		.word	2048
 2832 0918 08080000 		.word	2056
 2833 091c C9070000 		.word	1993
 2834 0920 F8070000 		.word	2040
 2835 0924 F7070000 		.word	2039
 2836 0928 F0070000 		.word	2032
 2837 092c 1B080000 		.word	2075
 2838 0930 E0070000 		.word	2016
 2839 0934 01080000 		.word	2049
 2840 0938 E3070000 		.word	2019
 2841 093c 01080000 		.word	2049
 2842 0940 16080000 		.word	2070
 2843 0944 F2070000 		.word	2034
 2844 0948 1D080000 		.word	2077
 2845 094c 07080000 		.word	2055
 2846 0950 F0070000 		.word	2032
 2847 0954 F5070000 		.word	2037
 2848 0958 E4070000 		.word	2020
 2849 095c 06080000 		.word	2054
 2850 0960 F5070000 		.word	2037
 2851 0964 0E080000 		.word	2062
 2852 0968 00080000 		.word	2048
 2853 096c F8070000 		.word	2040
 2854 0970 FD070000 		.word	2045
 2855 0974 FF070000 		.word	2047
 2856 0978 01080000 		.word	2049
 2857 097c 0B080000 		.word	2059
 2858 0980 F2070000 		.word	2034
 2859 0984 17080000 		.word	2071
 2860 0988 84070000 		.word	1924
 2861 098c 36090000 		.word	2358
 2862 0990 C9060000 		.word	1737
 2863 0994 A8080000 		.word	2216
 2864 0998 4E080000 		.word	2126
 2865 099c 31080000 		.word	2097
 2866 09a0 10090000 		.word	2320
 2867 09a4 67070000 		.word	1895
 2868 09a8 D7080000 		.word	2263
 2869 09ac 67070000 		.word	1895
 2870 09b0 40080000 		.word	2112
ARM GAS  /tmp/ccWclncs.s 			page 92


 2871 09b4 49080000 		.word	2121
 2872 09b8 53070000 		.word	1875
 2873 09bc 23090000 		.word	2339
 2874 09c0 23070000 		.word	1827
 2875 09c4 56080000 		.word	2134
 2876 09c8 11080000 		.word	2065
 2877 09cc E8070000 		.word	2024
 2878 09d0 13080000 		.word	2067
 2879 09d4 EA070000 		.word	2026
 2880 09d8 07080000 		.word	2055
 2881 09dc F7070000 		.word	2039
 2882 09e0 F6070000 		.word	2038
 2883 09e4 15080000 		.word	2069
 2884 09e8 EE070000 		.word	2030
 2885 09ec 14080000 		.word	2068
 2886 09f0 F9070000 		.word	2041
 2887 09f4 FA070000 		.word	2042
 2888 09f8 06080000 		.word	2054
 2889 09fc EB070000 		.word	2027
 2890 0a00 12080000 		.word	2066
 2891 0a04 9A050000 		.word	1434
 2892 0a08 30070000 		.word	1840
 2893 0a0c 6E090000 		.word	2414
 2894 0a10 B10A0000 		.word	2737
 2895 0a14 A3090000 		.word	2467
 2896 0a18 87080000 		.word	2183
 2897 0a1c 0B080000 		.word	2059
 2898 0a20 FC060000 		.word	1788
 2899 0a24 0D070000 		.word	1805
 2900 0a28 D5080000 		.word	2261
 2901 0a2c 59090000 		.word	2393
 2902 0a30 52080000 		.word	2130
 2903 0a34 36070000 		.word	1846
 2904 0a38 DC060000 		.word	1756
 2905 0a3c B6060000 		.word	1718
 2906 0a40 9B070000 		.word	1947
 2907 0a44 2E090000 		.word	2350
 2908 0a48 37090000 		.word	2359
 2909 0a4c 1B080000 		.word	2075
 2910 0a50 AB070000 		.word	1963
 2911 0a54 2B070000 		.word	1835
 2912 0a58 6E070000 		.word	1902
 2913 0a5c 5F080000 		.word	2143
 2914 0a60 2B090000 		.word	2347
 2915 0a64 B4080000 		.word	2228
 2916 0a68 8F070000 		.word	1935
 2917 0a6c 2E070000 		.word	1838
 2918 0a70 F1060000 		.word	1777
 2919 0a74 A1070000 		.word	1953
 2920 0a78 C8080000 		.word	2248
 2921 0a7c 09090000 		.word	2313
 2922 0a80 4E080000 		.word	2126
 2923 0a84 78070000 		.word	1912
 2924 0a88 D3070000 		.word	2003
 2925 0a8c 0C080000 		.word	2060
 2926 0a90 3A080000 		.word	2106
 2927 0a94 49090000 		.word	2377
ARM GAS  /tmp/ccWclncs.s 			page 93


 2928 0a98 9B080000 		.word	2203
 2929 0a9c 35090000 		.word	2357
 2930 0aa0 C8070000 		.word	1992
 2931 0aa4 FA060000 		.word	1786
 2932 0aa8 D2070000 		.word	2002
 2933 0aac 56080000 		.word	2134
 2934 0ab0 93080000 		.word	2195
 2935 0ab4 13080000 		.word	2067
 2936 0ab8 55080000 		.word	2133
 2937 0abc B5070000 		.word	1973
 2938 0ac0 D4060000 		.word	1748
 2939 0ac4 0D080000 		.word	2061
 2940 0ac8 B30A0000 		.word	2739
 2941 0acc FF070000 		.word	2047
 2942 0ad0 D20A0000 		.word	2770
 2943 0ad4 C7070000 		.word	1991
 2944 0ad8 25060000 		.word	1573
 2945 0adc C4070000 		.word	1988
 2946 0ae0 3C090000 		.word	2364
 2947 0ae4 B4080000 		.word	2228
 2948 0ae8 6B060000 		.word	1643
 2949 0aec 32090000 		.word	2354
 2950 0af0 1A080000 		.word	2074
 2951 0af4 72080000 		.word	2162
 2952 0af8 BA070000 		.word	1978
 2953 0afc 4A080000 		.word	2122
 2954 0b00 61090000 		.word	2401
 2955 0b04 CE070000 		.word	1998
 2956 0b08 DF070000 		.word	2015
 2957 0b0c C1070000 		.word	1985
 2958 0b10 D1070000 		.word	2001
 2959 0b14 EB070000 		.word	2027
 2960 0b18 08080000 		.word	2056
 2961 0b1c 0E080000 		.word	2062
 2962 0b20 0F080000 		.word	2063
 2963 0b24 C7070000 		.word	1991
 2964 0b28 0A080000 		.word	2058
 2965 0b2c 1E080000 		.word	2078
 2966 0b30 24080000 		.word	2084
 2967 0b34 27080000 		.word	2087
 2968 0b38 DD070000 		.word	2013
 2969 0b3c E9070000 		.word	2025
 2970 0b40 D7070000 		.word	2007
 2971 0b44 11080000 		.word	2065
 2972 0b48 10080000 		.word	2064
 2973 0b4c F7070000 		.word	2039
 2974 0b50 FF070000 		.word	2047
 2975 0b54 03080000 		.word	2051
 2976 0b58 FB070000 		.word	2043
 2977 0b5c 02080000 		.word	2050
 2978 0b60 F7070000 		.word	2039
 2979 0b64 F4070000 		.word	2036
 2980 0b68 0B080000 		.word	2059
 2981 0b6c 00080000 		.word	2048
 2982 0b70 07080000 		.word	2055
 2983 0b74 F5070000 		.word	2037
 2984 0b78 FA070000 		.word	2042
ARM GAS  /tmp/ccWclncs.s 			page 94


 2985 0b7c 03080000 		.word	2051
 2986 0b80 21080000 		.word	2081
 2987 0b84 E6070000 		.word	2022
 2988 0b88 A9070000 		.word	1961
 2989 0b8c 2C080000 		.word	2092
 2990 0b90 BB060000 		.word	1723
 2991 0b94 14070000 		.word	1812
 2992 0b98 22090000 		.word	2338
 2993 0b9c 65070000 		.word	1893
 2994 0ba0 BC080000 		.word	2236
 2995 0ba4 57080000 		.word	2135
 2996 0ba8 B8080000 		.word	2232
 2997 0bac CA070000 		.word	1994
 2998 0bb0 93070000 		.word	1939
 2999 0bb4 F2080000 		.word	2290
 3000 0bb8 80070000 		.word	1920
 3001 0bbc 2D080000 		.word	2093
 3002 0bc0 D7070000 		.word	2007
 3003 0bc4 F9070000 		.word	2041
 3004 0bc8 A8070000 		.word	1960
 3005 0bcc 7E070000 		.word	1918
 3006 0bd0 AC080000 		.word	2220
 3007 0bd4 BC070000 		.word	1980
 3008 0bd8 0D080000 		.word	2061
 3009 0bdc 06080000 		.word	2054
 3010 0be0 07080000 		.word	2055
 3011 0be4 04080000 		.word	2052
 3012 0be8 F0070000 		.word	2032
 3013 0bec FC070000 		.word	2044
 3014 0bf0 FB070000 		.word	2043
 3015 0bf4 F8070000 		.word	2040
 3016 0bf8 00080000 		.word	2048
 3017 0bfc 08080000 		.word	2056
 3018 0c00 01080000 		.word	2049
 3019 0c04 C9080000 		.word	2249
 3020 0c08 FA080000 		.word	2298
 3021 0c0c 15070000 		.word	1813
 3022 0c10 75080000 		.word	2165
 3023 0c14 A4060000 		.word	1700
 3024 0c18 CE080000 		.word	2254
 3025 0c1c D4070000 		.word	2004
 3026 0c20 18070000 		.word	1816
 3027 0c24 FC080000 		.word	2300
 3028 0c28 90060000 		.word	1680
 3029 0c2c F2080000 		.word	2290
 3030 0c30 BF070000 		.word	1983
 3031 0c34 C0070000 		.word	1984
 3032 0c38 69080000 		.word	2153
 3033 0c3c ED060000 		.word	1773
 3034 0c40 B2080000 		.word	2226
 3035 0c44 34070000 		.word	1844
 3036 0c48 54080000 		.word	2132
 3037 0c4c 55080000 		.word	2133
 3038 0c50 21070000 		.word	1825
 3039 0c54 F2080000 		.word	2290
 3040 0c58 17070000 		.word	1815
 3041 0c5c 8B080000 		.word	2187
ARM GAS  /tmp/ccWclncs.s 			page 95


 3042 0c60 FD070000 		.word	2045
 3043 0c64 97070000 		.word	1943
 3044 0c68 88080000 		.word	2184
 3045 0c6c 29070000 		.word	1833
 3046 0c70 C1080000 		.word	2241
 3047 0c74 6F070000 		.word	1903
 3048 0c78 35080000 		.word	2101
 3049 0c7c 53080000 		.word	2131
 3050 0c80 21070000 		.word	1825
 3051 0c84 DF080000 		.word	2271
 3052 0c88 C9070000 		.word	1993
 3053 0c8c 0E080000 		.word	2062
 3054 0c90 03070000 		.word	1795
 3055 0c94 AB070000 		.word	1963
 3056 0c98 53080000 		.word	2131
 3057 0c9c 0D070000 		.word	1805
 3058 0ca0 83080000 		.word	2179
 3059 0ca4 1B070000 		.word	1819
 3060 0ca8 65080000 		.word	2149
 3061 0cac D0070000 		.word	2000
 3062 0cb0 F9060000 		.word	1785
 3063 0cb4 18090000 		.word	2328
 3064 0cb8 6D070000 		.word	1901
 3065 0cbc 09080000 		.word	2057
 3066 0cc0 7A070000 		.word	1914
 3067 0cc4 62080000 		.word	2146
 3068 0cc8 A0070000 		.word	1952
 3069 0ccc 2D060000 		.word	1581
 3070 0cd0 C70A0000 		.word	2759
 3071 0cd4 9D090000 		.word	2461
 3072 0cd8 4E040000 		.word	1102
 3073 0cdc 54080000 		.word	2132
 3074 0ce0 47070000 		.word	1863
 3075 0ce4 C0080000 		.word	2240
 3076 0ce8 74060000 		.word	1652
 3077 0cec AE070000 		.word	1966
 3078 0cf0 B1070000 		.word	1969
 3079 0cf4 40090000 		.word	2368
 3080 0cf8 0A070000 		.word	1802
 3081 0cfc 4B060000 		.word	1611
 3082 0d00 6A080000 		.word	2154
 3083 0d04 4F080000 		.word	2127
 3084 0d08 C8070000 		.word	1992
 3085 0d0c 15080000 		.word	2069
 3086 0d10 DA070000 		.word	2010
 3087 0d14 08080000 		.word	2056
 3088 0d18 ED070000 		.word	2029
 3089 0d1c E2070000 		.word	2018
 3090 0d20 12080000 		.word	2066
 3091 0d24 F8070000 		.word	2040
 3092 0d28 02080000 		.word	2050
 3093 0d2c E7070000 		.word	2023
 3094 0d30 F6070000 		.word	2038
 3095 0d34 0F080000 		.word	2063
 3096 0d38 FA070000 		.word	2042
 3097 0d3c 04080000 		.word	2052
 3098 0d40 F7070000 		.word	2039
ARM GAS  /tmp/ccWclncs.s 			page 96


 3099 0d44 FB070000 		.word	2043
 3100 0d48 13080000 		.word	2067
 3101 0d4c 05080000 		.word	2053
 3102 0d50 17080000 		.word	2071
 3103 0d54 EA070000 		.word	2026
 3104 0d58 03080000 		.word	2051
 3105 0d5c 0A080000 		.word	2058
 3106 0d60 F3070000 		.word	2035
 3107 0d64 03080000 		.word	2051
 3108 0d68 EC070000 		.word	2028
 3109 0d6c 11080000 		.word	2065
 3110 0d70 05080000 		.word	2053
 3111 0d74 E4070000 		.word	2020
 3112 0d78 0D080000 		.word	2061
 3113 0d7c 05080000 		.word	2053
 3114 0d80 FC070000 		.word	2044
 3115 0d84 E8070000 		.word	2024
 3116 0d88 FD070000 		.word	2045
 3117 0d8c 2E080000 		.word	2094
 3118 0d90 4A080000 		.word	2122
 3119 0d94 43080000 		.word	2115
 3120 0d98 81080000 		.word	2177
 3121 0d9c 24080000 		.word	2084
 3122 0da0 86070000 		.word	1926
 3123 0da4 9C070000 		.word	1948
 3124 0da8 FE070000 		.word	2046
 3125 0dac 46080000 		.word	2118
 3126 0db0 A2080000 		.word	2210
 3127 0db4 73080000 		.word	2163
 3128 0db8 8F070000 		.word	1935
 3129 0dbc 2D070000 		.word	1837
 3130 0dc0 D5070000 		.word	2005
 3131 0dc4 56080000 		.word	2134
 3132 0dc8 57080000 		.word	2135
 3133 0dcc 72080000 		.word	2162
 3134 0dd0 23080000 		.word	2083
 3135 0dd4 67070000 		.word	1895
 3136 0dd8 A4070000 		.word	1956
 3137 0ddc 12080000 		.word	2066
 3138 0de0 10080000 		.word	2064
 3139 0de4 03080000 		.word	2051
 3140 0de8 F0070000 		.word	2032
 3141 0dec F8070000 		.word	2040
 3142 0df0 00080000 		.word	2048
 3143 0df4 11080000 		.word	2065
 3144 0df8 09080000 		.word	2057
 3145 0dfc FB070000 		.word	2043
 3146 0e00 DF070000 		.word	2015
 3147 0e04 6E0A0000 		.word	2670
 3148 0e08 93080000 		.word	2195
 3149 0e0c 63070000 		.word	1891
 3150 0e10 39090000 		.word	2361
 3151 0e14 79070000 		.word	1913
 3152 0e18 42090000 		.word	2370
 3153 0e1c AA070000 		.word	1962
 3154 0e20 86080000 		.word	2182
 3155 0e24 89070000 		.word	1929
ARM GAS  /tmp/ccWclncs.s 			page 97


 3156 0e28 78070000 		.word	1912
 3157 0e2c 04090000 		.word	2308
 3158 0e30 22070000 		.word	1826
 3159 0e34 07090000 		.word	2311
 3160 0e38 E0070000 		.word	2016
 3161 0e3c A2070000 		.word	1954
 3162 0e40 D0080000 		.word	2256
 3163 0e44 05070000 		.word	1797
 3164 0e48 EA080000 		.word	2282
 3165 0e4c 69070000 		.word	1897
 3166 0e50 18080000 		.word	2072
 3167 0e54 62080000 		.word	2146
 3168 0e58 1E070000 		.word	1822
 3169 0e5c 10090000 		.word	2320
 3170 0e60 0C070000 		.word	1804
 3171 0e64 AF080000 		.word	2223
 3172 0e68 0B080000 		.word	2059
 3173 0e6c A0070000 		.word	1952
 3174 0e70 9C080000 		.word	2204
 3175 0e74 36070000 		.word	1846
 3176 0e78 AE080000 		.word	2222
 3177 0e7c 9C070000 		.word	1948
 3178 0e80 5C060000 		.word	1628
 3179 0e84 EE070000 		.word	2030
 3180 0e88 F1060000 		.word	1777
 3181 0e8c A1080000 		.word	2209
 3182 0e90 B8070000 		.word	1976
 3183 0e94 6F080000 		.word	2159
 3184 0e98 81080000 		.word	2177
 3185 0e9c 07080000 		.word	2055
 3186 0ea0 A5070000 		.word	1957
 3187 0ea4 D3060000 		.word	1747
 3188 0ea8 98080000 		.word	2200
 3189 0eac 90070000 		.word	1936
 3190 0eb0 D0080000 		.word	2256
 3191 0eb4 D0080000 		.word	2256
 3192 0eb8 B2070000 		.word	1970
 3193 0ebc 34090000 		.word	2356
 3194 0ec0 12070000 		.word	1810
 3195 0ec4 D3070000 		.word	2003
 3196 0ec8 C7080000 		.word	2247
 3197 0ecc DD040000 		.word	1245
 3198 0ed0 F9090000 		.word	2553
 3199 0ed4 8C070000 		.word	1932
 3200 0ed8 7E070000 		.word	1918
 3201 0edc 57060000 		.word	1623
 3202 0ee0 85090000 		.word	2437
 3203 0ee4 81060000 		.word	1665
 3204 0ee8 57060000 		.word	1623
 3205 0eec 9A080000 		.word	2202
 3206 0ef0 F2070000 		.word	2034
 3207 0ef4 52080000 		.word	2130
 3208 0ef8 23080000 		.word	2083
 3209 0efc 39080000 		.word	2105
 3210 0f00 8A090000 		.word	2442
 3211 0f04 91060000 		.word	1681
 3212 0f08 03060000 		.word	1539
ARM GAS  /tmp/ccWclncs.s 			page 98


 3213 0f0c 7D060000 		.word	1661
 3214 0f10 50060000 		.word	1616
 3215 0f14 53080000 		.word	2131
 3216 0f18 E2090000 		.word	2530
 3217 0f1c 6A090000 		.word	2410
 3218 0f20 2A080000 		.word	2090
 3219 0f24 96070000 		.word	1942
 3220 0f28 39070000 		.word	1849
 3221 0f2c 66070000 		.word	1894
 3222 0f30 FD080000 		.word	2301
 3223 0f34 42090000 		.word	2370
 3224 0f38 20080000 		.word	2080
 3225 0f3c 2A070000 		.word	1834
 3226 0f40 C1060000 		.word	1729
 3227 0f44 D4060000 		.word	1748
 3228 0f48 0F080000 		.word	2063
 3229 0f4c 8B090000 		.word	2443
 3230 0f50 5C090000 		.word	2396
 3231 0f54 EA070000 		.word	2026
 3232 0f58 A3070000 		.word	1955
 3233 0f5c 1B070000 		.word	1819
 3234 0f60 85070000 		.word	1925
 3235 0f64 A4080000 		.word	2212
 3236 0f68 7D090000 		.word	2429
 3237 0f6c A1080000 		.word	2209
 3238 0f70 57070000 		.word	1879
 3239 0f74 E3060000 		.word	1763
 3240 0f78 BB060000 		.word	1723
 3241 0f7c 89070000 		.word	1929
 3242 0f80 F8080000 		.word	2296
 3243 0f84 EE070000 		.word	2030
 3244 0f88 8D080000 		.word	2189
 3245 0f8c 64080000 		.word	2148
 3246 0f90 81060000 		.word	1665
 3247 0f94 2F070000 		.word	1839
 3248 0f98 E6090000 		.word	2534
 3249 0f9c 94090000 		.word	2452
 3250 0fa0 90070000 		.word	1936
 3251 0fa4 97080000 		.word	2199
 3252 0fa8 48080000 		.word	2120
 3253 0fac D2050000 		.word	1490
 3254 0fb0 80070000 		.word	1920
 3255 0fb4 85090000 		.word	2437
 3256 0fb8 88080000 		.word	2184
 3257 0fbc 3A070000 		.word	1850
 3258 0fc0 AB080000 		.word	2219
 3259 0fc4 E6070000 		.word	2022
 3260 0fc8 D4040000 		.word	1236
 3261 0fcc 41090000 		.word	2369
 3262 0fd0 D70A0000 		.word	2775
 3263 0fd4 F3080000 		.word	2291
 3264 0fd8 52080000 		.word	2130
 3265 0fdc 84080000 		.word	2180
 3266 0fe0 2D070000 		.word	1837
 3267 0fe4 BD060000 		.word	1725
 3268 0fe8 AA080000 		.word	2218
 3269 0fec 8D080000 		.word	2189
ARM GAS  /tmp/ccWclncs.s 			page 99


 3270 0ff0 79080000 		.word	2169
 3271 0ff4 FE070000 		.word	2046
 3272 0ff8 B9070000 		.word	1977
 3273 0ffc FD070000 		.word	2045
 3274              		.global	Piano_LUT
 3275              		.section	.data.Piano_LUT,"aw"
 3276              		.align	2
 3279              	Piano_LUT:
 3280 0000 FF070000 		.word	2047
 3281 0004 FF070000 		.word	2047
 3282 0008 1B050000 		.word	1307
 3283 000c 3D080000 		.word	2109
 3284 0010 8B040000 		.word	1163
 3285 0014 76080000 		.word	2166
 3286 0018 630B0000 		.word	2915
 3287 001c C8060000 		.word	1736
 3288 0020 76080000 		.word	2166
 3289 0024 9B090000 		.word	2459
 3290 0028 3B070000 		.word	1851
 3291 002c 28080000 		.word	2088
 3292 0030 1B080000 		.word	2075
 3293 0034 86070000 		.word	1926
 3294 0038 11080000 		.word	2065
 3295 003c 21070000 		.word	1825
 3296 0040 8D070000 		.word	1933
 3297 0044 CF080000 		.word	2255
 3298 0048 1C080000 		.word	2076
 3299 004c F2070000 		.word	2034
 3300 0050 55080000 		.word	2133
 3301 0054 F6070000 		.word	2038
 3302 0058 F6070000 		.word	2038
 3303 005c 15080000 		.word	2069
 3304 0060 F7070000 		.word	2039
 3305 0064 EF070000 		.word	2031
 3306 0068 F8070000 		.word	2040
 3307 006c E4070000 		.word	2020
 3308 0070 0F080000 		.word	2063
 3309 0074 1C080000 		.word	2076
 3310 0078 E1070000 		.word	2017
 3311 007c 07080000 		.word	2055
 3312 0080 0B080000 		.word	2059
 3313 0084 F1070000 		.word	2033
 3314 0088 F8070000 		.word	2040
 3315 008c 30080000 		.word	2096
 3316 0090 F2070000 		.word	2034
 3317 0094 E0070000 		.word	2016
 3318 0098 F8070000 		.word	2040
 3319 009c FA070000 		.word	2042
 3320 00a0 1E080000 		.word	2078
 3321 00a4 01080000 		.word	2049
 3322 00a8 FA070000 		.word	2042
 3323 00ac 0C080000 		.word	2060
 3324 00b0 FF070000 		.word	2047
 3325 00b4 F8070000 		.word	2040
 3326 00b8 00080000 		.word	2048
 3327 00bc 0B080000 		.word	2059
 3328 00c0 F1070000 		.word	2033
ARM GAS  /tmp/ccWclncs.s 			page 100


 3329 00c4 FA070000 		.word	2042
 3330 00c8 F8080000 		.word	2296
 3331 00cc A0050000 		.word	1440
 3332 00d0 83090000 		.word	2435
 3333 00d4 5B070000 		.word	1883
 3334 00d8 13090000 		.word	2323
 3335 00dc F1060000 		.word	1777
 3336 00e0 4E080000 		.word	2126
 3337 00e4 1D070000 		.word	1821
 3338 00e8 7D080000 		.word	2173
 3339 00ec 25080000 		.word	2085
 3340 00f0 F2070000 		.word	2034
 3341 00f4 D7070000 		.word	2007
 3342 00f8 B7070000 		.word	1975
 3343 00fc 39080000 		.word	2105
 3344 0100 28080000 		.word	2088
 3345 0104 E2070000 		.word	2018
 3346 0108 D2080000 		.word	2258
 3347 010c 08090000 		.word	2312
 3348 0110 BE070000 		.word	1982
 3349 0114 02080000 		.word	2050
 3350 0118 64070000 		.word	1892
 3351 011c 95060000 		.word	1685
 3352 0120 19070000 		.word	1817
 3353 0124 B0080000 		.word	2224
 3354 0128 C0080000 		.word	2240
 3355 012c 49080000 		.word	2121
 3356 0130 43080000 		.word	2115
 3357 0134 1A080000 		.word	2074
 3358 0138 EF070000 		.word	2031
 3359 013c EE070000 		.word	2030
 3360 0140 05080000 		.word	2053
 3361 0144 D2070000 		.word	2002
 3362 0148 58080000 		.word	2136
 3363 014c A3070000 		.word	1955
 3364 0150 88070000 		.word	1928
 3365 0154 EA080000 		.word	2282
 3366 0158 5E070000 		.word	1886
 3367 015c D4080000 		.word	2260
 3368 0160 44070000 		.word	1860
 3369 0164 B1080000 		.word	2225
 3370 0168 08080000 		.word	2056
 3371 016c 09060000 		.word	1545
 3372 0170 7D080000 		.word	2173
 3373 0174 0E090000 		.word	2318
 3374 0178 CF090000 		.word	2511
 3375 017c 92070000 		.word	1938
 3376 0180 00090000 		.word	2304
 3377 0184 20060000 		.word	1568
 3378 0188 01090000 		.word	2305
 3379 018c 000A0000 		.word	2560
 3380 0190 41080000 		.word	2113
 3381 0194 A0070000 		.word	1952
 3382 0198 CA060000 		.word	1738
 3383 019c 21080000 		.word	2081
 3384 01a0 47080000 		.word	2119
 3385 01a4 E0080000 		.word	2272
ARM GAS  /tmp/ccWclncs.s 			page 101


 3386 01a8 E8070000 		.word	2024
 3387 01ac A6070000 		.word	1958
 3388 01b0 5B080000 		.word	2139
 3389 01b4 5F080000 		.word	2143
 3390 01b8 05080000 		.word	2053
 3391 01bc E6070000 		.word	2022
 3392 01c0 09080000 		.word	2057
 3393 01c4 DB070000 		.word	2011
 3394 01c8 02060000 		.word	1538
 3395 01cc E8080000 		.word	2280
 3396 01d0 C4060000 		.word	1732
 3397 01d4 25070000 		.word	1829
 3398 01d8 0E0A0000 		.word	2574
 3399 01dc 06070000 		.word	1798
 3400 01e0 6C080000 		.word	2156
 3401 01e4 05070000 		.word	1797
 3402 01e8 8D080000 		.word	2189
 3403 01ec 50070000 		.word	1872
 3404 01f0 2C080000 		.word	2092
 3405 01f4 76080000 		.word	2166
 3406 01f8 67080000 		.word	2151
 3407 01fc FF070000 		.word	2047
 3408 0200 43070000 		.word	1859
 3409 0204 6D070000 		.word	1901
 3410 0208 F6080000 		.word	2294
 3411 020c FF070000 		.word	2047
 3412 0210 4A080000 		.word	2122
 3413 0214 C7070000 		.word	1991
 3414 0218 8A070000 		.word	1930
 3415 021c 22080000 		.word	2082
 3416 0220 F4070000 		.word	2036
 3417 0224 2E080000 		.word	2094
 3418 0228 E3070000 		.word	2019
 3419 022c 0D080000 		.word	2061
 3420 0230 19080000 		.word	2073
 3421 0234 0D080000 		.word	2061
 3422 0238 1D080000 		.word	2077
 3423 023c AD070000 		.word	1965
 3424 0240 18080000 		.word	2072
 3425 0244 22080000 		.word	2082
 3426 0248 97070000 		.word	1943
 3427 024c 58080000 		.word	2136
 3428 0250 E2070000 		.word	2018
 3429 0254 30080000 		.word	2096
 3430 0258 00080000 		.word	2048
 3431 025c 16080000 		.word	2070
 3432 0260 EA070000 		.word	2026
 3433 0264 EA070000 		.word	2026
 3434 0268 20080000 		.word	2080
 3435 026c F5070000 		.word	2037
 3436 0270 07080000 		.word	2055
 3437 0274 E2070000 		.word	2018
 3438 0278 0E080000 		.word	2062
 3439 027c 13080000 		.word	2067
 3440 0280 F5070000 		.word	2037
 3441 0284 C1070000 		.word	1985
 3442 0288 39080000 		.word	2105
ARM GAS  /tmp/ccWclncs.s 			page 102


 3443 028c 77070000 		.word	1911
 3444 0290 2B080000 		.word	2091
 3445 0294 1E080000 		.word	2078
 3446 0298 F9070000 		.word	2041
 3447 029c 03080000 		.word	2051
 3448 02a0 EA070000 		.word	2026
 3449 02a4 E7070000 		.word	2023
 3450 02a8 10080000 		.word	2064
 3451 02ac 0A080000 		.word	2058
 3452 02b0 FE070000 		.word	2046
 3453 02b4 F8070000 		.word	2040
 3454 02b8 EB070000 		.word	2027
 3455 02bc FE070000 		.word	2046
 3456 02c0 0D080000 		.word	2061
 3457 02c4 9D090000 		.word	2461
 3458 02c8 54060000 		.word	1620
 3459 02cc 7D090000 		.word	2429
 3460 02d0 A4060000 		.word	1700
 3461 02d4 12090000 		.word	2322
 3462 02d8 37070000 		.word	1847
 3463 02dc 82080000 		.word	2178
 3464 02e0 B7070000 		.word	1975
 3465 02e4 06080000 		.word	2054
 3466 02e8 00080000 		.word	2048
 3467 02ec 07080000 		.word	2055
 3468 02f0 EC070000 		.word	2028
 3469 02f4 F8070000 		.word	2040
 3470 02f8 09080000 		.word	2057
 3471 02fc 01080000 		.word	2049
 3472 0300 FE070000 		.word	2046
 3473 0304 B8060000 		.word	1720
 3474 0308 020D0000 		.word	3330
 3475 030c 76060000 		.word	1654
 3476 0310 6F090000 		.word	2415
 3477 0314 22050000 		.word	1314
 3478 0318 F0070000 		.word	2032
 3479 031c 62090000 		.word	2402
 3480 0320 47080000 		.word	2119
 3481 0324 D4070000 		.word	2004
 3482 0328 A6070000 		.word	1958
 3483 032c B2070000 		.word	1970
 3484 0330 D4070000 		.word	2004
 3485 0334 51080000 		.word	2129
 3486 0338 19080000 		.word	2073
 3487 033c 24080000 		.word	2084
 3488 0340 25080000 		.word	2085
 3489 0344 000B0000 		.word	2816
 3490 0348 E8060000 		.word	1768
 3491 034c A6080000 		.word	2214
 3492 0350 32080000 		.word	2098
 3493 0354 F3070000 		.word	2035
 3494 0358 0C090000 		.word	2316
 3495 035c FD050000 		.word	1533
 3496 0360 FD070000 		.word	2045
 3497 0364 79090000 		.word	2425
 3498 0368 12070000 		.word	1810
 3499 036c 9A080000 		.word	2202
ARM GAS  /tmp/ccWclncs.s 			page 103


 3500 0370 37070000 		.word	1847
 3501 0374 E3070000 		.word	2019
 3502 0378 18090000 		.word	2328
 3503 037c 71070000 		.word	1905
 3504 0380 FE070000 		.word	2046
 3505 0384 54080000 		.word	2132
 3506 0388 F2060000 		.word	1778
 3507 038c B1090000 		.word	2481
 3508 0390 D9090000 		.word	2521
 3509 0394 E8070000 		.word	2024
 3510 0398 F5040000 		.word	1269
 3511 039c FD050000 		.word	1533
 3512 03a0 F1090000 		.word	2545
 3513 03a4 1F090000 		.word	2335
 3514 03a8 12080000 		.word	2066
 3515 03ac 8E070000 		.word	1934
 3516 03b0 38080000 		.word	2104
 3517 03b4 49080000 		.word	2121
 3518 03b8 2A070000 		.word	1834
 3519 03bc DF070000 		.word	2015
 3520 03c0 49080000 		.word	2121
 3521 03c4 D8090000 		.word	2520
 3522 03c8 FC080000 		.word	2300
 3523 03cc 6D090000 		.word	2413
 3524 03d0 93060000 		.word	1683
 3525 03d4 6D080000 		.word	2157
 3526 03d8 00080000 		.word	2048
 3527 03dc E3070000 		.word	2019
 3528 03e0 B3060000 		.word	1715
 3529 03e4 E5080000 		.word	2277
 3530 03e8 12080000 		.word	2066
 3531 03ec 89080000 		.word	2185
 3532 03f0 9C070000 		.word	1948
 3533 03f4 18080000 		.word	2072
 3534 03f8 18080000 		.word	2072
 3535 03fc 58070000 		.word	1880
 3536 0400 37080000 		.word	2103
 3537 0404 6E0B0000 		.word	2926
 3538 0408 28070000 		.word	1832
 3539 040c 68070000 		.word	1896
 3540 0410 82090000 		.word	2434
 3541 0414 8D060000 		.word	1677
 3542 0418 65080000 		.word	2149
 3543 041c 4A080000 		.word	2122
 3544 0420 2B060000 		.word	1579
 3545 0424 CD060000 		.word	1741
 3546 0428 F2080000 		.word	2290
 3547 042c B5080000 		.word	2229
 3548 0430 22080000 		.word	2082
 3549 0434 4C080000 		.word	2124
 3550 0438 06080000 		.word	2054
 3551 043c FD070000 		.word	2045
 3552 0440 CE070000 		.word	1998
 3553 0444 F0070000 		.word	2032
 3554 0448 AE070000 		.word	1966
 3555 044c E5070000 		.word	2021
 3556 0450 CD070000 		.word	1997
ARM GAS  /tmp/ccWclncs.s 			page 104


 3557 0454 FD070000 		.word	2045
 3558 0458 2E080000 		.word	2094
 3559 045c 17080000 		.word	2071
 3560 0460 0F080000 		.word	2063
 3561 0464 FE070000 		.word	2046
 3562 0468 DE070000 		.word	2014
 3563 046c 0E080000 		.word	2062
 3564 0470 FA070000 		.word	2042
 3565 0474 2B080000 		.word	2091
 3566 0478 F6070000 		.word	2038
 3567 047c E5070000 		.word	2021
 3568 0480 F4070000 		.word	2036
 3569 0484 7E080000 		.word	2174
 3570 0488 EB070000 		.word	2027
 3571 048c F1070000 		.word	2033
 3572 0490 12080000 		.word	2066
 3573 0494 F2070000 		.word	2034
 3574 0498 29080000 		.word	2089
 3575 049c FA070000 		.word	2042
 3576 04a0 DE070000 		.word	2014
 3577 04a4 14080000 		.word	2068
 3578 04a8 F3070000 		.word	2035
 3579 04ac C8070000 		.word	1992
 3580 04b0 25080000 		.word	2085
 3581 04b4 11080000 		.word	2065
 3582 04b8 01080000 		.word	2049
 3583 04bc FB070000 		.word	2043
 3584 04c0 03080000 		.word	2051
 3585 04c4 98060000 		.word	1688
 3586 04c8 380A0000 		.word	2616
 3587 04cc ED090000 		.word	2541
 3588 04d0 2E060000 		.word	1582
 3589 04d4 54090000 		.word	2388
 3590 04d8 9E070000 		.word	1950
 3591 04dc 3D080000 		.word	2109
 3592 04e0 93070000 		.word	1939
 3593 04e4 A2070000 		.word	1954
 3594 04e8 3C080000 		.word	2108
 3595 04ec 45070000 		.word	1861
 3596 04f0 F0060000 		.word	1776
 3597 04f4 6F080000 		.word	2159
 3598 04f8 84080000 		.word	2180
 3599 04fc 64080000 		.word	2148
 3600 0500 E4070000 		.word	2020
 3601 0504 DD030000 		.word	989
 3602 0508 A5060000 		.word	1701
 3603 050c C90B0000 		.word	3017
 3604 0510 BA070000 		.word	1978
 3605 0514 1F070000 		.word	1823
 3606 0518 70090000 		.word	2416
 3607 051c C7070000 		.word	1991
 3608 0520 C6070000 		.word	1990
 3609 0524 94080000 		.word	2196
 3610 0528 3A070000 		.word	1850
 3611 052c 0B080000 		.word	2059
 3612 0530 CA070000 		.word	1994
 3613 0534 C3060000 		.word	1731
ARM GAS  /tmp/ccWclncs.s 			page 105


 3614 0538 8E080000 		.word	2190
 3615 053c A8080000 		.word	2216
 3616 0540 83070000 		.word	1923
 3617 0544 1E090000 		.word	2334
 3618 0548 09070000 		.word	1801
 3619 054c D2080000 		.word	2258
 3620 0550 1B070000 		.word	1819
 3621 0554 32090000 		.word	2354
 3622 0558 CC060000 		.word	1740
 3623 055c E2080000 		.word	2274
 3624 0560 1A070000 		.word	1818
 3625 0564 FF070000 		.word	2047
 3626 0568 90080000 		.word	2192
 3627 056c BB070000 		.word	1979
 3628 0570 FF080000 		.word	2303
 3629 0574 68060000 		.word	1640
 3630 0578 90080000 		.word	2192
 3631 057c 21080000 		.word	2081
 3632 0580 39070000 		.word	1849
 3633 0584 29070000 		.word	1833
 3634 0588 65080000 		.word	2149
 3635 058c D9080000 		.word	2265
 3636 0590 0F080000 		.word	2063
 3637 0594 31080000 		.word	2097
 3638 0598 66070000 		.word	1894
 3639 059c 44070000 		.word	1860
 3640 05a0 0B080000 		.word	2059
 3641 05a4 E5080000 		.word	2277
 3642 05a8 92070000 		.word	1938
 3643 05ac 0B080000 		.word	2059
 3644 05b0 E6070000 		.word	2022
 3645 05b4 AE070000 		.word	1966
 3646 05b8 39080000 		.word	2105
 3647 05bc E4070000 		.word	2020
 3648 05c0 57080000 		.word	2135
 3649 05c4 39060000 		.word	1593
 3650 05c8 BA070000 		.word	1978
 3651 05cc 92050000 		.word	1426
 3652 05d0 EE0A0000 		.word	2798
 3653 05d4 D4060000 		.word	1748
 3654 05d8 4E080000 		.word	2126
 3655 05dc E2070000 		.word	2018
 3656 05e0 25080000 		.word	2085
 3657 05e4 0C080000 		.word	2060
 3658 05e8 F4070000 		.word	2036
 3659 05ec 3D080000 		.word	2109
 3660 05f0 A7070000 		.word	1959
 3661 05f4 D1080000 		.word	2257
 3662 05f8 0A070000 		.word	1802
 3663 05fc 18080000 		.word	2072
 3664 0600 42080000 		.word	2114
 3665 0604 07080000 		.word	2055
 3666 0608 BE070000 		.word	1982
 3667 060c FA070000 		.word	2042
 3668 0610 D0070000 		.word	2000
 3669 0614 89080000 		.word	2185
 3670 0618 E4070000 		.word	2020
ARM GAS  /tmp/ccWclncs.s 			page 106


 3671 061c F2070000 		.word	2034
 3672 0620 08080000 		.word	2056
 3673 0624 E6070000 		.word	2022
 3674 0628 0E080000 		.word	2062
 3675 062c E7070000 		.word	2023
 3676 0630 0E080000 		.word	2062
 3677 0634 10080000 		.word	2064
 3678 0638 F1070000 		.word	2033
 3679 063c D7070000 		.word	2007
 3680 0640 3E080000 		.word	2110
 3681 0644 10080000 		.word	2064
 3682 0648 46080000 		.word	2118
 3683 064c B2070000 		.word	1970
 3684 0650 1D080000 		.word	2077
 3685 0654 E1070000 		.word	2017
 3686 0658 05080000 		.word	2053
 3687 065c 10080000 		.word	2064
 3688 0660 03080000 		.word	2051
 3689 0664 F8070000 		.word	2040
 3690 0668 0E080000 		.word	2062
 3691 066c EB070000 		.word	2027
 3692 0670 01080000 		.word	2049
 3693 0674 10080000 		.word	2064
 3694 0678 02080000 		.word	2050
 3695 067c F5070000 		.word	2037
 3696 0680 FA070000 		.word	2042
 3697 0684 E2070000 		.word	2018
 3698 0688 DA070000 		.word	2010
 3699 068c 61080000 		.word	2145
 3700 0690 CE070000 		.word	1998
 3701 0694 29080000 		.word	2089
 3702 0698 C1070000 		.word	1985
 3703 069c 08080000 		.word	2056
 3704 06a0 04080000 		.word	2052
 3705 06a4 05080000 		.word	2053
 3706 06a8 F3070000 		.word	2035
 3707 06ac 0E080000 		.word	2062
 3708 06b0 05080000 		.word	2053
 3709 06b4 FA070000 		.word	2042
 3710 06b8 F7070000 		.word	2039
 3711 06bc 01080000 		.word	2049
 3712 06c0 05080000 		.word	2053
 3713 06c4 B5030000 		.word	949
 3714 06c8 280A0000 		.word	2600
 3715 06cc 87060000 		.word	1671
 3716 06d0 CA090000 		.word	2506
 3717 06d4 9F060000 		.word	1695
 3718 06d8 63090000 		.word	2403
 3719 06dc 7A070000 		.word	1914
 3720 06e0 E4070000 		.word	2020
 3721 06e4 77070000 		.word	1911
 3722 06e8 47090000 		.word	2375
 3723 06ec 79070000 		.word	1913
 3724 06f0 5F080000 		.word	2143
 3725 06f4 0C070000 		.word	1804
 3726 06f8 05080000 		.word	2053
 3727 06fc C3080000 		.word	2243
ARM GAS  /tmp/ccWclncs.s 			page 107


 3728 0700 ED070000 		.word	2029
 3729 0704 6B060000 		.word	1643
 3730 0708 5E080000 		.word	2142
 3731 070c 75070000 		.word	1909
 3732 0710 0E080000 		.word	2062
 3733 0714 9E090000 		.word	2462
 3734 0718 76070000 		.word	1910
 3735 071c 2E070000 		.word	1838
 3736 0720 B3070000 		.word	1971
 3737 0724 F5070000 		.word	2037
 3738 0728 B8080000 		.word	2232
 3739 072c E9070000 		.word	2025
 3740 0730 BF070000 		.word	1983
 3741 0734 12080000 		.word	2066
 3742 0738 DB070000 		.word	2011
 3743 073c 0D080000 		.word	2061
 3744 0740 07080000 		.word	2055
 3745 0744 BE060000 		.word	1726
 3746 0748 5C090000 		.word	2396
 3747 074c 8A060000 		.word	1674
 3748 0750 01090000 		.word	2305
 3749 0754 11070000 		.word	1809
 3750 0758 D6080000 		.word	2262
 3751 075c C2070000 		.word	1986
 3752 0760 1E080000 		.word	2078
 3753 0764 B6070000 		.word	1974
 3754 0768 EC070000 		.word	2028
 3755 076c 19080000 		.word	2073
 3756 0770 2D080000 		.word	2093
 3757 0774 E5070000 		.word	2021
 3758 0778 FF070000 		.word	2047
 3759 077c E7070000 		.word	2023
 3760 0780 DA020000 		.word	730
 3761 0784 EC070000 		.word	2028
 3762 0788 DD080000 		.word	2269
 3763 078c 1C090000 		.word	2332
 3764 0790 62090000 		.word	2402
 3765 0794 9C060000 		.word	1692
 3766 0798 64080000 		.word	2148
 3767 079c 7F070000 		.word	1919
 3768 07a0 F8060000 		.word	1784
 3769 07a4 78080000 		.word	2168
 3770 07a8 64070000 		.word	1892
 3771 07ac 30090000 		.word	2352
 3772 07b0 BA070000 		.word	1978
 3773 07b4 32070000 		.word	1842
 3774 07b8 5E080000 		.word	2142
 3775 07bc B0070000 		.word	1968
 3776 07c0 E3070000 		.word	2019
 3777 07c4 24080000 		.word	2084
 3778 07c8 DD070000 		.word	2013
 3779 07cc E6070000 		.word	2022
 3780 07d0 F7070000 		.word	2039
 3781 07d4 73070000 		.word	1907
 3782 07d8 F9080000 		.word	2297
 3783 07dc 59070000 		.word	1881
 3784 07e0 76080000 		.word	2166
ARM GAS  /tmp/ccWclncs.s 			page 108


 3785 07e4 D1070000 		.word	2001
 3786 07e8 E6070000 		.word	2022
 3787 07ec 0E080000 		.word	2062
 3788 07f0 1D080000 		.word	2077
 3789 07f4 03080000 		.word	2051
 3790 07f8 F9070000 		.word	2041
 3791 07fc 12080000 		.word	2066
 3792 0800 1D040000 		.word	1053
 3793 0804 4B060000 		.word	1611
 3794 0808 E5050000 		.word	1509
 3795 080c 63060000 		.word	1635
 3796 0810 E10B0000 		.word	3041
 3797 0814 FB080000 		.word	2299
 3798 0818 E6060000 		.word	1766
 3799 081c 25090000 		.word	2341
 3800 0820 00080000 		.word	2048
 3801 0824 B6070000 		.word	1974
 3802 0828 33080000 		.word	2099
 3803 082c BC070000 		.word	1980
 3804 0830 10080000 		.word	2064
 3805 0834 9C070000 		.word	1948
 3806 0838 AE060000 		.word	1710
 3807 083c 85080000 		.word	2181
 3808 0840 AA080000 		.word	2218
 3809 0844 C2070000 		.word	1986
 3810 0848 93080000 		.word	2195
 3811 084c 1B080000 		.word	2075
 3812 0850 9E070000 		.word	1950
 3813 0854 03080000 		.word	2051
 3814 0858 FC070000 		.word	2044
 3815 085c 09080000 		.word	2057
 3816 0860 32080000 		.word	2098
 3817 0864 90070000 		.word	1936
 3818 0868 F1070000 		.word	2033
 3819 086c 19080000 		.word	2073
 3820 0870 0E080000 		.word	2062
 3821 0874 0A080000 		.word	2058
 3822 0878 ED070000 		.word	2029
 3823 087c FD070000 		.word	2045
 3824 0880 E4070000 		.word	2020
 3825 0884 04080000 		.word	2052
 3826 0888 E0070000 		.word	2016
 3827 088c DF070000 		.word	2015
 3828 0890 FF070000 		.word	2047
 3829 0894 E9070000 		.word	2025
 3830 0898 19080000 		.word	2073
 3831 089c 17080000 		.word	2071
 3832 08a0 06080000 		.word	2054
 3833 08a4 FB070000 		.word	2043
 3834 08a8 1D080000 		.word	2077
 3835 08ac 03080000 		.word	2051
 3836 08b0 D8070000 		.word	2008
 3837 08b4 0A080000 		.word	2058
 3838 08b8 FC070000 		.word	2044
 3839 08bc FC070000 		.word	2044
 3840 08c0 D6050000 		.word	1494
 3841 08c4 42090000 		.word	2370
ARM GAS  /tmp/ccWclncs.s 			page 109


 3842 08c8 00050000 		.word	1280
 3843 08cc F3090000 		.word	2547
 3844 08d0 2D080000 		.word	2093
 3845 08d4 47070000 		.word	1863
 3846 08d8 DE080000 		.word	2270
 3847 08dc 80060000 		.word	1664
 3848 08e0 A8080000 		.word	2216
 3849 08e4 80080000 		.word	2176
 3850 08e8 AE070000 		.word	1966
 3851 08ec 15080000 		.word	2069
 3852 08f0 75070000 		.word	1909
 3853 08f4 0B080000 		.word	2059
 3854 08f8 76080000 		.word	2166
 3855 08fc E3070000 		.word	2019
 3856 0900 1D080000 		.word	2077
 3857 0904 16090000 		.word	2326
 3858 0908 C6060000 		.word	1734
 3859 090c F7060000 		.word	1783
 3860 0910 01090000 		.word	2305
 3861 0914 43070000 		.word	1859
 3862 0918 3E060000 		.word	1598
 3863 091c D0070000 		.word	2000
 3864 0920 09090000 		.word	2313
 3865 0924 A6080000 		.word	2214
 3866 0928 13080000 		.word	2067
 3867 092c 3B080000 		.word	2107
 3868 0930 26080000 		.word	2086
 3869 0934 F5070000 		.word	2037
 3870 0938 F1070000 		.word	2033
 3871 093c 12080000 		.word	2066
 3872 0940 64060000 		.word	1636
 3873 0944 35090000 		.word	2357
 3874 0948 78060000 		.word	1656
 3875 094c C1080000 		.word	2241
 3876 0950 D3070000 		.word	2003
 3877 0954 55080000 		.word	2133
 3878 0958 E9070000 		.word	2025
 3879 095c F0070000 		.word	2032
 3880 0960 FB070000 		.word	2043
 3881 0964 A8050000 		.word	1448
 3882 0968 B4060000 		.word	1716
 3883 096c 71070000 		.word	1905
 3884 0970 7A070000 		.word	1914
 3885 0974 BE080000 		.word	2238
 3886 0978 3D0A0000 		.word	2621
 3887 097c 55070000 		.word	1877
 3888 0980 AF070000 		.word	1967
 3889 0984 AD050000 		.word	1453
 3890 0988 AA060000 		.word	1706
 3891 098c 60080000 		.word	2144
 3892 0990 1F090000 		.word	2335
 3893 0994 ED090000 		.word	2541
 3894 0998 23070000 		.word	1827
 3895 099c 2C070000 		.word	1836
 3896 09a0 70070000 		.word	1904
 3897 09a4 C8070000 		.word	1992
 3898 09a8 01090000 		.word	2305
ARM GAS  /tmp/ccWclncs.s 			page 110


 3899 09ac E9070000 		.word	2025
 3900 09b0 3B080000 		.word	2107
 3901 09b4 84070000 		.word	1924
 3902 09b8 E0070000 		.word	2016
 3903 09bc 2C080000 		.word	2092
 3904 09c0 9E020000 		.word	670
 3905 09c4 8D0A0000 		.word	2701
 3906 09c8 26090000 		.word	2342
 3907 09cc 3B090000 		.word	2363
 3908 09d0 A0050000 		.word	1440
 3909 09d4 CE080000 		.word	2254
 3910 09d8 04070000 		.word	1796
 3911 09dc 2A090000 		.word	2346
 3912 09e0 C7070000 		.word	1991
 3913 09e4 09080000 		.word	2057
 3914 09e8 FD070000 		.word	2045
 3915 09ec 5D080000 		.word	2141
 3916 09f0 41070000 		.word	1857
 3917 09f4 29080000 		.word	2089
 3918 09f8 2D080000 		.word	2093
 3919 09fc D7070000 		.word	2007
 3920 0a00 70080000 		.word	2160
 3921 0a04 56070000 		.word	1878
 3922 0a08 B9070000 		.word	1977
 3923 0a0c 3A080000 		.word	2106
 3924 0a10 24080000 		.word	2084
 3925 0a14 09080000 		.word	2057
 3926 0a18 0D080000 		.word	2061
 3927 0a1c AA070000 		.word	1962
 3928 0a20 04080000 		.word	2052
 3929 0a24 07080000 		.word	2055
 3930 0a28 13080000 		.word	2067
 3931 0a2c 0E080000 		.word	2062
 3932 0a30 60080000 		.word	2144
 3933 0a34 C2070000 		.word	1986
 3934 0a38 F5070000 		.word	2037
 3935 0a3c C3070000 		.word	1987
 3936 0a40 92070000 		.word	1938
 3937 0a44 28080000 		.word	2088
 3938 0a48 13080000 		.word	2067
 3939 0a4c 43080000 		.word	2115
 3940 0a50 D9070000 		.word	2009
 3941 0a54 0F080000 		.word	2063
 3942 0a58 CC070000 		.word	1996
 3943 0a5c 16080000 		.word	2070
 3944 0a60 20080000 		.word	2080
 3945 0a64 EF070000 		.word	2031
 3946 0a68 F8070000 		.word	2040
 3947 0a6c 09080000 		.word	2057
 3948 0a70 E5070000 		.word	2021
 3949 0a74 19080000 		.word	2073
 3950 0a78 E9070000 		.word	2025
 3951 0a7c 04080000 		.word	2052
 3952 0a80 24080000 		.word	2084
 3953 0a84 06080000 		.word	2054
 3954 0a88 19080000 		.word	2073
 3955 0a8c F0070000 		.word	2032
ARM GAS  /tmp/ccWclncs.s 			page 111


 3956 0a90 F9070000 		.word	2041
 3957 0a94 E2070000 		.word	2018
 3958 0a98 44080000 		.word	2116
 3959 0a9c F2070000 		.word	2034
 3960 0aa0 01080000 		.word	2049
 3961 0aa4 EA070000 		.word	2026
 3962 0aa8 F7070000 		.word	2039
 3963 0aac 19080000 		.word	2073
 3964 0ab0 FF070000 		.word	2047
 3965 0ab4 EC070000 		.word	2028
 3966 0ab8 09080000 		.word	2057
 3967 0abc 0D080000 		.word	2061
 3968 0ac0 C8070000 		.word	1992
 3969 0ac4 99080000 		.word	2201
 3970 0ac8 48070000 		.word	1864
 3971 0acc D3080000 		.word	2259
 3972 0ad0 36070000 		.word	1846
 3973 0ad4 AF080000 		.word	2223
 3974 0ad8 56070000 		.word	1878
 3975 0adc 99080000 		.word	2201
 3976 0ae0 F9070000 		.word	2041
 3977 0ae4 0D080000 		.word	2061
 3978 0ae8 05080000 		.word	2053
 3979 0aec E7070000 		.word	2023
 3980 0af0 07080000 		.word	2055
 3981 0af4 FD070000 		.word	2045
 3982 0af8 FF070000 		.word	2047
 3983 0afc 06080000 		.word	2054
 3984 0b00 68090000 		.word	2408
 3985 0b04 B6030000 		.word	950
 3986 0b08 16080000 		.word	2070
 3987 0b0c 560A0000 		.word	2646
 3988 0b10 20080000 		.word	2080
 3989 0b14 C7070000 		.word	1991
 3990 0b18 94070000 		.word	1940
 3991 0b1c EB060000 		.word	1771
 3992 0b20 AF090000 		.word	2479
 3993 0b24 75070000 		.word	1909
 3994 0b28 F2070000 		.word	2034
 3995 0b2c CD070000 		.word	1997
 3996 0b30 A5080000 		.word	2213
 3997 0b34 6A070000 		.word	1898
 3998 0b38 28080000 		.word	2088
 3999 0b3c D7070000 		.word	2007
 4000 0b40 C6090000 		.word	2502
 4001 0b44 C5060000 		.word	1733
 4002 0b48 49090000 		.word	2377
 4003 0b4c 00060000 		.word	1536
 4004 0b50 A1080000 		.word	2209
 4005 0b54 02090000 		.word	2306
 4006 0b58 41070000 		.word	1857
 4007 0b5c B5090000 		.word	2485
 4008 0b60 F3050000 		.word	1523
 4009 0b64 14080000 		.word	2068
 4010 0b68 9F080000 		.word	2207
 4011 0b6c 7C080000 		.word	2172
 4012 0b70 E3070000 		.word	2019
ARM GAS  /tmp/ccWclncs.s 			page 112


 4013 0b74 86070000 		.word	1926
 4014 0b78 BC070000 		.word	1980
 4015 0b7c 6B080000 		.word	2155
 4016 0b80 0A0A0000 		.word	2570
 4017 0b84 C6040000 		.word	1222
 4018 0b88 E0050000 		.word	1504
 4019 0b8c 91080000 		.word	2193
 4020 0b90 77090000 		.word	2423
 4021 0b94 DD090000 		.word	2525
 4022 0b98 20070000 		.word	1824
 4023 0b9c 0F070000 		.word	1807
 4024 0ba0 2D080000 		.word	2093
 4025 0ba4 92070000 		.word	1938
 4026 0ba8 64080000 		.word	2148
 4027 0bac E1070000 		.word	2017
 4028 0bb0 52080000 		.word	2130
 4029 0bb4 7C080000 		.word	2172
 4030 0bb8 BE070000 		.word	1982
 4031 0bbc CF070000 		.word	1999
 4032 0bc0 EF070000 		.word	2031
 4033 0bc4 03080000 		.word	2051
 4034 0bc8 D8050000 		.word	1496
 4035 0bcc CD070000 		.word	1997
 4036 0bd0 81090000 		.word	2433
 4037 0bd4 BB070000 		.word	1979
 4038 0bd8 EF070000 		.word	2031
 4039 0bdc 6A080000 		.word	2154
 4040 0be0 8B080000 		.word	2187
 4041 0be4 8A070000 		.word	1930
 4042 0be8 CB060000 		.word	1739
 4043 0bec AE080000 		.word	2222
 4044 0bf0 3C080000 		.word	2108
 4045 0bf4 37080000 		.word	2103
 4046 0bf8 E2070000 		.word	2018
 4047 0bfc 0C080000 		.word	2060
 4048 0c00 B8080000 		.word	2232
 4049 0c04 16050000 		.word	1302
 4050 0c08 650A0000 		.word	2661
 4051 0c0c 74080000 		.word	2164
 4052 0c10 5E060000 		.word	1630
 4053 0c14 D6090000 		.word	2518
 4054 0c18 0E070000 		.word	1806
 4055 0c1c EA050000 		.word	1514
 4056 0c20 6E080000 		.word	2158
 4057 0c24 ED080000 		.word	2285
 4058 0c28 F5070000 		.word	2037
 4059 0c2c E8070000 		.word	2024
 4060 0c30 08080000 		.word	2056
 4061 0c34 EE070000 		.word	2030
 4062 0c38 17080000 		.word	2071
 4063 0c3c 04080000 		.word	2052
 4064 0c40 4D080000 		.word	2125
 4065 0c44 EE070000 		.word	2030
 4066 0c48 A5070000 		.word	1957
 4067 0c4c C5070000 		.word	1989
 4068 0c50 E5070000 		.word	2021
 4069 0c54 FE070000 		.word	2046
ARM GAS  /tmp/ccWclncs.s 			page 113


 4070 0c58 1C080000 		.word	2076
 4071 0c5c F2070000 		.word	2034
 4072 0c60 2E080000 		.word	2094
 4073 0c64 06080000 		.word	2054
 4074 0c68 0E080000 		.word	2062
 4075 0c6c F6070000 		.word	2038
 4076 0c70 CE070000 		.word	1998
 4077 0c74 FB070000 		.word	2043
 4078 0c78 19080000 		.word	2073
 4079 0c7c 15080000 		.word	2069
 4080 0c80 FA070000 		.word	2042
 4081 0c84 0C080000 		.word	2060
 4082 0c88 1B080000 		.word	2075
 4083 0c8c F6070000 		.word	2038
 4084 0c90 E0070000 		.word	2016
 4085 0c94 19080000 		.word	2073
 4086 0c98 E7070000 		.word	2023
 4087 0c9c 1A080000 		.word	2074
 4088 0ca0 EF070000 		.word	2031
 4089 0ca4 CE070000 		.word	1998
 4090 0ca8 05080000 		.word	2053
 4091 0cac 1A080000 		.word	2074
 4092 0cb0 FF070000 		.word	2047
 4093 0cb4 FC070000 		.word	2044
 4094 0cb8 0D080000 		.word	2061
 4095 0cbc 35030000 		.word	821
 4096 0cc0 E30B0000 		.word	3043
 4097 0cc4 18090000 		.word	2328
 4098 0cc8 8C090000 		.word	2444
 4099 0ccc ED070000 		.word	2029
 4100 0cd0 AC080000 		.word	2220
 4101 0cd4 1C080000 		.word	2076
 4102 0cd8 D2070000 		.word	2002
 4103 0cdc DC070000 		.word	2012
 4104 0ce0 51080000 		.word	2129
 4105 0ce4 BC060000 		.word	1724
 4106 0ce8 8E070000 		.word	1934
 4107 0cec A6070000 		.word	1958
 4108 0cf0 B0080000 		.word	2224
 4109 0cf4 5A080000 		.word	2138
 4110 0cf8 F0070000 		.word	2032
 4111 0cfc E3050000 		.word	1507
 4112 0d00 3A030000 		.word	826
 4113 0d04 8E0A0000 		.word	2702
 4114 0d08 560A0000 		.word	2646
 4115 0d0c 40070000 		.word	1856
 4116 0d10 55090000 		.word	2389
 4117 0d14 A3080000 		.word	2211
 4118 0d18 66070000 		.word	1894
 4119 0d1c 9B080000 		.word	2203
 4120 0d20 F4070000 		.word	2036
 4121 0d24 68070000 		.word	1896
 4122 0d28 0B080000 		.word	2059
 4123 0d2c D5060000 		.word	1749
 4124 0d30 69070000 		.word	1897
 4125 0d34 0D090000 		.word	2317
 4126 0d38 22080000 		.word	2082
ARM GAS  /tmp/ccWclncs.s 			page 114


 4127 0d3c FE080000 		.word	2302
 4128 0d40 18070000 		.word	1816
 4129 0d44 03080000 		.word	2051
 4130 0d48 0C080000 		.word	2060
 4131 0d4c 12080000 		.word	2066
 4132 0d50 56080000 		.word	2134
 4133 0d54 82070000 		.word	1922
 4134 0d58 A1080000 		.word	2209
 4135 0d5c 31070000 		.word	1841
 4136 0d60 2A080000 		.word	2090
 4137 0d64 F3090000 		.word	2547
 4138 0d68 AD0B0000 		.word	2989
 4139 0d6c 30050000 		.word	1328
 4140 0d70 7C070000 		.word	1916
 4141 0d74 41070000 		.word	1857
 4142 0d78 2B080000 		.word	2091
 4143 0d7c 4E0A0000 		.word	2638
 4144 0d80 4A080000 		.word	2122
 4145 0d84 1F080000 		.word	2079
 4146 0d88 0E050000 		.word	1294
 4147 0d8c 8B070000 		.word	1931
 4148 0d90 31090000 		.word	2353
 4149 0d94 E6080000 		.word	2278
 4150 0d98 9B080000 		.word	2203
 4151 0d9c FE070000 		.word	2046
 4152 0da0 08080000 		.word	2056
 4153 0da4 76070000 		.word	1910
 4154 0da8 3A080000 		.word	2106
 4155 0dac 24080000 		.word	2084
 4156 0db0 E3070000 		.word	2019
 4157 0db4 D8070000 		.word	2008
 4158 0db8 CA070000 		.word	1994
 4159 0dbc A5040000 		.word	1189
 4160 0dc0 FA0C0000 		.word	3322
 4161 0dc4 15060000 		.word	1557
 4162 0dc8 C5090000 		.word	2501
 4163 0dcc 4B050000 		.word	1355
 4164 0dd0 78090000 		.word	2424
 4165 0dd4 7A070000 		.word	1914
 4166 0dd8 FC080000 		.word	2300
 4167 0ddc 71070000 		.word	1905
 4168 0de0 32080000 		.word	2098
 4169 0de4 2E080000 		.word	2094
 4170 0de8 8A070000 		.word	1930
 4171 0dec CB070000 		.word	1995
 4172 0df0 B0080000 		.word	2224
 4173 0df4 D4070000 		.word	2004
 4174 0df8 6B080000 		.word	2155
 4175 0dfc 99070000 		.word	1945
 4176 0e00 C6070000 		.word	1990
 4177 0e04 90080000 		.word	2192
 4178 0e08 A5070000 		.word	1957
 4179 0e0c 44080000 		.word	2116
 4180 0e10 CB070000 		.word	1995
 4181 0e14 FB070000 		.word	2043
 4182 0e18 31080000 		.word	2097
 4183 0e1c 0E080000 		.word	2062
ARM GAS  /tmp/ccWclncs.s 			page 115


 4184 0e20 F0070000 		.word	2032
 4185 0e24 7B070000 		.word	1915
 4186 0e28 FB070000 		.word	2043
 4187 0e2c 06080000 		.word	2054
 4188 0e30 14080000 		.word	2068
 4189 0e34 2B080000 		.word	2091
 4190 0e38 D9070000 		.word	2009
 4191 0e3c 51080000 		.word	2129
 4192 0e40 B1070000 		.word	1969
 4193 0e44 EF070000 		.word	2031
 4194 0e48 3E080000 		.word	2110
 4195 0e4c E9070000 		.word	2025
 4196 0e50 0D080000 		.word	2061
 4197 0e54 CC070000 		.word	1996
 4198 0e58 18080000 		.word	2072
 4199 0e5c DA070000 		.word	2010
 4200 0e60 0E080000 		.word	2062
 4201 0e64 0E080000 		.word	2062
 4202 0e68 03080000 		.word	2051
 4203 0e6c 0F080000 		.word	2063
 4204 0e70 F6070000 		.word	2038
 4205 0e74 EB070000 		.word	2027
 4206 0e78 0F080000 		.word	2063
 4207 0e7c 14080000 		.word	2068
 4208 0e80 29080000 		.word	2089
 4209 0e84 FC070000 		.word	2044
 4210 0e88 C0070000 		.word	1984
 4211 0e8c FD070000 		.word	2045
 4212 0e90 1C080000 		.word	2076
 4213 0e94 00080000 		.word	2048
 4214 0e98 E9070000 		.word	2025
 4215 0e9c 0B080000 		.word	2059
 4216 0ea0 DF070000 		.word	2015
 4217 0ea4 FD070000 		.word	2045
 4218 0ea8 F3070000 		.word	2035
 4219 0eac 10080000 		.word	2064
 4220 0eb0 F9070000 		.word	2041
 4221 0eb4 02080000 		.word	2050
 4222 0eb8 EF070000 		.word	2031
 4223 0ebc 3E0C0000 		.word	3134
 4224 0ec0 69060000 		.word	1641
 4225 0ec4 CE080000 		.word	2254
 4226 0ec8 53070000 		.word	1875
 4227 0ecc 81070000 		.word	1921
 4228 0ed0 24080000 		.word	2084
 4229 0ed4 C1070000 		.word	1985
 4230 0ed8 67090000 		.word	2407
 4231 0edc 42070000 		.word	1858
 4232 0ee0 EF080000 		.word	2287
 4233 0ee4 44060000 		.word	1604
 4234 0ee8 7C080000 		.word	2172
 4235 0eec CD080000 		.word	2253
 4236 0ef0 06080000 		.word	2054
 4237 0ef4 F5070000 		.word	2037
 4238 0ef8 8B070000 		.word	1931
 4239 0efc BD0B0000 		.word	3005
 4240 0f00 ED070000 		.word	2029
ARM GAS  /tmp/ccWclncs.s 			page 116


 4241 0f04 82080000 		.word	2178
 4242 0f08 3A070000 		.word	1850
 4243 0f0c 8D050000 		.word	1421
 4244 0f10 BB090000 		.word	2491
 4245 0f14 8B080000 		.word	2187
 4246 0f18 05090000 		.word	2309
 4247 0f1c 95070000 		.word	1941
 4248 0f20 3E060000 		.word	1598
 4249 0f24 23090000 		.word	2339
 4250 0f28 02080000 		.word	2050
 4251 0f2c 6C080000 		.word	2156
 4252 0f30 CC070000 		.word	1996
 4253 0f34 5A070000 		.word	1882
 4254 0f38 93080000 		.word	2195
 4255 0f3c A5060000 		.word	1701
 4256 0f40 DD080000 		.word	2269
 4257 0f44 9A070000 		.word	1946
 4258 0f48 8E070000 		.word	1934
 4259 0f4c CA080000 		.word	2250
 4260 0f50 65070000 		.word	1893
 4261 0f54 B3080000 		.word	2227
 4262 0f58 4E070000 		.word	1870
 4263 0f5c EC070000 		.word	2028
 4264 0f60 55080000 		.word	2133
 4265 0f64 D8070000 		.word	2008
 4266 0f68 FD070000 		.word	2045
 4267 0f6c FC070000 		.word	2044
 4268 0f70 F4070000 		.word	2036
 4269 0f74 1E080000 		.word	2078
 4270 0f78 0E080000 		.word	2062
 4271 0f7c 8A0A0000 		.word	2698
 4272 0f80 58090000 		.word	2392
 4273 0f84 EA070000 		.word	2026
 4274 0f88 01070000 		.word	1793
 4275 0f8c 2A060000 		.word	1578
 4276 0f90 32080000 		.word	2098
 4277 0f94 03090000 		.word	2307
 4278 0f98 85090000 		.word	2437
 4279 0f9c 6A080000 		.word	2154
 4280 0fa0 4F070000 		.word	1871
 4281 0fa4 1F070000 		.word	1823
 4282 0fa8 2C080000 		.word	2092
 4283 0fac B7080000 		.word	2231
 4284 0fb0 44080000 		.word	2116
 4285 0fb4 D8070000 		.word	2008
 4286 0fb8 5D070000 		.word	1885
 4287 0fbc 24090000 		.word	2340
 4288 0fc0 23070000 		.word	1827
 4289 0fc4 6A090000 		.word	2410
 4290 0fc8 EE060000 		.word	1774
 4291 0fcc A9080000 		.word	2217
 4292 0fd0 19070000 		.word	1817
 4293 0fd4 02090000 		.word	2306
 4294 0fd8 81070000 		.word	1921
 4295 0fdc CF080000 		.word	2255
 4296 0fe0 8C070000 		.word	1932
 4297 0fe4 B8060000 		.word	1720
ARM GAS  /tmp/ccWclncs.s 			page 117


 4298 0fe8 57070000 		.word	1879
 4299 0fec 89080000 		.word	2185
 4300 0ff0 F0080000 		.word	2288
 4301 0ff4 8E080000 		.word	2190
 4302 0ff8 92070000 		.word	1938
 4303 0ffc FF070000 		.word	2047
 4304              		.global	Triangle_LUT
 4305              		.section	.data.Triangle_LUT,"aw"
 4306              		.align	2
 4309              	Triangle_LUT:
 4310 0000 00000000 		.word	0
 4311 0004 08000000 		.word	8
 4312 0008 10000000 		.word	16
 4313 000c 18000000 		.word	24
 4314 0010 20000000 		.word	32
 4315 0014 28000000 		.word	40
 4316 0018 30000000 		.word	48
 4317 001c 38000000 		.word	56
 4318 0020 40000000 		.word	64
 4319 0024 48000000 		.word	72
 4320 0028 50000000 		.word	80
 4321 002c 58000000 		.word	88
 4322 0030 60000000 		.word	96
 4323 0034 68000000 		.word	104
 4324 0038 70000000 		.word	112
 4325 003c 78000000 		.word	120
 4326 0040 80000000 		.word	128
 4327 0044 88000000 		.word	136
 4328 0048 90000000 		.word	144
 4329 004c 98000000 		.word	152
 4330 0050 A0000000 		.word	160
 4331 0054 A8000000 		.word	168
 4332 0058 B0000000 		.word	176
 4333 005c B8000000 		.word	184
 4334 0060 C0000000 		.word	192
 4335 0064 C8000000 		.word	200
 4336 0068 D0000000 		.word	208
 4337 006c D8000000 		.word	216
 4338 0070 E0000000 		.word	224
 4339 0074 E8000000 		.word	232
 4340 0078 F0000000 		.word	240
 4341 007c F8000000 		.word	248
 4342 0080 00010000 		.word	256
 4343 0084 08010000 		.word	264
 4344 0088 10010000 		.word	272
 4345 008c 18010000 		.word	280
 4346 0090 20010000 		.word	288
 4347 0094 28010000 		.word	296
 4348 0098 30010000 		.word	304
 4349 009c 38010000 		.word	312
 4350 00a0 40010000 		.word	320
 4351 00a4 48010000 		.word	328
 4352 00a8 50010000 		.word	336
 4353 00ac 58010000 		.word	344
 4354 00b0 60010000 		.word	352
 4355 00b4 68010000 		.word	360
 4356 00b8 70010000 		.word	368
ARM GAS  /tmp/ccWclncs.s 			page 118


 4357 00bc 78010000 		.word	376
 4358 00c0 80010000 		.word	384
 4359 00c4 88010000 		.word	392
 4360 00c8 90010000 		.word	400
 4361 00cc 98010000 		.word	408
 4362 00d0 A0010000 		.word	416
 4363 00d4 A8010000 		.word	424
 4364 00d8 B0010000 		.word	432
 4365 00dc B8010000 		.word	440
 4366 00e0 C0010000 		.word	448
 4367 00e4 C8010000 		.word	456
 4368 00e8 D0010000 		.word	464
 4369 00ec D8010000 		.word	472
 4370 00f0 E0010000 		.word	480
 4371 00f4 E8010000 		.word	488
 4372 00f8 F0010000 		.word	496
 4373 00fc F8010000 		.word	504
 4374 0100 01020000 		.word	513
 4375 0104 09020000 		.word	521
 4376 0108 11020000 		.word	529
 4377 010c 19020000 		.word	537
 4378 0110 21020000 		.word	545
 4379 0114 29020000 		.word	553
 4380 0118 31020000 		.word	561
 4381 011c 39020000 		.word	569
 4382 0120 41020000 		.word	577
 4383 0124 49020000 		.word	585
 4384 0128 51020000 		.word	593
 4385 012c 59020000 		.word	601
 4386 0130 61020000 		.word	609
 4387 0134 69020000 		.word	617
 4388 0138 71020000 		.word	625
 4389 013c 79020000 		.word	633
 4390 0140 81020000 		.word	641
 4391 0144 89020000 		.word	649
 4392 0148 91020000 		.word	657
 4393 014c 99020000 		.word	665
 4394 0150 A1020000 		.word	673
 4395 0154 A9020000 		.word	681
 4396 0158 B1020000 		.word	689
 4397 015c B9020000 		.word	697
 4398 0160 C1020000 		.word	705
 4399 0164 C9020000 		.word	713
 4400 0168 D1020000 		.word	721
 4401 016c D9020000 		.word	729
 4402 0170 E1020000 		.word	737
 4403 0174 E9020000 		.word	745
 4404 0178 F1020000 		.word	753
 4405 017c F9020000 		.word	761
 4406 0180 01030000 		.word	769
 4407 0184 09030000 		.word	777
 4408 0188 11030000 		.word	785
 4409 018c 19030000 		.word	793
 4410 0190 21030000 		.word	801
 4411 0194 29030000 		.word	809
 4412 0198 31030000 		.word	817
 4413 019c 39030000 		.word	825
ARM GAS  /tmp/ccWclncs.s 			page 119


 4414 01a0 41030000 		.word	833
 4415 01a4 49030000 		.word	841
 4416 01a8 51030000 		.word	849
 4417 01ac 59030000 		.word	857
 4418 01b0 61030000 		.word	865
 4419 01b4 69030000 		.word	873
 4420 01b8 71030000 		.word	881
 4421 01bc 79030000 		.word	889
 4422 01c0 81030000 		.word	897
 4423 01c4 89030000 		.word	905
 4424 01c8 91030000 		.word	913
 4425 01cc 99030000 		.word	921
 4426 01d0 A1030000 		.word	929
 4427 01d4 A9030000 		.word	937
 4428 01d8 B1030000 		.word	945
 4429 01dc B9030000 		.word	953
 4430 01e0 C1030000 		.word	961
 4431 01e4 C9030000 		.word	969
 4432 01e8 D1030000 		.word	977
 4433 01ec D9030000 		.word	985
 4434 01f0 E1030000 		.word	993
 4435 01f4 E9030000 		.word	1001
 4436 01f8 F1030000 		.word	1009
 4437 01fc F9030000 		.word	1017
 4438 0200 01040000 		.word	1025
 4439 0204 09040000 		.word	1033
 4440 0208 11040000 		.word	1041
 4441 020c 19040000 		.word	1049
 4442 0210 21040000 		.word	1057
 4443 0214 29040000 		.word	1065
 4444 0218 31040000 		.word	1073
 4445 021c 39040000 		.word	1081
 4446 0220 41040000 		.word	1089
 4447 0224 49040000 		.word	1097
 4448 0228 51040000 		.word	1105
 4449 022c 59040000 		.word	1113
 4450 0230 61040000 		.word	1121
 4451 0234 69040000 		.word	1129
 4452 0238 71040000 		.word	1137
 4453 023c 79040000 		.word	1145
 4454 0240 81040000 		.word	1153
 4455 0244 89040000 		.word	1161
 4456 0248 91040000 		.word	1169
 4457 024c 99040000 		.word	1177
 4458 0250 A1040000 		.word	1185
 4459 0254 A9040000 		.word	1193
 4460 0258 B1040000 		.word	1201
 4461 025c B9040000 		.word	1209
 4462 0260 C1040000 		.word	1217
 4463 0264 C9040000 		.word	1225
 4464 0268 D1040000 		.word	1233
 4465 026c D9040000 		.word	1241
 4466 0270 E1040000 		.word	1249
 4467 0274 E9040000 		.word	1257
 4468 0278 F1040000 		.word	1265
 4469 027c F9040000 		.word	1273
 4470 0280 01050000 		.word	1281
ARM GAS  /tmp/ccWclncs.s 			page 120


 4471 0284 09050000 		.word	1289
 4472 0288 11050000 		.word	1297
 4473 028c 19050000 		.word	1305
 4474 0290 21050000 		.word	1313
 4475 0294 29050000 		.word	1321
 4476 0298 31050000 		.word	1329
 4477 029c 39050000 		.word	1337
 4478 02a0 41050000 		.word	1345
 4479 02a4 49050000 		.word	1353
 4480 02a8 51050000 		.word	1361
 4481 02ac 59050000 		.word	1369
 4482 02b0 61050000 		.word	1377
 4483 02b4 69050000 		.word	1385
 4484 02b8 71050000 		.word	1393
 4485 02bc 79050000 		.word	1401
 4486 02c0 81050000 		.word	1409
 4487 02c4 89050000 		.word	1417
 4488 02c8 91050000 		.word	1425
 4489 02cc 99050000 		.word	1433
 4490 02d0 A1050000 		.word	1441
 4491 02d4 A9050000 		.word	1449
 4492 02d8 B1050000 		.word	1457
 4493 02dc B9050000 		.word	1465
 4494 02e0 C1050000 		.word	1473
 4495 02e4 C9050000 		.word	1481
 4496 02e8 D1050000 		.word	1489
 4497 02ec D9050000 		.word	1497
 4498 02f0 E1050000 		.word	1505
 4499 02f4 E9050000 		.word	1513
 4500 02f8 F1050000 		.word	1521
 4501 02fc F9050000 		.word	1529
 4502 0300 02060000 		.word	1538
 4503 0304 0A060000 		.word	1546
 4504 0308 12060000 		.word	1554
 4505 030c 1A060000 		.word	1562
 4506 0310 22060000 		.word	1570
 4507 0314 2A060000 		.word	1578
 4508 0318 32060000 		.word	1586
 4509 031c 3A060000 		.word	1594
 4510 0320 42060000 		.word	1602
 4511 0324 4A060000 		.word	1610
 4512 0328 52060000 		.word	1618
 4513 032c 5A060000 		.word	1626
 4514 0330 62060000 		.word	1634
 4515 0334 6A060000 		.word	1642
 4516 0338 72060000 		.word	1650
 4517 033c 7A060000 		.word	1658
 4518 0340 82060000 		.word	1666
 4519 0344 8A060000 		.word	1674
 4520 0348 92060000 		.word	1682
 4521 034c 9A060000 		.word	1690
 4522 0350 A2060000 		.word	1698
 4523 0354 AA060000 		.word	1706
 4524 0358 B2060000 		.word	1714
 4525 035c BA060000 		.word	1722
 4526 0360 C2060000 		.word	1730
 4527 0364 CA060000 		.word	1738
ARM GAS  /tmp/ccWclncs.s 			page 121


 4528 0368 D2060000 		.word	1746
 4529 036c DA060000 		.word	1754
 4530 0370 E2060000 		.word	1762
 4531 0374 EA060000 		.word	1770
 4532 0378 F2060000 		.word	1778
 4533 037c FA060000 		.word	1786
 4534 0380 02070000 		.word	1794
 4535 0384 0A070000 		.word	1802
 4536 0388 12070000 		.word	1810
 4537 038c 1A070000 		.word	1818
 4538 0390 22070000 		.word	1826
 4539 0394 2A070000 		.word	1834
 4540 0398 32070000 		.word	1842
 4541 039c 3A070000 		.word	1850
 4542 03a0 42070000 		.word	1858
 4543 03a4 4A070000 		.word	1866
 4544 03a8 52070000 		.word	1874
 4545 03ac 5A070000 		.word	1882
 4546 03b0 62070000 		.word	1890
 4547 03b4 6A070000 		.word	1898
 4548 03b8 72070000 		.word	1906
 4549 03bc 7A070000 		.word	1914
 4550 03c0 82070000 		.word	1922
 4551 03c4 8A070000 		.word	1930
 4552 03c8 92070000 		.word	1938
 4553 03cc 9A070000 		.word	1946
 4554 03d0 A2070000 		.word	1954
 4555 03d4 AA070000 		.word	1962
 4556 03d8 B2070000 		.word	1970
 4557 03dc BA070000 		.word	1978
 4558 03e0 C2070000 		.word	1986
 4559 03e4 CA070000 		.word	1994
 4560 03e8 D2070000 		.word	2002
 4561 03ec DA070000 		.word	2010
 4562 03f0 E2070000 		.word	2018
 4563 03f4 EA070000 		.word	2026
 4564 03f8 F2070000 		.word	2034
 4565 03fc FA070000 		.word	2042
 4566 0400 02080000 		.word	2050
 4567 0404 0A080000 		.word	2058
 4568 0408 12080000 		.word	2066
 4569 040c 1A080000 		.word	2074
 4570 0410 22080000 		.word	2082
 4571 0414 2A080000 		.word	2090
 4572 0418 32080000 		.word	2098
 4573 041c 3A080000 		.word	2106
 4574 0420 42080000 		.word	2114
 4575 0424 4A080000 		.word	2122
 4576 0428 52080000 		.word	2130
 4577 042c 5A080000 		.word	2138
 4578 0430 62080000 		.word	2146
 4579 0434 6A080000 		.word	2154
 4580 0438 72080000 		.word	2162
 4581 043c 7A080000 		.word	2170
 4582 0440 82080000 		.word	2178
 4583 0444 8A080000 		.word	2186
 4584 0448 92080000 		.word	2194
ARM GAS  /tmp/ccWclncs.s 			page 122


 4585 044c 9A080000 		.word	2202
 4586 0450 A2080000 		.word	2210
 4587 0454 AA080000 		.word	2218
 4588 0458 B2080000 		.word	2226
 4589 045c BA080000 		.word	2234
 4590 0460 C2080000 		.word	2242
 4591 0464 CA080000 		.word	2250
 4592 0468 D2080000 		.word	2258
 4593 046c DA080000 		.word	2266
 4594 0470 E2080000 		.word	2274
 4595 0474 EA080000 		.word	2282
 4596 0478 F2080000 		.word	2290
 4597 047c FA080000 		.word	2298
 4598 0480 02090000 		.word	2306
 4599 0484 0A090000 		.word	2314
 4600 0488 12090000 		.word	2322
 4601 048c 1A090000 		.word	2330
 4602 0490 22090000 		.word	2338
 4603 0494 2A090000 		.word	2346
 4604 0498 32090000 		.word	2354
 4605 049c 3A090000 		.word	2362
 4606 04a0 42090000 		.word	2370
 4607 04a4 4A090000 		.word	2378
 4608 04a8 52090000 		.word	2386
 4609 04ac 5A090000 		.word	2394
 4610 04b0 62090000 		.word	2402
 4611 04b4 6A090000 		.word	2410
 4612 04b8 72090000 		.word	2418
 4613 04bc 7A090000 		.word	2426
 4614 04c0 82090000 		.word	2434
 4615 04c4 8A090000 		.word	2442
 4616 04c8 92090000 		.word	2450
 4617 04cc 9A090000 		.word	2458
 4618 04d0 A2090000 		.word	2466
 4619 04d4 AA090000 		.word	2474
 4620 04d8 B2090000 		.word	2482
 4621 04dc BA090000 		.word	2490
 4622 04e0 C2090000 		.word	2498
 4623 04e4 CA090000 		.word	2506
 4624 04e8 D2090000 		.word	2514
 4625 04ec DA090000 		.word	2522
 4626 04f0 E2090000 		.word	2530
 4627 04f4 EA090000 		.word	2538
 4628 04f8 F2090000 		.word	2546
 4629 04fc FA090000 		.word	2554
 4630 0500 020A0000 		.word	2562
 4631 0504 0B0A0000 		.word	2571
 4632 0508 130A0000 		.word	2579
 4633 050c 1B0A0000 		.word	2587
 4634 0510 230A0000 		.word	2595
 4635 0514 2B0A0000 		.word	2603
 4636 0518 330A0000 		.word	2611
 4637 051c 3B0A0000 		.word	2619
 4638 0520 430A0000 		.word	2627
 4639 0524 4B0A0000 		.word	2635
 4640 0528 530A0000 		.word	2643
 4641 052c 5B0A0000 		.word	2651
ARM GAS  /tmp/ccWclncs.s 			page 123


 4642 0530 630A0000 		.word	2659
 4643 0534 6B0A0000 		.word	2667
 4644 0538 730A0000 		.word	2675
 4645 053c 7B0A0000 		.word	2683
 4646 0540 830A0000 		.word	2691
 4647 0544 8B0A0000 		.word	2699
 4648 0548 930A0000 		.word	2707
 4649 054c 9B0A0000 		.word	2715
 4650 0550 A30A0000 		.word	2723
 4651 0554 AB0A0000 		.word	2731
 4652 0558 B30A0000 		.word	2739
 4653 055c BB0A0000 		.word	2747
 4654 0560 C30A0000 		.word	2755
 4655 0564 CB0A0000 		.word	2763
 4656 0568 D30A0000 		.word	2771
 4657 056c DB0A0000 		.word	2779
 4658 0570 E30A0000 		.word	2787
 4659 0574 EB0A0000 		.word	2795
 4660 0578 F30A0000 		.word	2803
 4661 057c FB0A0000 		.word	2811
 4662 0580 030B0000 		.word	2819
 4663 0584 0B0B0000 		.word	2827
 4664 0588 130B0000 		.word	2835
 4665 058c 1B0B0000 		.word	2843
 4666 0590 230B0000 		.word	2851
 4667 0594 2B0B0000 		.word	2859
 4668 0598 330B0000 		.word	2867
 4669 059c 3B0B0000 		.word	2875
 4670 05a0 430B0000 		.word	2883
 4671 05a4 4B0B0000 		.word	2891
 4672 05a8 530B0000 		.word	2899
 4673 05ac 5B0B0000 		.word	2907
 4674 05b0 630B0000 		.word	2915
 4675 05b4 6B0B0000 		.word	2923
 4676 05b8 730B0000 		.word	2931
 4677 05bc 7B0B0000 		.word	2939
 4678 05c0 830B0000 		.word	2947
 4679 05c4 8B0B0000 		.word	2955
 4680 05c8 930B0000 		.word	2963
 4681 05cc 9B0B0000 		.word	2971
 4682 05d0 A30B0000 		.word	2979
 4683 05d4 AB0B0000 		.word	2987
 4684 05d8 B30B0000 		.word	2995
 4685 05dc BB0B0000 		.word	3003
 4686 05e0 C30B0000 		.word	3011
 4687 05e4 CB0B0000 		.word	3019
 4688 05e8 D30B0000 		.word	3027
 4689 05ec DB0B0000 		.word	3035
 4690 05f0 E30B0000 		.word	3043
 4691 05f4 EB0B0000 		.word	3051
 4692 05f8 F30B0000 		.word	3059
 4693 05fc FB0B0000 		.word	3067
 4694 0600 030C0000 		.word	3075
 4695 0604 0B0C0000 		.word	3083
 4696 0608 130C0000 		.word	3091
 4697 060c 1B0C0000 		.word	3099
 4698 0610 230C0000 		.word	3107
ARM GAS  /tmp/ccWclncs.s 			page 124


 4699 0614 2B0C0000 		.word	3115
 4700 0618 330C0000 		.word	3123
 4701 061c 3B0C0000 		.word	3131
 4702 0620 430C0000 		.word	3139
 4703 0624 4B0C0000 		.word	3147
 4704 0628 530C0000 		.word	3155
 4705 062c 5B0C0000 		.word	3163
 4706 0630 630C0000 		.word	3171
 4707 0634 6B0C0000 		.word	3179
 4708 0638 730C0000 		.word	3187
 4709 063c 7B0C0000 		.word	3195
 4710 0640 830C0000 		.word	3203
 4711 0644 8B0C0000 		.word	3211
 4712 0648 930C0000 		.word	3219
 4713 064c 9B0C0000 		.word	3227
 4714 0650 A30C0000 		.word	3235
 4715 0654 AB0C0000 		.word	3243
 4716 0658 B30C0000 		.word	3251
 4717 065c BB0C0000 		.word	3259
 4718 0660 C30C0000 		.word	3267
 4719 0664 CB0C0000 		.word	3275
 4720 0668 D30C0000 		.word	3283
 4721 066c DB0C0000 		.word	3291
 4722 0670 E30C0000 		.word	3299
 4723 0674 EB0C0000 		.word	3307
 4724 0678 F30C0000 		.word	3315
 4725 067c FB0C0000 		.word	3323
 4726 0680 030D0000 		.word	3331
 4727 0684 0B0D0000 		.word	3339
 4728 0688 130D0000 		.word	3347
 4729 068c 1B0D0000 		.word	3355
 4730 0690 230D0000 		.word	3363
 4731 0694 2B0D0000 		.word	3371
 4732 0698 330D0000 		.word	3379
 4733 069c 3B0D0000 		.word	3387
 4734 06a0 430D0000 		.word	3395
 4735 06a4 4B0D0000 		.word	3403
 4736 06a8 530D0000 		.word	3411
 4737 06ac 5B0D0000 		.word	3419
 4738 06b0 630D0000 		.word	3427
 4739 06b4 6B0D0000 		.word	3435
 4740 06b8 730D0000 		.word	3443
 4741 06bc 7B0D0000 		.word	3451
 4742 06c0 830D0000 		.word	3459
 4743 06c4 8B0D0000 		.word	3467
 4744 06c8 930D0000 		.word	3475
 4745 06cc 9B0D0000 		.word	3483
 4746 06d0 A30D0000 		.word	3491
 4747 06d4 AB0D0000 		.word	3499
 4748 06d8 B30D0000 		.word	3507
 4749 06dc BB0D0000 		.word	3515
 4750 06e0 C30D0000 		.word	3523
 4751 06e4 CB0D0000 		.word	3531
 4752 06e8 D30D0000 		.word	3539
 4753 06ec DB0D0000 		.word	3547
 4754 06f0 E30D0000 		.word	3555
 4755 06f4 EB0D0000 		.word	3563
ARM GAS  /tmp/ccWclncs.s 			page 125


 4756 06f8 F30D0000 		.word	3571
 4757 06fc FB0D0000 		.word	3579
 4758 0700 030E0000 		.word	3587
 4759 0704 0C0E0000 		.word	3596
 4760 0708 140E0000 		.word	3604
 4761 070c 1C0E0000 		.word	3612
 4762 0710 240E0000 		.word	3620
 4763 0714 2C0E0000 		.word	3628
 4764 0718 340E0000 		.word	3636
 4765 071c 3C0E0000 		.word	3644
 4766 0720 440E0000 		.word	3652
 4767 0724 4C0E0000 		.word	3660
 4768 0728 540E0000 		.word	3668
 4769 072c 5C0E0000 		.word	3676
 4770 0730 640E0000 		.word	3684
 4771 0734 6C0E0000 		.word	3692
 4772 0738 740E0000 		.word	3700
 4773 073c 7C0E0000 		.word	3708
 4774 0740 840E0000 		.word	3716
 4775 0744 8C0E0000 		.word	3724
 4776 0748 940E0000 		.word	3732
 4777 074c 9C0E0000 		.word	3740
 4778 0750 A40E0000 		.word	3748
 4779 0754 AC0E0000 		.word	3756
 4780 0758 B40E0000 		.word	3764
 4781 075c BC0E0000 		.word	3772
 4782 0760 C40E0000 		.word	3780
 4783 0764 CC0E0000 		.word	3788
 4784 0768 D40E0000 		.word	3796
 4785 076c DC0E0000 		.word	3804
 4786 0770 E40E0000 		.word	3812
 4787 0774 EC0E0000 		.word	3820
 4788 0778 F40E0000 		.word	3828
 4789 077c FC0E0000 		.word	3836
 4790 0780 040F0000 		.word	3844
 4791 0784 0C0F0000 		.word	3852
 4792 0788 140F0000 		.word	3860
 4793 078c 1C0F0000 		.word	3868
 4794 0790 240F0000 		.word	3876
 4795 0794 2C0F0000 		.word	3884
 4796 0798 340F0000 		.word	3892
 4797 079c 3C0F0000 		.word	3900
 4798 07a0 440F0000 		.word	3908
 4799 07a4 4C0F0000 		.word	3916
 4800 07a8 540F0000 		.word	3924
 4801 07ac 5C0F0000 		.word	3932
 4802 07b0 640F0000 		.word	3940
 4803 07b4 6C0F0000 		.word	3948
 4804 07b8 740F0000 		.word	3956
 4805 07bc 7C0F0000 		.word	3964
 4806 07c0 840F0000 		.word	3972
 4807 07c4 8C0F0000 		.word	3980
 4808 07c8 940F0000 		.word	3988
 4809 07cc 9C0F0000 		.word	3996
 4810 07d0 A40F0000 		.word	4004
 4811 07d4 AC0F0000 		.word	4012
 4812 07d8 B40F0000 		.word	4020
ARM GAS  /tmp/ccWclncs.s 			page 126


 4813 07dc BC0F0000 		.word	4028
 4814 07e0 C40F0000 		.word	4036
 4815 07e4 CC0F0000 		.word	4044
 4816 07e8 D40F0000 		.word	4052
 4817 07ec DC0F0000 		.word	4060
 4818 07f0 E40F0000 		.word	4068
 4819 07f4 EC0F0000 		.word	4076
 4820 07f8 F40F0000 		.word	4084
 4821 07fc FC0F0000 		.word	4092
 4822 0800 04100000 		.word	4100
 4823 0804 FC0F0000 		.word	4092
 4824 0808 F40F0000 		.word	4084
 4825 080c EC0F0000 		.word	4076
 4826 0810 E40F0000 		.word	4068
 4827 0814 DC0F0000 		.word	4060
 4828 0818 D40F0000 		.word	4052
 4829 081c CC0F0000 		.word	4044
 4830 0820 C40F0000 		.word	4036
 4831 0824 BC0F0000 		.word	4028
 4832 0828 B40F0000 		.word	4020
 4833 082c AC0F0000 		.word	4012
 4834 0830 A40F0000 		.word	4004
 4835 0834 9C0F0000 		.word	3996
 4836 0838 940F0000 		.word	3988
 4837 083c 8C0F0000 		.word	3980
 4838 0840 840F0000 		.word	3972
 4839 0844 7C0F0000 		.word	3964
 4840 0848 740F0000 		.word	3956
 4841 084c 6C0F0000 		.word	3948
 4842 0850 640F0000 		.word	3940
 4843 0854 5C0F0000 		.word	3932
 4844 0858 540F0000 		.word	3924
 4845 085c 4C0F0000 		.word	3916
 4846 0860 440F0000 		.word	3908
 4847 0864 3C0F0000 		.word	3900
 4848 0868 340F0000 		.word	3892
 4849 086c 2C0F0000 		.word	3884
 4850 0870 240F0000 		.word	3876
 4851 0874 1C0F0000 		.word	3868
 4852 0878 140F0000 		.word	3860
 4853 087c 0C0F0000 		.word	3852
 4854 0880 040F0000 		.word	3844
 4855 0884 FC0E0000 		.word	3836
 4856 0888 F40E0000 		.word	3828
 4857 088c EC0E0000 		.word	3820
 4858 0890 E40E0000 		.word	3812
 4859 0894 DC0E0000 		.word	3804
 4860 0898 D40E0000 		.word	3796
 4861 089c CC0E0000 		.word	3788
 4862 08a0 C40E0000 		.word	3780
 4863 08a4 BC0E0000 		.word	3772
 4864 08a8 B40E0000 		.word	3764
 4865 08ac AC0E0000 		.word	3756
 4866 08b0 A40E0000 		.word	3748
 4867 08b4 9C0E0000 		.word	3740
 4868 08b8 940E0000 		.word	3732
 4869 08bc 8C0E0000 		.word	3724
ARM GAS  /tmp/ccWclncs.s 			page 127


 4870 08c0 840E0000 		.word	3716
 4871 08c4 7C0E0000 		.word	3708
 4872 08c8 740E0000 		.word	3700
 4873 08cc 6C0E0000 		.word	3692
 4874 08d0 640E0000 		.word	3684
 4875 08d4 5C0E0000 		.word	3676
 4876 08d8 540E0000 		.word	3668
 4877 08dc 4C0E0000 		.word	3660
 4878 08e0 440E0000 		.word	3652
 4879 08e4 3C0E0000 		.word	3644
 4880 08e8 340E0000 		.word	3636
 4881 08ec 2C0E0000 		.word	3628
 4882 08f0 240E0000 		.word	3620
 4883 08f4 1C0E0000 		.word	3612
 4884 08f8 140E0000 		.word	3604
 4885 08fc 0C0E0000 		.word	3596
 4886 0900 030E0000 		.word	3587
 4887 0904 FB0D0000 		.word	3579
 4888 0908 F30D0000 		.word	3571
 4889 090c EB0D0000 		.word	3563
 4890 0910 E30D0000 		.word	3555
 4891 0914 DB0D0000 		.word	3547
 4892 0918 D30D0000 		.word	3539
 4893 091c CB0D0000 		.word	3531
 4894 0920 C30D0000 		.word	3523
 4895 0924 BB0D0000 		.word	3515
 4896 0928 B30D0000 		.word	3507
 4897 092c AB0D0000 		.word	3499
 4898 0930 A30D0000 		.word	3491
 4899 0934 9B0D0000 		.word	3483
 4900 0938 930D0000 		.word	3475
 4901 093c 8B0D0000 		.word	3467
 4902 0940 830D0000 		.word	3459
 4903 0944 7B0D0000 		.word	3451
 4904 0948 730D0000 		.word	3443
 4905 094c 6B0D0000 		.word	3435
 4906 0950 630D0000 		.word	3427
 4907 0954 5B0D0000 		.word	3419
 4908 0958 530D0000 		.word	3411
 4909 095c 4B0D0000 		.word	3403
 4910 0960 430D0000 		.word	3395
 4911 0964 3B0D0000 		.word	3387
 4912 0968 330D0000 		.word	3379
 4913 096c 2B0D0000 		.word	3371
 4914 0970 230D0000 		.word	3363
 4915 0974 1B0D0000 		.word	3355
 4916 0978 130D0000 		.word	3347
 4917 097c 0B0D0000 		.word	3339
 4918 0980 030D0000 		.word	3331
 4919 0984 FB0C0000 		.word	3323
 4920 0988 F30C0000 		.word	3315
 4921 098c EB0C0000 		.word	3307
 4922 0990 E30C0000 		.word	3299
 4923 0994 DB0C0000 		.word	3291
 4924 0998 D30C0000 		.word	3283
 4925 099c CB0C0000 		.word	3275
 4926 09a0 C30C0000 		.word	3267
ARM GAS  /tmp/ccWclncs.s 			page 128


 4927 09a4 BB0C0000 		.word	3259
 4928 09a8 B30C0000 		.word	3251
 4929 09ac AB0C0000 		.word	3243
 4930 09b0 A30C0000 		.word	3235
 4931 09b4 9B0C0000 		.word	3227
 4932 09b8 930C0000 		.word	3219
 4933 09bc 8B0C0000 		.word	3211
 4934 09c0 830C0000 		.word	3203
 4935 09c4 7B0C0000 		.word	3195
 4936 09c8 730C0000 		.word	3187
 4937 09cc 6B0C0000 		.word	3179
 4938 09d0 630C0000 		.word	3171
 4939 09d4 5B0C0000 		.word	3163
 4940 09d8 530C0000 		.word	3155
 4941 09dc 4B0C0000 		.word	3147
 4942 09e0 430C0000 		.word	3139
 4943 09e4 3B0C0000 		.word	3131
 4944 09e8 330C0000 		.word	3123
 4945 09ec 2B0C0000 		.word	3115
 4946 09f0 230C0000 		.word	3107
 4947 09f4 1B0C0000 		.word	3099
 4948 09f8 130C0000 		.word	3091
 4949 09fc 0B0C0000 		.word	3083
 4950 0a00 030C0000 		.word	3075
 4951 0a04 FB0B0000 		.word	3067
 4952 0a08 F30B0000 		.word	3059
 4953 0a0c EB0B0000 		.word	3051
 4954 0a10 E30B0000 		.word	3043
 4955 0a14 DB0B0000 		.word	3035
 4956 0a18 D30B0000 		.word	3027
 4957 0a1c CB0B0000 		.word	3019
 4958 0a20 C30B0000 		.word	3011
 4959 0a24 BB0B0000 		.word	3003
 4960 0a28 B30B0000 		.word	2995
 4961 0a2c AB0B0000 		.word	2987
 4962 0a30 A30B0000 		.word	2979
 4963 0a34 9B0B0000 		.word	2971
 4964 0a38 930B0000 		.word	2963
 4965 0a3c 8B0B0000 		.word	2955
 4966 0a40 830B0000 		.word	2947
 4967 0a44 7B0B0000 		.word	2939
 4968 0a48 730B0000 		.word	2931
 4969 0a4c 6B0B0000 		.word	2923
 4970 0a50 630B0000 		.word	2915
 4971 0a54 5B0B0000 		.word	2907
 4972 0a58 530B0000 		.word	2899
 4973 0a5c 4B0B0000 		.word	2891
 4974 0a60 430B0000 		.word	2883
 4975 0a64 3B0B0000 		.word	2875
 4976 0a68 330B0000 		.word	2867
 4977 0a6c 2B0B0000 		.word	2859
 4978 0a70 230B0000 		.word	2851
 4979 0a74 1B0B0000 		.word	2843
 4980 0a78 130B0000 		.word	2835
 4981 0a7c 0B0B0000 		.word	2827
 4982 0a80 030B0000 		.word	2819
 4983 0a84 FB0A0000 		.word	2811
ARM GAS  /tmp/ccWclncs.s 			page 129


 4984 0a88 F30A0000 		.word	2803
 4985 0a8c EB0A0000 		.word	2795
 4986 0a90 E30A0000 		.word	2787
 4987 0a94 DB0A0000 		.word	2779
 4988 0a98 D30A0000 		.word	2771
 4989 0a9c CB0A0000 		.word	2763
 4990 0aa0 C30A0000 		.word	2755
 4991 0aa4 BB0A0000 		.word	2747
 4992 0aa8 B30A0000 		.word	2739
 4993 0aac AB0A0000 		.word	2731
 4994 0ab0 A30A0000 		.word	2723
 4995 0ab4 9B0A0000 		.word	2715
 4996 0ab8 930A0000 		.word	2707
 4997 0abc 8B0A0000 		.word	2699
 4998 0ac0 830A0000 		.word	2691
 4999 0ac4 7B0A0000 		.word	2683
 5000 0ac8 730A0000 		.word	2675
 5001 0acc 6B0A0000 		.word	2667
 5002 0ad0 630A0000 		.word	2659
 5003 0ad4 5B0A0000 		.word	2651
 5004 0ad8 530A0000 		.word	2643
 5005 0adc 4B0A0000 		.word	2635
 5006 0ae0 430A0000 		.word	2627
 5007 0ae4 3B0A0000 		.word	2619
 5008 0ae8 330A0000 		.word	2611
 5009 0aec 2B0A0000 		.word	2603
 5010 0af0 230A0000 		.word	2595
 5011 0af4 1B0A0000 		.word	2587
 5012 0af8 130A0000 		.word	2579
 5013 0afc 0B0A0000 		.word	2571
 5014 0b00 020A0000 		.word	2562
 5015 0b04 FA090000 		.word	2554
 5016 0b08 F2090000 		.word	2546
 5017 0b0c EA090000 		.word	2538
 5018 0b10 E2090000 		.word	2530
 5019 0b14 DA090000 		.word	2522
 5020 0b18 D2090000 		.word	2514
 5021 0b1c CA090000 		.word	2506
 5022 0b20 C2090000 		.word	2498
 5023 0b24 BA090000 		.word	2490
 5024 0b28 B2090000 		.word	2482
 5025 0b2c AA090000 		.word	2474
 5026 0b30 A2090000 		.word	2466
 5027 0b34 9A090000 		.word	2458
 5028 0b38 92090000 		.word	2450
 5029 0b3c 8A090000 		.word	2442
 5030 0b40 82090000 		.word	2434
 5031 0b44 7A090000 		.word	2426
 5032 0b48 72090000 		.word	2418
 5033 0b4c 6A090000 		.word	2410
 5034 0b50 62090000 		.word	2402
 5035 0b54 5A090000 		.word	2394
 5036 0b58 52090000 		.word	2386
 5037 0b5c 4A090000 		.word	2378
 5038 0b60 42090000 		.word	2370
 5039 0b64 3A090000 		.word	2362
 5040 0b68 32090000 		.word	2354
ARM GAS  /tmp/ccWclncs.s 			page 130


 5041 0b6c 2A090000 		.word	2346
 5042 0b70 22090000 		.word	2338
 5043 0b74 1A090000 		.word	2330
 5044 0b78 12090000 		.word	2322
 5045 0b7c 0A090000 		.word	2314
 5046 0b80 02090000 		.word	2306
 5047 0b84 FA080000 		.word	2298
 5048 0b88 F2080000 		.word	2290
 5049 0b8c EA080000 		.word	2282
 5050 0b90 E2080000 		.word	2274
 5051 0b94 DA080000 		.word	2266
 5052 0b98 D2080000 		.word	2258
 5053 0b9c CA080000 		.word	2250
 5054 0ba0 C2080000 		.word	2242
 5055 0ba4 BA080000 		.word	2234
 5056 0ba8 B2080000 		.word	2226
 5057 0bac AA080000 		.word	2218
 5058 0bb0 A2080000 		.word	2210
 5059 0bb4 9A080000 		.word	2202
 5060 0bb8 92080000 		.word	2194
 5061 0bbc 8A080000 		.word	2186
 5062 0bc0 82080000 		.word	2178
 5063 0bc4 7A080000 		.word	2170
 5064 0bc8 72080000 		.word	2162
 5065 0bcc 6A080000 		.word	2154
 5066 0bd0 62080000 		.word	2146
 5067 0bd4 5A080000 		.word	2138
 5068 0bd8 52080000 		.word	2130
 5069 0bdc 4A080000 		.word	2122
 5070 0be0 42080000 		.word	2114
 5071 0be4 3A080000 		.word	2106
 5072 0be8 32080000 		.word	2098
 5073 0bec 2A080000 		.word	2090
 5074 0bf0 22080000 		.word	2082
 5075 0bf4 1A080000 		.word	2074
 5076 0bf8 12080000 		.word	2066
 5077 0bfc 0A080000 		.word	2058
 5078 0c00 02080000 		.word	2050
 5079 0c04 FA070000 		.word	2042
 5080 0c08 F2070000 		.word	2034
 5081 0c0c EA070000 		.word	2026
 5082 0c10 E2070000 		.word	2018
 5083 0c14 DA070000 		.word	2010
 5084 0c18 D2070000 		.word	2002
 5085 0c1c CA070000 		.word	1994
 5086 0c20 C2070000 		.word	1986
 5087 0c24 BA070000 		.word	1978
 5088 0c28 B2070000 		.word	1970
 5089 0c2c AA070000 		.word	1962
 5090 0c30 A2070000 		.word	1954
 5091 0c34 9A070000 		.word	1946
 5092 0c38 92070000 		.word	1938
 5093 0c3c 8A070000 		.word	1930
 5094 0c40 82070000 		.word	1922
 5095 0c44 7A070000 		.word	1914
 5096 0c48 72070000 		.word	1906
 5097 0c4c 6A070000 		.word	1898
ARM GAS  /tmp/ccWclncs.s 			page 131


 5098 0c50 62070000 		.word	1890
 5099 0c54 5A070000 		.word	1882
 5100 0c58 52070000 		.word	1874
 5101 0c5c 4A070000 		.word	1866
 5102 0c60 42070000 		.word	1858
 5103 0c64 3A070000 		.word	1850
 5104 0c68 32070000 		.word	1842
 5105 0c6c 2A070000 		.word	1834
 5106 0c70 22070000 		.word	1826
 5107 0c74 1A070000 		.word	1818
 5108 0c78 12070000 		.word	1810
 5109 0c7c 0A070000 		.word	1802
 5110 0c80 02070000 		.word	1794
 5111 0c84 FA060000 		.word	1786
 5112 0c88 F2060000 		.word	1778
 5113 0c8c EA060000 		.word	1770
 5114 0c90 E2060000 		.word	1762
 5115 0c94 DA060000 		.word	1754
 5116 0c98 D2060000 		.word	1746
 5117 0c9c CA060000 		.word	1738
 5118 0ca0 C2060000 		.word	1730
 5119 0ca4 BA060000 		.word	1722
 5120 0ca8 B2060000 		.word	1714
 5121 0cac AA060000 		.word	1706
 5122 0cb0 A2060000 		.word	1698
 5123 0cb4 9A060000 		.word	1690
 5124 0cb8 92060000 		.word	1682
 5125 0cbc 8A060000 		.word	1674
 5126 0cc0 82060000 		.word	1666
 5127 0cc4 7A060000 		.word	1658
 5128 0cc8 72060000 		.word	1650
 5129 0ccc 6A060000 		.word	1642
 5130 0cd0 62060000 		.word	1634
 5131 0cd4 5A060000 		.word	1626
 5132 0cd8 52060000 		.word	1618
 5133 0cdc 4A060000 		.word	1610
 5134 0ce0 42060000 		.word	1602
 5135 0ce4 3A060000 		.word	1594
 5136 0ce8 32060000 		.word	1586
 5137 0cec 2A060000 		.word	1578
 5138 0cf0 22060000 		.word	1570
 5139 0cf4 1A060000 		.word	1562
 5140 0cf8 12060000 		.word	1554
 5141 0cfc 0A060000 		.word	1546
 5142 0d00 02060000 		.word	1538
 5143 0d04 F9050000 		.word	1529
 5144 0d08 F1050000 		.word	1521
 5145 0d0c E9050000 		.word	1513
 5146 0d10 E1050000 		.word	1505
 5147 0d14 D9050000 		.word	1497
 5148 0d18 D1050000 		.word	1489
 5149 0d1c C9050000 		.word	1481
 5150 0d20 C1050000 		.word	1473
 5151 0d24 B9050000 		.word	1465
 5152 0d28 B1050000 		.word	1457
 5153 0d2c A9050000 		.word	1449
 5154 0d30 A1050000 		.word	1441
ARM GAS  /tmp/ccWclncs.s 			page 132


 5155 0d34 99050000 		.word	1433
 5156 0d38 91050000 		.word	1425
 5157 0d3c 89050000 		.word	1417
 5158 0d40 81050000 		.word	1409
 5159 0d44 79050000 		.word	1401
 5160 0d48 71050000 		.word	1393
 5161 0d4c 69050000 		.word	1385
 5162 0d50 61050000 		.word	1377
 5163 0d54 59050000 		.word	1369
 5164 0d58 51050000 		.word	1361
 5165 0d5c 49050000 		.word	1353
 5166 0d60 41050000 		.word	1345
 5167 0d64 39050000 		.word	1337
 5168 0d68 31050000 		.word	1329
 5169 0d6c 29050000 		.word	1321
 5170 0d70 21050000 		.word	1313
 5171 0d74 19050000 		.word	1305
 5172 0d78 11050000 		.word	1297
 5173 0d7c 09050000 		.word	1289
 5174 0d80 01050000 		.word	1281
 5175 0d84 F9040000 		.word	1273
 5176 0d88 F1040000 		.word	1265
 5177 0d8c E9040000 		.word	1257
 5178 0d90 E1040000 		.word	1249
 5179 0d94 D9040000 		.word	1241
 5180 0d98 D1040000 		.word	1233
 5181 0d9c C9040000 		.word	1225
 5182 0da0 C1040000 		.word	1217
 5183 0da4 B9040000 		.word	1209
 5184 0da8 B1040000 		.word	1201
 5185 0dac A9040000 		.word	1193
 5186 0db0 A1040000 		.word	1185
 5187 0db4 99040000 		.word	1177
 5188 0db8 91040000 		.word	1169
 5189 0dbc 89040000 		.word	1161
 5190 0dc0 81040000 		.word	1153
 5191 0dc4 79040000 		.word	1145
 5192 0dc8 71040000 		.word	1137
 5193 0dcc 69040000 		.word	1129
 5194 0dd0 61040000 		.word	1121
 5195 0dd4 59040000 		.word	1113
 5196 0dd8 51040000 		.word	1105
 5197 0ddc 49040000 		.word	1097
 5198 0de0 41040000 		.word	1089
 5199 0de4 39040000 		.word	1081
 5200 0de8 31040000 		.word	1073
 5201 0dec 29040000 		.word	1065
 5202 0df0 21040000 		.word	1057
 5203 0df4 19040000 		.word	1049
 5204 0df8 11040000 		.word	1041
 5205 0dfc 09040000 		.word	1033
 5206 0e00 01040000 		.word	1025
 5207 0e04 F9030000 		.word	1017
 5208 0e08 F1030000 		.word	1009
 5209 0e0c E9030000 		.word	1001
 5210 0e10 E1030000 		.word	993
 5211 0e14 D9030000 		.word	985
ARM GAS  /tmp/ccWclncs.s 			page 133


 5212 0e18 D1030000 		.word	977
 5213 0e1c C9030000 		.word	969
 5214 0e20 C1030000 		.word	961
 5215 0e24 B9030000 		.word	953
 5216 0e28 B1030000 		.word	945
 5217 0e2c A9030000 		.word	937
 5218 0e30 A1030000 		.word	929
 5219 0e34 99030000 		.word	921
 5220 0e38 91030000 		.word	913
 5221 0e3c 89030000 		.word	905
 5222 0e40 81030000 		.word	897
 5223 0e44 79030000 		.word	889
 5224 0e48 71030000 		.word	881
 5225 0e4c 69030000 		.word	873
 5226 0e50 61030000 		.word	865
 5227 0e54 59030000 		.word	857
 5228 0e58 51030000 		.word	849
 5229 0e5c 49030000 		.word	841
 5230 0e60 41030000 		.word	833
 5231 0e64 39030000 		.word	825
 5232 0e68 31030000 		.word	817
 5233 0e6c 29030000 		.word	809
 5234 0e70 21030000 		.word	801
 5235 0e74 19030000 		.word	793
 5236 0e78 11030000 		.word	785
 5237 0e7c 09030000 		.word	777
 5238 0e80 01030000 		.word	769
 5239 0e84 F9020000 		.word	761
 5240 0e88 F1020000 		.word	753
 5241 0e8c E9020000 		.word	745
 5242 0e90 E1020000 		.word	737
 5243 0e94 D9020000 		.word	729
 5244 0e98 D1020000 		.word	721
 5245 0e9c C9020000 		.word	713
 5246 0ea0 C1020000 		.word	705
 5247 0ea4 B9020000 		.word	697
 5248 0ea8 B1020000 		.word	689
 5249 0eac A9020000 		.word	681
 5250 0eb0 A1020000 		.word	673
 5251 0eb4 99020000 		.word	665
 5252 0eb8 91020000 		.word	657
 5253 0ebc 89020000 		.word	649
 5254 0ec0 81020000 		.word	641
 5255 0ec4 79020000 		.word	633
 5256 0ec8 71020000 		.word	625
 5257 0ecc 69020000 		.word	617
 5258 0ed0 61020000 		.word	609
 5259 0ed4 59020000 		.word	601
 5260 0ed8 51020000 		.word	593
 5261 0edc 49020000 		.word	585
 5262 0ee0 41020000 		.word	577
 5263 0ee4 39020000 		.word	569
 5264 0ee8 31020000 		.word	561
 5265 0eec 29020000 		.word	553
 5266 0ef0 21020000 		.word	545
 5267 0ef4 19020000 		.word	537
 5268 0ef8 11020000 		.word	529
ARM GAS  /tmp/ccWclncs.s 			page 134


 5269 0efc 09020000 		.word	521
 5270 0f00 01020000 		.word	513
 5271 0f04 F8010000 		.word	504
 5272 0f08 F0010000 		.word	496
 5273 0f0c E8010000 		.word	488
 5274 0f10 E0010000 		.word	480
 5275 0f14 D8010000 		.word	472
 5276 0f18 D0010000 		.word	464
 5277 0f1c C8010000 		.word	456
 5278 0f20 C0010000 		.word	448
 5279 0f24 B8010000 		.word	440
 5280 0f28 B0010000 		.word	432
 5281 0f2c A8010000 		.word	424
 5282 0f30 A0010000 		.word	416
 5283 0f34 98010000 		.word	408
 5284 0f38 90010000 		.word	400
 5285 0f3c 88010000 		.word	392
 5286 0f40 80010000 		.word	384
 5287 0f44 78010000 		.word	376
 5288 0f48 70010000 		.word	368
 5289 0f4c 68010000 		.word	360
 5290 0f50 60010000 		.word	352
 5291 0f54 58010000 		.word	344
 5292 0f58 50010000 		.word	336
 5293 0f5c 48010000 		.word	328
 5294 0f60 40010000 		.word	320
 5295 0f64 38010000 		.word	312
 5296 0f68 30010000 		.word	304
 5297 0f6c 28010000 		.word	296
 5298 0f70 20010000 		.word	288
 5299 0f74 18010000 		.word	280
 5300 0f78 10010000 		.word	272
 5301 0f7c 08010000 		.word	264
 5302 0f80 00010000 		.word	256
 5303 0f84 F8000000 		.word	248
 5304 0f88 F0000000 		.word	240
 5305 0f8c E8000000 		.word	232
 5306 0f90 E0000000 		.word	224
 5307 0f94 D8000000 		.word	216
 5308 0f98 D0000000 		.word	208
 5309 0f9c C8000000 		.word	200
 5310 0fa0 C0000000 		.word	192
 5311 0fa4 B8000000 		.word	184
 5312 0fa8 B0000000 		.word	176
 5313 0fac A8000000 		.word	168
 5314 0fb0 A0000000 		.word	160
 5315 0fb4 98000000 		.word	152
 5316 0fb8 90000000 		.word	144
 5317 0fbc 88000000 		.word	136
 5318 0fc0 80000000 		.word	128
 5319 0fc4 78000000 		.word	120
 5320 0fc8 70000000 		.word	112
 5321 0fcc 68000000 		.word	104
 5322 0fd0 60000000 		.word	96
 5323 0fd4 58000000 		.word	88
 5324 0fd8 50000000 		.word	80
 5325 0fdc 48000000 		.word	72
ARM GAS  /tmp/ccWclncs.s 			page 135


 5326 0fe0 40000000 		.word	64
 5327 0fe4 38000000 		.word	56
 5328 0fe8 30000000 		.word	48
 5329 0fec 28000000 		.word	40
 5330 0ff0 20000000 		.word	32
 5331 0ff4 18000000 		.word	24
 5332 0ff8 10000000 		.word	16
 5333 0ffc 08000000 		.word	8
 5334              		.global	Saw_LUT
 5335              		.section	.data.Saw_LUT,"aw"
 5336              		.align	2
 5339              	Saw_LUT:
 5340 0000 00000000 		.word	0
 5341 0004 04000000 		.word	4
 5342 0008 08000000 		.word	8
 5343 000c 0C000000 		.word	12
 5344 0010 10000000 		.word	16
 5345 0014 14000000 		.word	20
 5346 0018 18000000 		.word	24
 5347 001c 1C000000 		.word	28
 5348 0020 20000000 		.word	32
 5349 0024 24000000 		.word	36
 5350 0028 28000000 		.word	40
 5351 002c 2C000000 		.word	44
 5352 0030 30000000 		.word	48
 5353 0034 34000000 		.word	52
 5354 0038 38000000 		.word	56
 5355 003c 3C000000 		.word	60
 5356 0040 40000000 		.word	64
 5357 0044 44000000 		.word	68
 5358 0048 48000000 		.word	72
 5359 004c 4C000000 		.word	76
 5360 0050 50000000 		.word	80
 5361 0054 54000000 		.word	84
 5362 0058 58000000 		.word	88
 5363 005c 5C000000 		.word	92
 5364 0060 60000000 		.word	96
 5365 0064 64000000 		.word	100
 5366 0068 68000000 		.word	104
 5367 006c 6C000000 		.word	108
 5368 0070 70000000 		.word	112
 5369 0074 74000000 		.word	116
 5370 0078 78000000 		.word	120
 5371 007c 7C000000 		.word	124
 5372 0080 80000000 		.word	128
 5373 0084 84000000 		.word	132
 5374 0088 88000000 		.word	136
 5375 008c 8C000000 		.word	140
 5376 0090 90000000 		.word	144
 5377 0094 94000000 		.word	148
 5378 0098 98000000 		.word	152
 5379 009c 9C000000 		.word	156
 5380 00a0 A0000000 		.word	160
 5381 00a4 A4000000 		.word	164
 5382 00a8 A8000000 		.word	168
 5383 00ac AC000000 		.word	172
 5384 00b0 B0000000 		.word	176
ARM GAS  /tmp/ccWclncs.s 			page 136


 5385 00b4 B4000000 		.word	180
 5386 00b8 B8000000 		.word	184
 5387 00bc BC000000 		.word	188
 5388 00c0 C0000000 		.word	192
 5389 00c4 C4000000 		.word	196
 5390 00c8 C8000000 		.word	200
 5391 00cc CC000000 		.word	204
 5392 00d0 D0000000 		.word	208
 5393 00d4 D4000000 		.word	212
 5394 00d8 D8000000 		.word	216
 5395 00dc DC000000 		.word	220
 5396 00e0 E0000000 		.word	224
 5397 00e4 E4000000 		.word	228
 5398 00e8 E8000000 		.word	232
 5399 00ec EC000000 		.word	236
 5400 00f0 F0000000 		.word	240
 5401 00f4 F4000000 		.word	244
 5402 00f8 F8000000 		.word	248
 5403 00fc FC000000 		.word	252
 5404 0100 00010000 		.word	256
 5405 0104 04010000 		.word	260
 5406 0108 08010000 		.word	264
 5407 010c 0C010000 		.word	268
 5408 0110 10010000 		.word	272
 5409 0114 14010000 		.word	276
 5410 0118 18010000 		.word	280
 5411 011c 1C010000 		.word	284
 5412 0120 20010000 		.word	288
 5413 0124 24010000 		.word	292
 5414 0128 28010000 		.word	296
 5415 012c 2C010000 		.word	300
 5416 0130 30010000 		.word	304
 5417 0134 34010000 		.word	308
 5418 0138 38010000 		.word	312
 5419 013c 3C010000 		.word	316
 5420 0140 40010000 		.word	320
 5421 0144 44010000 		.word	324
 5422 0148 48010000 		.word	328
 5423 014c 4C010000 		.word	332
 5424 0150 50010000 		.word	336
 5425 0154 54010000 		.word	340
 5426 0158 58010000 		.word	344
 5427 015c 5C010000 		.word	348
 5428 0160 60010000 		.word	352
 5429 0164 64010000 		.word	356
 5430 0168 68010000 		.word	360
 5431 016c 6C010000 		.word	364
 5432 0170 70010000 		.word	368
 5433 0174 74010000 		.word	372
 5434 0178 78010000 		.word	376
 5435 017c 7C010000 		.word	380
 5436 0180 80010000 		.word	384
 5437 0184 84010000 		.word	388
 5438 0188 88010000 		.word	392
 5439 018c 8C010000 		.word	396
 5440 0190 90010000 		.word	400
 5441 0194 94010000 		.word	404
ARM GAS  /tmp/ccWclncs.s 			page 137


 5442 0198 98010000 		.word	408
 5443 019c 9C010000 		.word	412
 5444 01a0 A0010000 		.word	416
 5445 01a4 A4010000 		.word	420
 5446 01a8 A8010000 		.word	424
 5447 01ac AC010000 		.word	428
 5448 01b0 B0010000 		.word	432
 5449 01b4 B4010000 		.word	436
 5450 01b8 B8010000 		.word	440
 5451 01bc BC010000 		.word	444
 5452 01c0 C0010000 		.word	448
 5453 01c4 C4010000 		.word	452
 5454 01c8 C8010000 		.word	456
 5455 01cc CC010000 		.word	460
 5456 01d0 D0010000 		.word	464
 5457 01d4 D4010000 		.word	468
 5458 01d8 D8010000 		.word	472
 5459 01dc DC010000 		.word	476
 5460 01e0 E0010000 		.word	480
 5461 01e4 E4010000 		.word	484
 5462 01e8 E8010000 		.word	488
 5463 01ec EC010000 		.word	492
 5464 01f0 F0010000 		.word	496
 5465 01f4 F4010000 		.word	500
 5466 01f8 F8010000 		.word	504
 5467 01fc FC010000 		.word	508
 5468 0200 01020000 		.word	513
 5469 0204 05020000 		.word	517
 5470 0208 09020000 		.word	521
 5471 020c 0D020000 		.word	525
 5472 0210 11020000 		.word	529
 5473 0214 15020000 		.word	533
 5474 0218 19020000 		.word	537
 5475 021c 1D020000 		.word	541
 5476 0220 21020000 		.word	545
 5477 0224 25020000 		.word	549
 5478 0228 29020000 		.word	553
 5479 022c 2D020000 		.word	557
 5480 0230 31020000 		.word	561
 5481 0234 35020000 		.word	565
 5482 0238 39020000 		.word	569
 5483 023c 3D020000 		.word	573
 5484 0240 41020000 		.word	577
 5485 0244 45020000 		.word	581
 5486 0248 49020000 		.word	585
 5487 024c 4D020000 		.word	589
 5488 0250 51020000 		.word	593
 5489 0254 55020000 		.word	597
 5490 0258 59020000 		.word	601
 5491 025c 5D020000 		.word	605
 5492 0260 61020000 		.word	609
 5493 0264 65020000 		.word	613
 5494 0268 69020000 		.word	617
 5495 026c 6D020000 		.word	621
 5496 0270 71020000 		.word	625
 5497 0274 75020000 		.word	629
 5498 0278 79020000 		.word	633
ARM GAS  /tmp/ccWclncs.s 			page 138


 5499 027c 7D020000 		.word	637
 5500 0280 81020000 		.word	641
 5501 0284 85020000 		.word	645
 5502 0288 89020000 		.word	649
 5503 028c 8D020000 		.word	653
 5504 0290 91020000 		.word	657
 5505 0294 95020000 		.word	661
 5506 0298 99020000 		.word	665
 5507 029c 9D020000 		.word	669
 5508 02a0 A1020000 		.word	673
 5509 02a4 A5020000 		.word	677
 5510 02a8 A9020000 		.word	681
 5511 02ac AD020000 		.word	685
 5512 02b0 B1020000 		.word	689
 5513 02b4 B5020000 		.word	693
 5514 02b8 B9020000 		.word	697
 5515 02bc BD020000 		.word	701
 5516 02c0 C1020000 		.word	705
 5517 02c4 C5020000 		.word	709
 5518 02c8 C9020000 		.word	713
 5519 02cc CD020000 		.word	717
 5520 02d0 D1020000 		.word	721
 5521 02d4 D5020000 		.word	725
 5522 02d8 D9020000 		.word	729
 5523 02dc DD020000 		.word	733
 5524 02e0 E1020000 		.word	737
 5525 02e4 E5020000 		.word	741
 5526 02e8 E9020000 		.word	745
 5527 02ec ED020000 		.word	749
 5528 02f0 F1020000 		.word	753
 5529 02f4 F5020000 		.word	757
 5530 02f8 F9020000 		.word	761
 5531 02fc FD020000 		.word	765
 5532 0300 01030000 		.word	769
 5533 0304 05030000 		.word	773
 5534 0308 09030000 		.word	777
 5535 030c 0D030000 		.word	781
 5536 0310 11030000 		.word	785
 5537 0314 15030000 		.word	789
 5538 0318 19030000 		.word	793
 5539 031c 1D030000 		.word	797
 5540 0320 21030000 		.word	801
 5541 0324 25030000 		.word	805
 5542 0328 29030000 		.word	809
 5543 032c 2D030000 		.word	813
 5544 0330 31030000 		.word	817
 5545 0334 35030000 		.word	821
 5546 0338 39030000 		.word	825
 5547 033c 3D030000 		.word	829
 5548 0340 41030000 		.word	833
 5549 0344 45030000 		.word	837
 5550 0348 49030000 		.word	841
 5551 034c 4D030000 		.word	845
 5552 0350 51030000 		.word	849
 5553 0354 55030000 		.word	853
 5554 0358 59030000 		.word	857
 5555 035c 5D030000 		.word	861
ARM GAS  /tmp/ccWclncs.s 			page 139


 5556 0360 61030000 		.word	865
 5557 0364 65030000 		.word	869
 5558 0368 69030000 		.word	873
 5559 036c 6D030000 		.word	877
 5560 0370 71030000 		.word	881
 5561 0374 75030000 		.word	885
 5562 0378 79030000 		.word	889
 5563 037c 7D030000 		.word	893
 5564 0380 81030000 		.word	897
 5565 0384 85030000 		.word	901
 5566 0388 89030000 		.word	905
 5567 038c 8D030000 		.word	909
 5568 0390 91030000 		.word	913
 5569 0394 95030000 		.word	917
 5570 0398 99030000 		.word	921
 5571 039c 9D030000 		.word	925
 5572 03a0 A1030000 		.word	929
 5573 03a4 A5030000 		.word	933
 5574 03a8 A9030000 		.word	937
 5575 03ac AD030000 		.word	941
 5576 03b0 B1030000 		.word	945
 5577 03b4 B5030000 		.word	949
 5578 03b8 B9030000 		.word	953
 5579 03bc BD030000 		.word	957
 5580 03c0 C1030000 		.word	961
 5581 03c4 C5030000 		.word	965
 5582 03c8 C9030000 		.word	969
 5583 03cc CD030000 		.word	973
 5584 03d0 D1030000 		.word	977
 5585 03d4 D5030000 		.word	981
 5586 03d8 D9030000 		.word	985
 5587 03dc DD030000 		.word	989
 5588 03e0 E1030000 		.word	993
 5589 03e4 E5030000 		.word	997
 5590 03e8 E9030000 		.word	1001
 5591 03ec ED030000 		.word	1005
 5592 03f0 F1030000 		.word	1009
 5593 03f4 F5030000 		.word	1013
 5594 03f8 F9030000 		.word	1017
 5595 03fc FD030000 		.word	1021
 5596 0400 01040000 		.word	1025
 5597 0404 05040000 		.word	1029
 5598 0408 09040000 		.word	1033
 5599 040c 0D040000 		.word	1037
 5600 0410 11040000 		.word	1041
 5601 0414 15040000 		.word	1045
 5602 0418 19040000 		.word	1049
 5603 041c 1D040000 		.word	1053
 5604 0420 21040000 		.word	1057
 5605 0424 25040000 		.word	1061
 5606 0428 29040000 		.word	1065
 5607 042c 2D040000 		.word	1069
 5608 0430 31040000 		.word	1073
 5609 0434 35040000 		.word	1077
 5610 0438 39040000 		.word	1081
 5611 043c 3D040000 		.word	1085
 5612 0440 41040000 		.word	1089
ARM GAS  /tmp/ccWclncs.s 			page 140


 5613 0444 45040000 		.word	1093
 5614 0448 49040000 		.word	1097
 5615 044c 4D040000 		.word	1101
 5616 0450 51040000 		.word	1105
 5617 0454 55040000 		.word	1109
 5618 0458 59040000 		.word	1113
 5619 045c 5D040000 		.word	1117
 5620 0460 61040000 		.word	1121
 5621 0464 65040000 		.word	1125
 5622 0468 69040000 		.word	1129
 5623 046c 6D040000 		.word	1133
 5624 0470 71040000 		.word	1137
 5625 0474 75040000 		.word	1141
 5626 0478 79040000 		.word	1145
 5627 047c 7D040000 		.word	1149
 5628 0480 81040000 		.word	1153
 5629 0484 85040000 		.word	1157
 5630 0488 89040000 		.word	1161
 5631 048c 8D040000 		.word	1165
 5632 0490 91040000 		.word	1169
 5633 0494 95040000 		.word	1173
 5634 0498 99040000 		.word	1177
 5635 049c 9D040000 		.word	1181
 5636 04a0 A1040000 		.word	1185
 5637 04a4 A5040000 		.word	1189
 5638 04a8 A9040000 		.word	1193
 5639 04ac AD040000 		.word	1197
 5640 04b0 B1040000 		.word	1201
 5641 04b4 B5040000 		.word	1205
 5642 04b8 B9040000 		.word	1209
 5643 04bc BD040000 		.word	1213
 5644 04c0 C1040000 		.word	1217
 5645 04c4 C5040000 		.word	1221
 5646 04c8 C9040000 		.word	1225
 5647 04cc CD040000 		.word	1229
 5648 04d0 D1040000 		.word	1233
 5649 04d4 D5040000 		.word	1237
 5650 04d8 D9040000 		.word	1241
 5651 04dc DD040000 		.word	1245
 5652 04e0 E1040000 		.word	1249
 5653 04e4 E5040000 		.word	1253
 5654 04e8 E9040000 		.word	1257
 5655 04ec ED040000 		.word	1261
 5656 04f0 F1040000 		.word	1265
 5657 04f4 F5040000 		.word	1269
 5658 04f8 F9040000 		.word	1273
 5659 04fc FD040000 		.word	1277
 5660 0500 01050000 		.word	1281
 5661 0504 05050000 		.word	1285
 5662 0508 09050000 		.word	1289
 5663 050c 0D050000 		.word	1293
 5664 0510 11050000 		.word	1297
 5665 0514 15050000 		.word	1301
 5666 0518 19050000 		.word	1305
 5667 051c 1D050000 		.word	1309
 5668 0520 21050000 		.word	1313
 5669 0524 25050000 		.word	1317
ARM GAS  /tmp/ccWclncs.s 			page 141


 5670 0528 29050000 		.word	1321
 5671 052c 2D050000 		.word	1325
 5672 0530 31050000 		.word	1329
 5673 0534 35050000 		.word	1333
 5674 0538 39050000 		.word	1337
 5675 053c 3D050000 		.word	1341
 5676 0540 41050000 		.word	1345
 5677 0544 45050000 		.word	1349
 5678 0548 49050000 		.word	1353
 5679 054c 4D050000 		.word	1357
 5680 0550 51050000 		.word	1361
 5681 0554 55050000 		.word	1365
 5682 0558 59050000 		.word	1369
 5683 055c 5D050000 		.word	1373
 5684 0560 61050000 		.word	1377
 5685 0564 65050000 		.word	1381
 5686 0568 69050000 		.word	1385
 5687 056c 6D050000 		.word	1389
 5688 0570 71050000 		.word	1393
 5689 0574 75050000 		.word	1397
 5690 0578 79050000 		.word	1401
 5691 057c 7D050000 		.word	1405
 5692 0580 81050000 		.word	1409
 5693 0584 85050000 		.word	1413
 5694 0588 89050000 		.word	1417
 5695 058c 8D050000 		.word	1421
 5696 0590 91050000 		.word	1425
 5697 0594 95050000 		.word	1429
 5698 0598 99050000 		.word	1433
 5699 059c 9D050000 		.word	1437
 5700 05a0 A1050000 		.word	1441
 5701 05a4 A5050000 		.word	1445
 5702 05a8 A9050000 		.word	1449
 5703 05ac AD050000 		.word	1453
 5704 05b0 B1050000 		.word	1457
 5705 05b4 B5050000 		.word	1461
 5706 05b8 B9050000 		.word	1465
 5707 05bc BD050000 		.word	1469
 5708 05c0 C1050000 		.word	1473
 5709 05c4 C5050000 		.word	1477
 5710 05c8 C9050000 		.word	1481
 5711 05cc CD050000 		.word	1485
 5712 05d0 D1050000 		.word	1489
 5713 05d4 D5050000 		.word	1493
 5714 05d8 D9050000 		.word	1497
 5715 05dc DD050000 		.word	1501
 5716 05e0 E1050000 		.word	1505
 5717 05e4 E5050000 		.word	1509
 5718 05e8 E9050000 		.word	1513
 5719 05ec ED050000 		.word	1517
 5720 05f0 F1050000 		.word	1521
 5721 05f4 F5050000 		.word	1525
 5722 05f8 F9050000 		.word	1529
 5723 05fc FD050000 		.word	1533
 5724 0600 02060000 		.word	1538
 5725 0604 06060000 		.word	1542
 5726 0608 0A060000 		.word	1546
ARM GAS  /tmp/ccWclncs.s 			page 142


 5727 060c 0E060000 		.word	1550
 5728 0610 12060000 		.word	1554
 5729 0614 16060000 		.word	1558
 5730 0618 1A060000 		.word	1562
 5731 061c 1E060000 		.word	1566
 5732 0620 22060000 		.word	1570
 5733 0624 26060000 		.word	1574
 5734 0628 2A060000 		.word	1578
 5735 062c 2E060000 		.word	1582
 5736 0630 32060000 		.word	1586
 5737 0634 36060000 		.word	1590
 5738 0638 3A060000 		.word	1594
 5739 063c 3E060000 		.word	1598
 5740 0640 42060000 		.word	1602
 5741 0644 46060000 		.word	1606
 5742 0648 4A060000 		.word	1610
 5743 064c 4E060000 		.word	1614
 5744 0650 52060000 		.word	1618
 5745 0654 56060000 		.word	1622
 5746 0658 5A060000 		.word	1626
 5747 065c 5E060000 		.word	1630
 5748 0660 62060000 		.word	1634
 5749 0664 66060000 		.word	1638
 5750 0668 6A060000 		.word	1642
 5751 066c 6E060000 		.word	1646
 5752 0670 72060000 		.word	1650
 5753 0674 76060000 		.word	1654
 5754 0678 7A060000 		.word	1658
 5755 067c 7E060000 		.word	1662
 5756 0680 82060000 		.word	1666
 5757 0684 86060000 		.word	1670
 5758 0688 8A060000 		.word	1674
 5759 068c 8E060000 		.word	1678
 5760 0690 92060000 		.word	1682
 5761 0694 96060000 		.word	1686
 5762 0698 9A060000 		.word	1690
 5763 069c 9E060000 		.word	1694
 5764 06a0 A2060000 		.word	1698
 5765 06a4 A6060000 		.word	1702
 5766 06a8 AA060000 		.word	1706
 5767 06ac AE060000 		.word	1710
 5768 06b0 B2060000 		.word	1714
 5769 06b4 B6060000 		.word	1718
 5770 06b8 BA060000 		.word	1722
 5771 06bc BE060000 		.word	1726
 5772 06c0 C2060000 		.word	1730
 5773 06c4 C6060000 		.word	1734
 5774 06c8 CA060000 		.word	1738
 5775 06cc CE060000 		.word	1742
 5776 06d0 D2060000 		.word	1746
 5777 06d4 D6060000 		.word	1750
 5778 06d8 DA060000 		.word	1754
 5779 06dc DE060000 		.word	1758
 5780 06e0 E2060000 		.word	1762
 5781 06e4 E6060000 		.word	1766
 5782 06e8 EA060000 		.word	1770
 5783 06ec EE060000 		.word	1774
ARM GAS  /tmp/ccWclncs.s 			page 143


 5784 06f0 F2060000 		.word	1778
 5785 06f4 F6060000 		.word	1782
 5786 06f8 FA060000 		.word	1786
 5787 06fc FE060000 		.word	1790
 5788 0700 02070000 		.word	1794
 5789 0704 06070000 		.word	1798
 5790 0708 0A070000 		.word	1802
 5791 070c 0E070000 		.word	1806
 5792 0710 12070000 		.word	1810
 5793 0714 16070000 		.word	1814
 5794 0718 1A070000 		.word	1818
 5795 071c 1E070000 		.word	1822
 5796 0720 22070000 		.word	1826
 5797 0724 26070000 		.word	1830
 5798 0728 2A070000 		.word	1834
 5799 072c 2E070000 		.word	1838
 5800 0730 32070000 		.word	1842
 5801 0734 36070000 		.word	1846
 5802 0738 3A070000 		.word	1850
 5803 073c 3E070000 		.word	1854
 5804 0740 42070000 		.word	1858
 5805 0744 46070000 		.word	1862
 5806 0748 4A070000 		.word	1866
 5807 074c 4E070000 		.word	1870
 5808 0750 52070000 		.word	1874
 5809 0754 56070000 		.word	1878
 5810 0758 5A070000 		.word	1882
 5811 075c 5E070000 		.word	1886
 5812 0760 62070000 		.word	1890
 5813 0764 66070000 		.word	1894
 5814 0768 6A070000 		.word	1898
 5815 076c 6E070000 		.word	1902
 5816 0770 72070000 		.word	1906
 5817 0774 76070000 		.word	1910
 5818 0778 7A070000 		.word	1914
 5819 077c 7E070000 		.word	1918
 5820 0780 82070000 		.word	1922
 5821 0784 86070000 		.word	1926
 5822 0788 8A070000 		.word	1930
 5823 078c 8E070000 		.word	1934
 5824 0790 92070000 		.word	1938
 5825 0794 96070000 		.word	1942
 5826 0798 9A070000 		.word	1946
 5827 079c 9E070000 		.word	1950
 5828 07a0 A2070000 		.word	1954
 5829 07a4 A6070000 		.word	1958
 5830 07a8 AA070000 		.word	1962
 5831 07ac AE070000 		.word	1966
 5832 07b0 B2070000 		.word	1970
 5833 07b4 B6070000 		.word	1974
 5834 07b8 BA070000 		.word	1978
 5835 07bc BE070000 		.word	1982
 5836 07c0 C2070000 		.word	1986
 5837 07c4 C6070000 		.word	1990
 5838 07c8 CA070000 		.word	1994
 5839 07cc CE070000 		.word	1998
 5840 07d0 D2070000 		.word	2002
ARM GAS  /tmp/ccWclncs.s 			page 144


 5841 07d4 D6070000 		.word	2006
 5842 07d8 DA070000 		.word	2010
 5843 07dc DE070000 		.word	2014
 5844 07e0 E2070000 		.word	2018
 5845 07e4 E6070000 		.word	2022
 5846 07e8 EA070000 		.word	2026
 5847 07ec EE070000 		.word	2030
 5848 07f0 F2070000 		.word	2034
 5849 07f4 F6070000 		.word	2038
 5850 07f8 FA070000 		.word	2042
 5851 07fc FE070000 		.word	2046
 5852 0800 02080000 		.word	2050
 5853 0804 06080000 		.word	2054
 5854 0808 0A080000 		.word	2058
 5855 080c 0E080000 		.word	2062
 5856 0810 12080000 		.word	2066
 5857 0814 16080000 		.word	2070
 5858 0818 1A080000 		.word	2074
 5859 081c 1E080000 		.word	2078
 5860 0820 22080000 		.word	2082
 5861 0824 26080000 		.word	2086
 5862 0828 2A080000 		.word	2090
 5863 082c 2E080000 		.word	2094
 5864 0830 32080000 		.word	2098
 5865 0834 36080000 		.word	2102
 5866 0838 3A080000 		.word	2106
 5867 083c 3E080000 		.word	2110
 5868 0840 42080000 		.word	2114
 5869 0844 46080000 		.word	2118
 5870 0848 4A080000 		.word	2122
 5871 084c 4E080000 		.word	2126
 5872 0850 52080000 		.word	2130
 5873 0854 56080000 		.word	2134
 5874 0858 5A080000 		.word	2138
 5875 085c 5E080000 		.word	2142
 5876 0860 62080000 		.word	2146
 5877 0864 66080000 		.word	2150
 5878 0868 6A080000 		.word	2154
 5879 086c 6E080000 		.word	2158
 5880 0870 72080000 		.word	2162
 5881 0874 76080000 		.word	2166
 5882 0878 7A080000 		.word	2170
 5883 087c 7E080000 		.word	2174
 5884 0880 82080000 		.word	2178
 5885 0884 86080000 		.word	2182
 5886 0888 8A080000 		.word	2186
 5887 088c 8E080000 		.word	2190
 5888 0890 92080000 		.word	2194
 5889 0894 96080000 		.word	2198
 5890 0898 9A080000 		.word	2202
 5891 089c 9E080000 		.word	2206
 5892 08a0 A2080000 		.word	2210
 5893 08a4 A6080000 		.word	2214
 5894 08a8 AA080000 		.word	2218
 5895 08ac AE080000 		.word	2222
 5896 08b0 B2080000 		.word	2226
 5897 08b4 B6080000 		.word	2230
ARM GAS  /tmp/ccWclncs.s 			page 145


 5898 08b8 BA080000 		.word	2234
 5899 08bc BE080000 		.word	2238
 5900 08c0 C2080000 		.word	2242
 5901 08c4 C6080000 		.word	2246
 5902 08c8 CA080000 		.word	2250
 5903 08cc CE080000 		.word	2254
 5904 08d0 D2080000 		.word	2258
 5905 08d4 D6080000 		.word	2262
 5906 08d8 DA080000 		.word	2266
 5907 08dc DE080000 		.word	2270
 5908 08e0 E2080000 		.word	2274
 5909 08e4 E6080000 		.word	2278
 5910 08e8 EA080000 		.word	2282
 5911 08ec EE080000 		.word	2286
 5912 08f0 F2080000 		.word	2290
 5913 08f4 F6080000 		.word	2294
 5914 08f8 FA080000 		.word	2298
 5915 08fc FE080000 		.word	2302
 5916 0900 02090000 		.word	2306
 5917 0904 06090000 		.word	2310
 5918 0908 0A090000 		.word	2314
 5919 090c 0E090000 		.word	2318
 5920 0910 12090000 		.word	2322
 5921 0914 16090000 		.word	2326
 5922 0918 1A090000 		.word	2330
 5923 091c 1E090000 		.word	2334
 5924 0920 22090000 		.word	2338
 5925 0924 26090000 		.word	2342
 5926 0928 2A090000 		.word	2346
 5927 092c 2E090000 		.word	2350
 5928 0930 32090000 		.word	2354
 5929 0934 36090000 		.word	2358
 5930 0938 3A090000 		.word	2362
 5931 093c 3E090000 		.word	2366
 5932 0940 42090000 		.word	2370
 5933 0944 46090000 		.word	2374
 5934 0948 4A090000 		.word	2378
 5935 094c 4E090000 		.word	2382
 5936 0950 52090000 		.word	2386
 5937 0954 56090000 		.word	2390
 5938 0958 5A090000 		.word	2394
 5939 095c 5E090000 		.word	2398
 5940 0960 62090000 		.word	2402
 5941 0964 66090000 		.word	2406
 5942 0968 6A090000 		.word	2410
 5943 096c 6E090000 		.word	2414
 5944 0970 72090000 		.word	2418
 5945 0974 76090000 		.word	2422
 5946 0978 7A090000 		.word	2426
 5947 097c 7E090000 		.word	2430
 5948 0980 82090000 		.word	2434
 5949 0984 86090000 		.word	2438
 5950 0988 8A090000 		.word	2442
 5951 098c 8E090000 		.word	2446
 5952 0990 92090000 		.word	2450
 5953 0994 96090000 		.word	2454
 5954 0998 9A090000 		.word	2458
ARM GAS  /tmp/ccWclncs.s 			page 146


 5955 099c 9E090000 		.word	2462
 5956 09a0 A2090000 		.word	2466
 5957 09a4 A6090000 		.word	2470
 5958 09a8 AA090000 		.word	2474
 5959 09ac AE090000 		.word	2478
 5960 09b0 B2090000 		.word	2482
 5961 09b4 B6090000 		.word	2486
 5962 09b8 BA090000 		.word	2490
 5963 09bc BE090000 		.word	2494
 5964 09c0 C2090000 		.word	2498
 5965 09c4 C6090000 		.word	2502
 5966 09c8 CA090000 		.word	2506
 5967 09cc CE090000 		.word	2510
 5968 09d0 D2090000 		.word	2514
 5969 09d4 D6090000 		.word	2518
 5970 09d8 DA090000 		.word	2522
 5971 09dc DE090000 		.word	2526
 5972 09e0 E2090000 		.word	2530
 5973 09e4 E6090000 		.word	2534
 5974 09e8 EA090000 		.word	2538
 5975 09ec EE090000 		.word	2542
 5976 09f0 F2090000 		.word	2546
 5977 09f4 F6090000 		.word	2550
 5978 09f8 FA090000 		.word	2554
 5979 09fc FE090000 		.word	2558
 5980 0a00 020A0000 		.word	2562
 5981 0a04 070A0000 		.word	2567
 5982 0a08 0B0A0000 		.word	2571
 5983 0a0c 0F0A0000 		.word	2575
 5984 0a10 130A0000 		.word	2579
 5985 0a14 170A0000 		.word	2583
 5986 0a18 1B0A0000 		.word	2587
 5987 0a1c 1F0A0000 		.word	2591
 5988 0a20 230A0000 		.word	2595
 5989 0a24 270A0000 		.word	2599
 5990 0a28 2B0A0000 		.word	2603
 5991 0a2c 2F0A0000 		.word	2607
 5992 0a30 330A0000 		.word	2611
 5993 0a34 370A0000 		.word	2615
 5994 0a38 3B0A0000 		.word	2619
 5995 0a3c 3F0A0000 		.word	2623
 5996 0a40 430A0000 		.word	2627
 5997 0a44 470A0000 		.word	2631
 5998 0a48 4B0A0000 		.word	2635
 5999 0a4c 4F0A0000 		.word	2639
 6000 0a50 530A0000 		.word	2643
 6001 0a54 570A0000 		.word	2647
 6002 0a58 5B0A0000 		.word	2651
 6003 0a5c 5F0A0000 		.word	2655
 6004 0a60 630A0000 		.word	2659
 6005 0a64 670A0000 		.word	2663
 6006 0a68 6B0A0000 		.word	2667
 6007 0a6c 6F0A0000 		.word	2671
 6008 0a70 730A0000 		.word	2675
 6009 0a74 770A0000 		.word	2679
 6010 0a78 7B0A0000 		.word	2683
 6011 0a7c 7F0A0000 		.word	2687
ARM GAS  /tmp/ccWclncs.s 			page 147


 6012 0a80 830A0000 		.word	2691
 6013 0a84 870A0000 		.word	2695
 6014 0a88 8B0A0000 		.word	2699
 6015 0a8c 8F0A0000 		.word	2703
 6016 0a90 930A0000 		.word	2707
 6017 0a94 970A0000 		.word	2711
 6018 0a98 9B0A0000 		.word	2715
 6019 0a9c 9F0A0000 		.word	2719
 6020 0aa0 A30A0000 		.word	2723
 6021 0aa4 A70A0000 		.word	2727
 6022 0aa8 AB0A0000 		.word	2731
 6023 0aac AF0A0000 		.word	2735
 6024 0ab0 B30A0000 		.word	2739
 6025 0ab4 B70A0000 		.word	2743
 6026 0ab8 BB0A0000 		.word	2747
 6027 0abc BF0A0000 		.word	2751
 6028 0ac0 C30A0000 		.word	2755
 6029 0ac4 C70A0000 		.word	2759
 6030 0ac8 CB0A0000 		.word	2763
 6031 0acc CF0A0000 		.word	2767
 6032 0ad0 D30A0000 		.word	2771
 6033 0ad4 D70A0000 		.word	2775
 6034 0ad8 DB0A0000 		.word	2779
 6035 0adc DF0A0000 		.word	2783
 6036 0ae0 E30A0000 		.word	2787
 6037 0ae4 E70A0000 		.word	2791
 6038 0ae8 EB0A0000 		.word	2795
 6039 0aec EF0A0000 		.word	2799
 6040 0af0 F30A0000 		.word	2803
 6041 0af4 F70A0000 		.word	2807
 6042 0af8 FB0A0000 		.word	2811
 6043 0afc FF0A0000 		.word	2815
 6044 0b00 030B0000 		.word	2819
 6045 0b04 070B0000 		.word	2823
 6046 0b08 0B0B0000 		.word	2827
 6047 0b0c 0F0B0000 		.word	2831
 6048 0b10 130B0000 		.word	2835
 6049 0b14 170B0000 		.word	2839
 6050 0b18 1B0B0000 		.word	2843
 6051 0b1c 1F0B0000 		.word	2847
 6052 0b20 230B0000 		.word	2851
 6053 0b24 270B0000 		.word	2855
 6054 0b28 2B0B0000 		.word	2859
 6055 0b2c 2F0B0000 		.word	2863
 6056 0b30 330B0000 		.word	2867
 6057 0b34 370B0000 		.word	2871
 6058 0b38 3B0B0000 		.word	2875
 6059 0b3c 3F0B0000 		.word	2879
 6060 0b40 430B0000 		.word	2883
 6061 0b44 470B0000 		.word	2887
 6062 0b48 4B0B0000 		.word	2891
 6063 0b4c 4F0B0000 		.word	2895
 6064 0b50 530B0000 		.word	2899
 6065 0b54 570B0000 		.word	2903
 6066 0b58 5B0B0000 		.word	2907
 6067 0b5c 5F0B0000 		.word	2911
 6068 0b60 630B0000 		.word	2915
ARM GAS  /tmp/ccWclncs.s 			page 148


 6069 0b64 670B0000 		.word	2919
 6070 0b68 6B0B0000 		.word	2923
 6071 0b6c 6F0B0000 		.word	2927
 6072 0b70 730B0000 		.word	2931
 6073 0b74 770B0000 		.word	2935
 6074 0b78 7B0B0000 		.word	2939
 6075 0b7c 7F0B0000 		.word	2943
 6076 0b80 830B0000 		.word	2947
 6077 0b84 870B0000 		.word	2951
 6078 0b88 8B0B0000 		.word	2955
 6079 0b8c 8F0B0000 		.word	2959
 6080 0b90 930B0000 		.word	2963
 6081 0b94 970B0000 		.word	2967
 6082 0b98 9B0B0000 		.word	2971
 6083 0b9c 9F0B0000 		.word	2975
 6084 0ba0 A30B0000 		.word	2979
 6085 0ba4 A70B0000 		.word	2983
 6086 0ba8 AB0B0000 		.word	2987
 6087 0bac AF0B0000 		.word	2991
 6088 0bb0 B30B0000 		.word	2995
 6089 0bb4 B70B0000 		.word	2999
 6090 0bb8 BB0B0000 		.word	3003
 6091 0bbc BF0B0000 		.word	3007
 6092 0bc0 C30B0000 		.word	3011
 6093 0bc4 C70B0000 		.word	3015
 6094 0bc8 CB0B0000 		.word	3019
 6095 0bcc CF0B0000 		.word	3023
 6096 0bd0 D30B0000 		.word	3027
 6097 0bd4 D70B0000 		.word	3031
 6098 0bd8 DB0B0000 		.word	3035
 6099 0bdc DF0B0000 		.word	3039
 6100 0be0 E30B0000 		.word	3043
 6101 0be4 E70B0000 		.word	3047
 6102 0be8 EB0B0000 		.word	3051
 6103 0bec EF0B0000 		.word	3055
 6104 0bf0 F30B0000 		.word	3059
 6105 0bf4 F70B0000 		.word	3063
 6106 0bf8 FB0B0000 		.word	3067
 6107 0bfc FF0B0000 		.word	3071
 6108 0c00 030C0000 		.word	3075
 6109 0c04 070C0000 		.word	3079
 6110 0c08 0B0C0000 		.word	3083
 6111 0c0c 0F0C0000 		.word	3087
 6112 0c10 130C0000 		.word	3091
 6113 0c14 170C0000 		.word	3095
 6114 0c18 1B0C0000 		.word	3099
 6115 0c1c 1F0C0000 		.word	3103
 6116 0c20 230C0000 		.word	3107
 6117 0c24 270C0000 		.word	3111
 6118 0c28 2B0C0000 		.word	3115
 6119 0c2c 2F0C0000 		.word	3119
 6120 0c30 330C0000 		.word	3123
 6121 0c34 370C0000 		.word	3127
 6122 0c38 3B0C0000 		.word	3131
 6123 0c3c 3F0C0000 		.word	3135
 6124 0c40 430C0000 		.word	3139
 6125 0c44 470C0000 		.word	3143
ARM GAS  /tmp/ccWclncs.s 			page 149


 6126 0c48 4B0C0000 		.word	3147
 6127 0c4c 4F0C0000 		.word	3151
 6128 0c50 530C0000 		.word	3155
 6129 0c54 570C0000 		.word	3159
 6130 0c58 5B0C0000 		.word	3163
 6131 0c5c 5F0C0000 		.word	3167
 6132 0c60 630C0000 		.word	3171
 6133 0c64 670C0000 		.word	3175
 6134 0c68 6B0C0000 		.word	3179
 6135 0c6c 6F0C0000 		.word	3183
 6136 0c70 730C0000 		.word	3187
 6137 0c74 770C0000 		.word	3191
 6138 0c78 7B0C0000 		.word	3195
 6139 0c7c 7F0C0000 		.word	3199
 6140 0c80 830C0000 		.word	3203
 6141 0c84 870C0000 		.word	3207
 6142 0c88 8B0C0000 		.word	3211
 6143 0c8c 8F0C0000 		.word	3215
 6144 0c90 930C0000 		.word	3219
 6145 0c94 970C0000 		.word	3223
 6146 0c98 9B0C0000 		.word	3227
 6147 0c9c 9F0C0000 		.word	3231
 6148 0ca0 A30C0000 		.word	3235
 6149 0ca4 A70C0000 		.word	3239
 6150 0ca8 AB0C0000 		.word	3243
 6151 0cac AF0C0000 		.word	3247
 6152 0cb0 B30C0000 		.word	3251
 6153 0cb4 B70C0000 		.word	3255
 6154 0cb8 BB0C0000 		.word	3259
 6155 0cbc BF0C0000 		.word	3263
 6156 0cc0 C30C0000 		.word	3267
 6157 0cc4 C70C0000 		.word	3271
 6158 0cc8 CB0C0000 		.word	3275
 6159 0ccc CF0C0000 		.word	3279
 6160 0cd0 D30C0000 		.word	3283
 6161 0cd4 D70C0000 		.word	3287
 6162 0cd8 DB0C0000 		.word	3291
 6163 0cdc DF0C0000 		.word	3295
 6164 0ce0 E30C0000 		.word	3299
 6165 0ce4 E70C0000 		.word	3303
 6166 0ce8 EB0C0000 		.word	3307
 6167 0cec EF0C0000 		.word	3311
 6168 0cf0 F30C0000 		.word	3315
 6169 0cf4 F70C0000 		.word	3319
 6170 0cf8 FB0C0000 		.word	3323
 6171 0cfc FF0C0000 		.word	3327
 6172 0d00 030D0000 		.word	3331
 6173 0d04 070D0000 		.word	3335
 6174 0d08 0B0D0000 		.word	3339
 6175 0d0c 0F0D0000 		.word	3343
 6176 0d10 130D0000 		.word	3347
 6177 0d14 170D0000 		.word	3351
 6178 0d18 1B0D0000 		.word	3355
 6179 0d1c 1F0D0000 		.word	3359
 6180 0d20 230D0000 		.word	3363
 6181 0d24 270D0000 		.word	3367
 6182 0d28 2B0D0000 		.word	3371
ARM GAS  /tmp/ccWclncs.s 			page 150


 6183 0d2c 2F0D0000 		.word	3375
 6184 0d30 330D0000 		.word	3379
 6185 0d34 370D0000 		.word	3383
 6186 0d38 3B0D0000 		.word	3387
 6187 0d3c 3F0D0000 		.word	3391
 6188 0d40 430D0000 		.word	3395
 6189 0d44 470D0000 		.word	3399
 6190 0d48 4B0D0000 		.word	3403
 6191 0d4c 4F0D0000 		.word	3407
 6192 0d50 530D0000 		.word	3411
 6193 0d54 570D0000 		.word	3415
 6194 0d58 5B0D0000 		.word	3419
 6195 0d5c 5F0D0000 		.word	3423
 6196 0d60 630D0000 		.word	3427
 6197 0d64 670D0000 		.word	3431
 6198 0d68 6B0D0000 		.word	3435
 6199 0d6c 6F0D0000 		.word	3439
 6200 0d70 730D0000 		.word	3443
 6201 0d74 770D0000 		.word	3447
 6202 0d78 7B0D0000 		.word	3451
 6203 0d7c 7F0D0000 		.word	3455
 6204 0d80 830D0000 		.word	3459
 6205 0d84 870D0000 		.word	3463
 6206 0d88 8B0D0000 		.word	3467
 6207 0d8c 8F0D0000 		.word	3471
 6208 0d90 930D0000 		.word	3475
 6209 0d94 970D0000 		.word	3479
 6210 0d98 9B0D0000 		.word	3483
 6211 0d9c 9F0D0000 		.word	3487
 6212 0da0 A30D0000 		.word	3491
 6213 0da4 A70D0000 		.word	3495
 6214 0da8 AB0D0000 		.word	3499
 6215 0dac AF0D0000 		.word	3503
 6216 0db0 B30D0000 		.word	3507
 6217 0db4 B70D0000 		.word	3511
 6218 0db8 BB0D0000 		.word	3515
 6219 0dbc BF0D0000 		.word	3519
 6220 0dc0 C30D0000 		.word	3523
 6221 0dc4 C70D0000 		.word	3527
 6222 0dc8 CB0D0000 		.word	3531
 6223 0dcc CF0D0000 		.word	3535
 6224 0dd0 D30D0000 		.word	3539
 6225 0dd4 D70D0000 		.word	3543
 6226 0dd8 DB0D0000 		.word	3547
 6227 0ddc DF0D0000 		.word	3551
 6228 0de0 E30D0000 		.word	3555
 6229 0de4 E70D0000 		.word	3559
 6230 0de8 EB0D0000 		.word	3563
 6231 0dec EF0D0000 		.word	3567
 6232 0df0 F30D0000 		.word	3571
 6233 0df4 F70D0000 		.word	3575
 6234 0df8 FB0D0000 		.word	3579
 6235 0dfc FF0D0000 		.word	3583
 6236 0e00 030E0000 		.word	3587
 6237 0e04 080E0000 		.word	3592
 6238 0e08 0C0E0000 		.word	3596
 6239 0e0c 100E0000 		.word	3600
ARM GAS  /tmp/ccWclncs.s 			page 151


 6240 0e10 140E0000 		.word	3604
 6241 0e14 180E0000 		.word	3608
 6242 0e18 1C0E0000 		.word	3612
 6243 0e1c 200E0000 		.word	3616
 6244 0e20 240E0000 		.word	3620
 6245 0e24 280E0000 		.word	3624
 6246 0e28 2C0E0000 		.word	3628
 6247 0e2c 300E0000 		.word	3632
 6248 0e30 340E0000 		.word	3636
 6249 0e34 380E0000 		.word	3640
 6250 0e38 3C0E0000 		.word	3644
 6251 0e3c 400E0000 		.word	3648
 6252 0e40 440E0000 		.word	3652
 6253 0e44 480E0000 		.word	3656
 6254 0e48 4C0E0000 		.word	3660
 6255 0e4c 500E0000 		.word	3664
 6256 0e50 540E0000 		.word	3668
 6257 0e54 580E0000 		.word	3672
 6258 0e58 5C0E0000 		.word	3676
 6259 0e5c 600E0000 		.word	3680
 6260 0e60 640E0000 		.word	3684
 6261 0e64 680E0000 		.word	3688
 6262 0e68 6C0E0000 		.word	3692
 6263 0e6c 700E0000 		.word	3696
 6264 0e70 740E0000 		.word	3700
 6265 0e74 780E0000 		.word	3704
 6266 0e78 7C0E0000 		.word	3708
 6267 0e7c 800E0000 		.word	3712
 6268 0e80 840E0000 		.word	3716
 6269 0e84 880E0000 		.word	3720
 6270 0e88 8C0E0000 		.word	3724
 6271 0e8c 900E0000 		.word	3728
 6272 0e90 940E0000 		.word	3732
 6273 0e94 980E0000 		.word	3736
 6274 0e98 9C0E0000 		.word	3740
 6275 0e9c A00E0000 		.word	3744
 6276 0ea0 A40E0000 		.word	3748
 6277 0ea4 A80E0000 		.word	3752
 6278 0ea8 AC0E0000 		.word	3756
 6279 0eac B00E0000 		.word	3760
 6280 0eb0 B40E0000 		.word	3764
 6281 0eb4 B80E0000 		.word	3768
 6282 0eb8 BC0E0000 		.word	3772
 6283 0ebc C00E0000 		.word	3776
 6284 0ec0 C40E0000 		.word	3780
 6285 0ec4 C80E0000 		.word	3784
 6286 0ec8 CC0E0000 		.word	3788
 6287 0ecc D00E0000 		.word	3792
 6288 0ed0 D40E0000 		.word	3796
 6289 0ed4 D80E0000 		.word	3800
 6290 0ed8 DC0E0000 		.word	3804
 6291 0edc E00E0000 		.word	3808
 6292 0ee0 E40E0000 		.word	3812
 6293 0ee4 E80E0000 		.word	3816
 6294 0ee8 EC0E0000 		.word	3820
 6295 0eec F00E0000 		.word	3824
 6296 0ef0 F40E0000 		.word	3828
ARM GAS  /tmp/ccWclncs.s 			page 152


 6297 0ef4 F80E0000 		.word	3832
 6298 0ef8 FC0E0000 		.word	3836
 6299 0efc 000F0000 		.word	3840
 6300 0f00 040F0000 		.word	3844
 6301 0f04 080F0000 		.word	3848
 6302 0f08 0C0F0000 		.word	3852
 6303 0f0c 100F0000 		.word	3856
 6304 0f10 140F0000 		.word	3860
 6305 0f14 180F0000 		.word	3864
 6306 0f18 1C0F0000 		.word	3868
 6307 0f1c 200F0000 		.word	3872
 6308 0f20 240F0000 		.word	3876
 6309 0f24 280F0000 		.word	3880
 6310 0f28 2C0F0000 		.word	3884
 6311 0f2c 300F0000 		.word	3888
 6312 0f30 340F0000 		.word	3892
 6313 0f34 380F0000 		.word	3896
 6314 0f38 3C0F0000 		.word	3900
 6315 0f3c 400F0000 		.word	3904
 6316 0f40 440F0000 		.word	3908
 6317 0f44 480F0000 		.word	3912
 6318 0f48 4C0F0000 		.word	3916
 6319 0f4c 500F0000 		.word	3920
 6320 0f50 540F0000 		.word	3924
 6321 0f54 580F0000 		.word	3928
 6322 0f58 5C0F0000 		.word	3932
 6323 0f5c 600F0000 		.word	3936
 6324 0f60 640F0000 		.word	3940
 6325 0f64 680F0000 		.word	3944
 6326 0f68 6C0F0000 		.word	3948
 6327 0f6c 700F0000 		.word	3952
 6328 0f70 740F0000 		.word	3956
 6329 0f74 780F0000 		.word	3960
 6330 0f78 7C0F0000 		.word	3964
 6331 0f7c 800F0000 		.word	3968
 6332 0f80 840F0000 		.word	3972
 6333 0f84 880F0000 		.word	3976
 6334 0f88 8C0F0000 		.word	3980
 6335 0f8c 900F0000 		.word	3984
 6336 0f90 940F0000 		.word	3988
 6337 0f94 980F0000 		.word	3992
 6338 0f98 9C0F0000 		.word	3996
 6339 0f9c A00F0000 		.word	4000
 6340 0fa0 A40F0000 		.word	4004
 6341 0fa4 A80F0000 		.word	4008
 6342 0fa8 AC0F0000 		.word	4012
 6343 0fac B00F0000 		.word	4016
 6344 0fb0 B40F0000 		.word	4020
 6345 0fb4 B80F0000 		.word	4024
 6346 0fb8 BC0F0000 		.word	4028
 6347 0fbc C00F0000 		.word	4032
 6348 0fc0 C40F0000 		.word	4036
 6349 0fc4 C80F0000 		.word	4040
 6350 0fc8 CC0F0000 		.word	4044
 6351 0fcc D00F0000 		.word	4048
 6352 0fd0 D40F0000 		.word	4052
 6353 0fd4 D80F0000 		.word	4056
ARM GAS  /tmp/ccWclncs.s 			page 153


 6354 0fd8 DC0F0000 		.word	4060
 6355 0fdc E00F0000 		.word	4064
 6356 0fe0 E40F0000 		.word	4068
 6357 0fe4 E80F0000 		.word	4072
 6358 0fe8 EC0F0000 		.word	4076
 6359 0fec F00F0000 		.word	4080
 6360 0ff0 F40F0000 		.word	4084
 6361 0ff4 F80F0000 		.word	4088
 6362 0ff8 FC0F0000 		.word	4092
 6363 0ffc 00100000 		.word	4096
 6364              		.global	Sin_LUT
 6365              		.section	.data.Sin_LUT,"aw"
 6366              		.align	2
 6369              	Sin_LUT:
 6370 0000 02080000 		.word	2050
 6371 0004 0F080000 		.word	2063
 6372 0008 1B080000 		.word	2075
 6373 000c 28080000 		.word	2088
 6374 0010 34080000 		.word	2100
 6375 0014 41080000 		.word	2113
 6376 0018 4D080000 		.word	2125
 6377 001c 5A080000 		.word	2138
 6378 0020 67080000 		.word	2151
 6379 0024 73080000 		.word	2163
 6380 0028 80080000 		.word	2176
 6381 002c 8C080000 		.word	2188
 6382 0030 99080000 		.word	2201
 6383 0034 A5080000 		.word	2213
 6384 0038 B2080000 		.word	2226
 6385 003c BE080000 		.word	2238
 6386 0040 CB080000 		.word	2251
 6387 0044 D7080000 		.word	2263
 6388 0048 E4080000 		.word	2276
 6389 004c F0080000 		.word	2288
 6390 0050 FD080000 		.word	2301
 6391 0054 09090000 		.word	2313
 6392 0058 16090000 		.word	2326
 6393 005c 22090000 		.word	2338
 6394 0060 2F090000 		.word	2351
 6395 0064 3B090000 		.word	2363
 6396 0068 48090000 		.word	2376
 6397 006c 54090000 		.word	2388
 6398 0070 60090000 		.word	2400
 6399 0074 6D090000 		.word	2413
 6400 0078 79090000 		.word	2425
 6401 007c 86090000 		.word	2438
 6402 0080 92090000 		.word	2450
 6403 0084 9E090000 		.word	2462
 6404 0088 AB090000 		.word	2475
 6405 008c B7090000 		.word	2487
 6406 0090 C3090000 		.word	2499
 6407 0094 CF090000 		.word	2511
 6408 0098 DC090000 		.word	2524
 6409 009c E8090000 		.word	2536
 6410 00a0 F4090000 		.word	2548
 6411 00a4 000A0000 		.word	2560
 6412 00a8 0C0A0000 		.word	2572
ARM GAS  /tmp/ccWclncs.s 			page 154


 6413 00ac 190A0000 		.word	2585
 6414 00b0 250A0000 		.word	2597
 6415 00b4 310A0000 		.word	2609
 6416 00b8 3D0A0000 		.word	2621
 6417 00bc 490A0000 		.word	2633
 6418 00c0 550A0000 		.word	2645
 6419 00c4 610A0000 		.word	2657
 6420 00c8 6D0A0000 		.word	2669
 6421 00cc 790A0000 		.word	2681
 6422 00d0 850A0000 		.word	2693
 6423 00d4 910A0000 		.word	2705
 6424 00d8 9D0A0000 		.word	2717
 6425 00dc A90A0000 		.word	2729
 6426 00e0 B50A0000 		.word	2741
 6427 00e4 C00A0000 		.word	2752
 6428 00e8 CC0A0000 		.word	2764
 6429 00ec D80A0000 		.word	2776
 6430 00f0 E40A0000 		.word	2788
 6431 00f4 F00A0000 		.word	2800
 6432 00f8 FB0A0000 		.word	2811
 6433 00fc 070B0000 		.word	2823
 6434 0100 130B0000 		.word	2835
 6435 0104 1E0B0000 		.word	2846
 6436 0108 2A0B0000 		.word	2858
 6437 010c 350B0000 		.word	2869
 6438 0110 410B0000 		.word	2881
 6439 0114 4C0B0000 		.word	2892
 6440 0118 580B0000 		.word	2904
 6441 011c 630B0000 		.word	2915
 6442 0120 6E0B0000 		.word	2926
 6443 0124 7A0B0000 		.word	2938
 6444 0128 850B0000 		.word	2949
 6445 012c 900B0000 		.word	2960
 6446 0130 9C0B0000 		.word	2972
 6447 0134 A70B0000 		.word	2983
 6448 0138 B20B0000 		.word	2994
 6449 013c BD0B0000 		.word	3005
 6450 0140 C80B0000 		.word	3016
 6451 0144 D30B0000 		.word	3027
 6452 0148 DE0B0000 		.word	3038
 6453 014c E90B0000 		.word	3049
 6454 0150 F40B0000 		.word	3060
 6455 0154 FF0B0000 		.word	3071
 6456 0158 0A0C0000 		.word	3082
 6457 015c 150C0000 		.word	3093
 6458 0160 200C0000 		.word	3104
 6459 0164 2B0C0000 		.word	3115
 6460 0168 350C0000 		.word	3125
 6461 016c 400C0000 		.word	3136
 6462 0170 4B0C0000 		.word	3147
 6463 0174 550C0000 		.word	3157
 6464 0178 600C0000 		.word	3168
 6465 017c 6A0C0000 		.word	3178
 6466 0180 750C0000 		.word	3189
 6467 0184 7F0C0000 		.word	3199
 6468 0188 8A0C0000 		.word	3210
 6469 018c 940C0000 		.word	3220
ARM GAS  /tmp/ccWclncs.s 			page 155


 6470 0190 9E0C0000 		.word	3230
 6471 0194 A90C0000 		.word	3241
 6472 0198 B30C0000 		.word	3251
 6473 019c BD0C0000 		.word	3261
 6474 01a0 C70C0000 		.word	3271
 6475 01a4 D10C0000 		.word	3281
 6476 01a8 DB0C0000 		.word	3291
 6477 01ac E50C0000 		.word	3301
 6478 01b0 EF0C0000 		.word	3311
 6479 01b4 F90C0000 		.word	3321
 6480 01b8 030D0000 		.word	3331
 6481 01bc 0D0D0000 		.word	3341
 6482 01c0 170D0000 		.word	3351
 6483 01c4 200D0000 		.word	3360
 6484 01c8 2A0D0000 		.word	3370
 6485 01cc 330D0000 		.word	3379
 6486 01d0 3D0D0000 		.word	3389
 6487 01d4 470D0000 		.word	3399
 6488 01d8 500D0000 		.word	3408
 6489 01dc 590D0000 		.word	3417
 6490 01e0 630D0000 		.word	3427
 6491 01e4 6C0D0000 		.word	3436
 6492 01e8 750D0000 		.word	3445
 6493 01ec 7E0D0000 		.word	3454
 6494 01f0 880D0000 		.word	3464
 6495 01f4 910D0000 		.word	3473
 6496 01f8 9A0D0000 		.word	3482
 6497 01fc A30D0000 		.word	3491
 6498 0200 AC0D0000 		.word	3500
 6499 0204 B40D0000 		.word	3508
 6500 0208 BD0D0000 		.word	3517
 6501 020c C60D0000 		.word	3526
 6502 0210 CF0D0000 		.word	3535
 6503 0214 D70D0000 		.word	3543
 6504 0218 E00D0000 		.word	3552
 6505 021c E80D0000 		.word	3560
 6506 0220 F10D0000 		.word	3569
 6507 0224 F90D0000 		.word	3577
 6508 0228 020E0000 		.word	3586
 6509 022c 0A0E0000 		.word	3594
 6510 0230 120E0000 		.word	3602
 6511 0234 1A0E0000 		.word	3610
 6512 0238 230E0000 		.word	3619
 6513 023c 2B0E0000 		.word	3627
 6514 0240 330E0000 		.word	3635
 6515 0244 3B0E0000 		.word	3643
 6516 0248 430E0000 		.word	3651
 6517 024c 4A0E0000 		.word	3658
 6518 0250 520E0000 		.word	3666
 6519 0254 5A0E0000 		.word	3674
 6520 0258 610E0000 		.word	3681
 6521 025c 690E0000 		.word	3689
 6522 0260 710E0000 		.word	3697
 6523 0264 780E0000 		.word	3704
 6524 0268 7F0E0000 		.word	3711
 6525 026c 870E0000 		.word	3719
 6526 0270 8E0E0000 		.word	3726
ARM GAS  /tmp/ccWclncs.s 			page 156


 6527 0274 950E0000 		.word	3733
 6528 0278 9C0E0000 		.word	3740
 6529 027c A30E0000 		.word	3747
 6530 0280 AB0E0000 		.word	3755
 6531 0284 B10E0000 		.word	3761
 6532 0288 B80E0000 		.word	3768
 6533 028c BF0E0000 		.word	3775
 6534 0290 C60E0000 		.word	3782
 6535 0294 CD0E0000 		.word	3789
 6536 0298 D30E0000 		.word	3795
 6537 029c DA0E0000 		.word	3802
 6538 02a0 E00E0000 		.word	3808
 6539 02a4 E70E0000 		.word	3815
 6540 02a8 ED0E0000 		.word	3821
 6541 02ac F30E0000 		.word	3827
 6542 02b0 FA0E0000 		.word	3834
 6543 02b4 000F0000 		.word	3840
 6544 02b8 060F0000 		.word	3846
 6545 02bc 0C0F0000 		.word	3852
 6546 02c0 120F0000 		.word	3858
 6547 02c4 180F0000 		.word	3864
 6548 02c8 1E0F0000 		.word	3870
 6549 02cc 230F0000 		.word	3875
 6550 02d0 290F0000 		.word	3881
 6551 02d4 2F0F0000 		.word	3887
 6552 02d8 340F0000 		.word	3892
 6553 02dc 3A0F0000 		.word	3898
 6554 02e0 3F0F0000 		.word	3903
 6555 02e4 450F0000 		.word	3909
 6556 02e8 4A0F0000 		.word	3914
 6557 02ec 4F0F0000 		.word	3919
 6558 02f0 540F0000 		.word	3924
 6559 02f4 590F0000 		.word	3929
 6560 02f8 5E0F0000 		.word	3934
 6561 02fc 630F0000 		.word	3939
 6562 0300 680F0000 		.word	3944
 6563 0304 6D0F0000 		.word	3949
 6564 0308 710F0000 		.word	3953
 6565 030c 760F0000 		.word	3958
 6566 0310 7B0F0000 		.word	3963
 6567 0314 7F0F0000 		.word	3967
 6568 0318 840F0000 		.word	3972
 6569 031c 880F0000 		.word	3976
 6570 0320 8C0F0000 		.word	3980
 6571 0324 900F0000 		.word	3984
 6572 0328 940F0000 		.word	3988
 6573 032c 990F0000 		.word	3993
 6574 0330 9D0F0000 		.word	3997
 6575 0334 A00F0000 		.word	4000
 6576 0338 A40F0000 		.word	4004
 6577 033c A80F0000 		.word	4008
 6578 0340 AC0F0000 		.word	4012
 6579 0344 AF0F0000 		.word	4015
 6580 0348 B30F0000 		.word	4019
 6581 034c B60F0000 		.word	4022
 6582 0350 BA0F0000 		.word	4026
 6583 0354 BD0F0000 		.word	4029
ARM GAS  /tmp/ccWclncs.s 			page 157


 6584 0358 C00F0000 		.word	4032
 6585 035c C30F0000 		.word	4035
 6586 0360 C70F0000 		.word	4039
 6587 0364 CA0F0000 		.word	4042
 6588 0368 CD0F0000 		.word	4045
 6589 036c CF0F0000 		.word	4047
 6590 0370 D20F0000 		.word	4050
 6591 0374 D50F0000 		.word	4053
 6592 0378 D80F0000 		.word	4056
 6593 037c DA0F0000 		.word	4058
 6594 0380 DD0F0000 		.word	4061
 6595 0384 DF0F0000 		.word	4063
 6596 0388 E10F0000 		.word	4065
 6597 038c E40F0000 		.word	4068
 6598 0390 E60F0000 		.word	4070
 6599 0394 E80F0000 		.word	4072
 6600 0398 EA0F0000 		.word	4074
 6601 039c EC0F0000 		.word	4076
 6602 03a0 EE0F0000 		.word	4078
 6603 03a4 F00F0000 		.word	4080
 6604 03a8 F10F0000 		.word	4081
 6605 03ac F30F0000 		.word	4083
 6606 03b0 F50F0000 		.word	4085
 6607 03b4 F60F0000 		.word	4086
 6608 03b8 F80F0000 		.word	4088
 6609 03bc F90F0000 		.word	4089
 6610 03c0 FA0F0000 		.word	4090
 6611 03c4 FB0F0000 		.word	4091
 6612 03c8 FC0F0000 		.word	4092
 6613 03cc FD0F0000 		.word	4093
 6614 03d0 FE0F0000 		.word	4094
 6615 03d4 FF0F0000 		.word	4095
 6616 03d8 00100000 		.word	4096
 6617 03dc 01100000 		.word	4097
 6618 03e0 02100000 		.word	4098
 6619 03e4 02100000 		.word	4098
 6620 03e8 03100000 		.word	4099
 6621 03ec 03100000 		.word	4099
 6622 03f0 03100000 		.word	4099
 6623 03f4 04100000 		.word	4100
 6624 03f8 04100000 		.word	4100
 6625 03fc 04100000 		.word	4100
 6626 0400 04100000 		.word	4100
 6627 0404 04100000 		.word	4100
 6628 0408 04100000 		.word	4100
 6629 040c 04100000 		.word	4100
 6630 0410 03100000 		.word	4099
 6631 0414 03100000 		.word	4099
 6632 0418 03100000 		.word	4099
 6633 041c 02100000 		.word	4098
 6634 0420 02100000 		.word	4098
 6635 0424 01100000 		.word	4097
 6636 0428 00100000 		.word	4096
 6637 042c FF0F0000 		.word	4095
 6638 0430 FE0F0000 		.word	4094
 6639 0434 FD0F0000 		.word	4093
 6640 0438 FC0F0000 		.word	4092
ARM GAS  /tmp/ccWclncs.s 			page 158


 6641 043c FB0F0000 		.word	4091
 6642 0440 FA0F0000 		.word	4090
 6643 0444 F90F0000 		.word	4089
 6644 0448 F80F0000 		.word	4088
 6645 044c F60F0000 		.word	4086
 6646 0450 F50F0000 		.word	4085
 6647 0454 F30F0000 		.word	4083
 6648 0458 F10F0000 		.word	4081
 6649 045c F00F0000 		.word	4080
 6650 0460 EE0F0000 		.word	4078
 6651 0464 EC0F0000 		.word	4076
 6652 0468 EA0F0000 		.word	4074
 6653 046c E80F0000 		.word	4072
 6654 0470 E60F0000 		.word	4070
 6655 0474 E40F0000 		.word	4068
 6656 0478 E10F0000 		.word	4065
 6657 047c DF0F0000 		.word	4063
 6658 0480 DD0F0000 		.word	4061
 6659 0484 DA0F0000 		.word	4058
 6660 0488 D80F0000 		.word	4056
 6661 048c D50F0000 		.word	4053
 6662 0490 D20F0000 		.word	4050
 6663 0494 CF0F0000 		.word	4047
 6664 0498 CD0F0000 		.word	4045
 6665 049c CA0F0000 		.word	4042
 6666 04a0 C70F0000 		.word	4039
 6667 04a4 C30F0000 		.word	4035
 6668 04a8 C00F0000 		.word	4032
 6669 04ac BD0F0000 		.word	4029
 6670 04b0 BA0F0000 		.word	4026
 6671 04b4 B60F0000 		.word	4022
 6672 04b8 B30F0000 		.word	4019
 6673 04bc AF0F0000 		.word	4015
 6674 04c0 AC0F0000 		.word	4012
 6675 04c4 A80F0000 		.word	4008
 6676 04c8 A40F0000 		.word	4004
 6677 04cc A00F0000 		.word	4000
 6678 04d0 9D0F0000 		.word	3997
 6679 04d4 990F0000 		.word	3993
 6680 04d8 940F0000 		.word	3988
 6681 04dc 900F0000 		.word	3984
 6682 04e0 8C0F0000 		.word	3980
 6683 04e4 880F0000 		.word	3976
 6684 04e8 840F0000 		.word	3972
 6685 04ec 7F0F0000 		.word	3967
 6686 04f0 7B0F0000 		.word	3963
 6687 04f4 760F0000 		.word	3958
 6688 04f8 710F0000 		.word	3953
 6689 04fc 6D0F0000 		.word	3949
 6690 0500 680F0000 		.word	3944
 6691 0504 630F0000 		.word	3939
 6692 0508 5E0F0000 		.word	3934
 6693 050c 590F0000 		.word	3929
 6694 0510 540F0000 		.word	3924
 6695 0514 4F0F0000 		.word	3919
 6696 0518 4A0F0000 		.word	3914
 6697 051c 450F0000 		.word	3909
ARM GAS  /tmp/ccWclncs.s 			page 159


 6698 0520 3F0F0000 		.word	3903
 6699 0524 3A0F0000 		.word	3898
 6700 0528 340F0000 		.word	3892
 6701 052c 2F0F0000 		.word	3887
 6702 0530 290F0000 		.word	3881
 6703 0534 230F0000 		.word	3875
 6704 0538 1E0F0000 		.word	3870
 6705 053c 180F0000 		.word	3864
 6706 0540 120F0000 		.word	3858
 6707 0544 0C0F0000 		.word	3852
 6708 0548 060F0000 		.word	3846
 6709 054c 000F0000 		.word	3840
 6710 0550 FA0E0000 		.word	3834
 6711 0554 F30E0000 		.word	3827
 6712 0558 ED0E0000 		.word	3821
 6713 055c E70E0000 		.word	3815
 6714 0560 E00E0000 		.word	3808
 6715 0564 DA0E0000 		.word	3802
 6716 0568 D30E0000 		.word	3795
 6717 056c CD0E0000 		.word	3789
 6718 0570 C60E0000 		.word	3782
 6719 0574 BF0E0000 		.word	3775
 6720 0578 B80E0000 		.word	3768
 6721 057c B10E0000 		.word	3761
 6722 0580 AB0E0000 		.word	3755
 6723 0584 A30E0000 		.word	3747
 6724 0588 9C0E0000 		.word	3740
 6725 058c 950E0000 		.word	3733
 6726 0590 8E0E0000 		.word	3726
 6727 0594 870E0000 		.word	3719
 6728 0598 7F0E0000 		.word	3711
 6729 059c 780E0000 		.word	3704
 6730 05a0 710E0000 		.word	3697
 6731 05a4 690E0000 		.word	3689
 6732 05a8 610E0000 		.word	3681
 6733 05ac 5A0E0000 		.word	3674
 6734 05b0 520E0000 		.word	3666
 6735 05b4 4A0E0000 		.word	3658
 6736 05b8 430E0000 		.word	3651
 6737 05bc 3B0E0000 		.word	3643
 6738 05c0 330E0000 		.word	3635
 6739 05c4 2B0E0000 		.word	3627
 6740 05c8 230E0000 		.word	3619
 6741 05cc 1A0E0000 		.word	3610
 6742 05d0 120E0000 		.word	3602
 6743 05d4 0A0E0000 		.word	3594
 6744 05d8 020E0000 		.word	3586
 6745 05dc F90D0000 		.word	3577
 6746 05e0 F10D0000 		.word	3569
 6747 05e4 E80D0000 		.word	3560
 6748 05e8 E00D0000 		.word	3552
 6749 05ec D70D0000 		.word	3543
 6750 05f0 CF0D0000 		.word	3535
 6751 05f4 C60D0000 		.word	3526
 6752 05f8 BD0D0000 		.word	3517
 6753 05fc B40D0000 		.word	3508
 6754 0600 AC0D0000 		.word	3500
ARM GAS  /tmp/ccWclncs.s 			page 160


 6755 0604 A30D0000 		.word	3491
 6756 0608 9A0D0000 		.word	3482
 6757 060c 910D0000 		.word	3473
 6758 0610 880D0000 		.word	3464
 6759 0614 7E0D0000 		.word	3454
 6760 0618 750D0000 		.word	3445
 6761 061c 6C0D0000 		.word	3436
 6762 0620 630D0000 		.word	3427
 6763 0624 590D0000 		.word	3417
 6764 0628 500D0000 		.word	3408
 6765 062c 470D0000 		.word	3399
 6766 0630 3D0D0000 		.word	3389
 6767 0634 330D0000 		.word	3379
 6768 0638 2A0D0000 		.word	3370
 6769 063c 200D0000 		.word	3360
 6770 0640 170D0000 		.word	3351
 6771 0644 0D0D0000 		.word	3341
 6772 0648 030D0000 		.word	3331
 6773 064c F90C0000 		.word	3321
 6774 0650 EF0C0000 		.word	3311
 6775 0654 E50C0000 		.word	3301
 6776 0658 DB0C0000 		.word	3291
 6777 065c D10C0000 		.word	3281
 6778 0660 C70C0000 		.word	3271
 6779 0664 BD0C0000 		.word	3261
 6780 0668 B30C0000 		.word	3251
 6781 066c A90C0000 		.word	3241
 6782 0670 9E0C0000 		.word	3230
 6783 0674 940C0000 		.word	3220
 6784 0678 8A0C0000 		.word	3210
 6785 067c 7F0C0000 		.word	3199
 6786 0680 750C0000 		.word	3189
 6787 0684 6A0C0000 		.word	3178
 6788 0688 600C0000 		.word	3168
 6789 068c 550C0000 		.word	3157
 6790 0690 4B0C0000 		.word	3147
 6791 0694 400C0000 		.word	3136
 6792 0698 350C0000 		.word	3125
 6793 069c 2B0C0000 		.word	3115
 6794 06a0 200C0000 		.word	3104
 6795 06a4 150C0000 		.word	3093
 6796 06a8 0A0C0000 		.word	3082
 6797 06ac FF0B0000 		.word	3071
 6798 06b0 F40B0000 		.word	3060
 6799 06b4 E90B0000 		.word	3049
 6800 06b8 DE0B0000 		.word	3038
 6801 06bc D30B0000 		.word	3027
 6802 06c0 C80B0000 		.word	3016
 6803 06c4 BD0B0000 		.word	3005
 6804 06c8 B20B0000 		.word	2994
 6805 06cc A70B0000 		.word	2983
 6806 06d0 9C0B0000 		.word	2972
 6807 06d4 900B0000 		.word	2960
 6808 06d8 850B0000 		.word	2949
 6809 06dc 7A0B0000 		.word	2938
 6810 06e0 6E0B0000 		.word	2926
 6811 06e4 630B0000 		.word	2915
ARM GAS  /tmp/ccWclncs.s 			page 161


 6812 06e8 580B0000 		.word	2904
 6813 06ec 4C0B0000 		.word	2892
 6814 06f0 410B0000 		.word	2881
 6815 06f4 350B0000 		.word	2869
 6816 06f8 2A0B0000 		.word	2858
 6817 06fc 1E0B0000 		.word	2846
 6818 0700 130B0000 		.word	2835
 6819 0704 070B0000 		.word	2823
 6820 0708 FB0A0000 		.word	2811
 6821 070c F00A0000 		.word	2800
 6822 0710 E40A0000 		.word	2788
 6823 0714 D80A0000 		.word	2776
 6824 0718 CC0A0000 		.word	2764
 6825 071c C00A0000 		.word	2752
 6826 0720 B50A0000 		.word	2741
 6827 0724 A90A0000 		.word	2729
 6828 0728 9D0A0000 		.word	2717
 6829 072c 910A0000 		.word	2705
 6830 0730 850A0000 		.word	2693
 6831 0734 790A0000 		.word	2681
 6832 0738 6D0A0000 		.word	2669
 6833 073c 610A0000 		.word	2657
 6834 0740 550A0000 		.word	2645
 6835 0744 490A0000 		.word	2633
 6836 0748 3D0A0000 		.word	2621
 6837 074c 310A0000 		.word	2609
 6838 0750 250A0000 		.word	2597
 6839 0754 190A0000 		.word	2585
 6840 0758 0C0A0000 		.word	2572
 6841 075c 000A0000 		.word	2560
 6842 0760 F4090000 		.word	2548
 6843 0764 E8090000 		.word	2536
 6844 0768 DC090000 		.word	2524
 6845 076c CF090000 		.word	2511
 6846 0770 C3090000 		.word	2499
 6847 0774 B7090000 		.word	2487
 6848 0778 AB090000 		.word	2475
 6849 077c 9E090000 		.word	2462
 6850 0780 92090000 		.word	2450
 6851 0784 86090000 		.word	2438
 6852 0788 79090000 		.word	2425
 6853 078c 6D090000 		.word	2413
 6854 0790 60090000 		.word	2400
 6855 0794 54090000 		.word	2388
 6856 0798 48090000 		.word	2376
 6857 079c 3B090000 		.word	2363
 6858 07a0 2F090000 		.word	2351
 6859 07a4 22090000 		.word	2338
 6860 07a8 16090000 		.word	2326
 6861 07ac 09090000 		.word	2313
 6862 07b0 FD080000 		.word	2301
 6863 07b4 F0080000 		.word	2288
 6864 07b8 E4080000 		.word	2276
 6865 07bc D7080000 		.word	2263
 6866 07c0 CB080000 		.word	2251
 6867 07c4 BE080000 		.word	2238
 6868 07c8 B2080000 		.word	2226
ARM GAS  /tmp/ccWclncs.s 			page 162


 6869 07cc A5080000 		.word	2213
 6870 07d0 99080000 		.word	2201
 6871 07d4 8C080000 		.word	2188
 6872 07d8 80080000 		.word	2176
 6873 07dc 73080000 		.word	2163
 6874 07e0 67080000 		.word	2151
 6875 07e4 5A080000 		.word	2138
 6876 07e8 4D080000 		.word	2125
 6877 07ec 41080000 		.word	2113
 6878 07f0 34080000 		.word	2100
 6879 07f4 28080000 		.word	2088
 6880 07f8 1B080000 		.word	2075
 6881 07fc 0F080000 		.word	2063
 6882 0800 02080000 		.word	2050
 6883 0804 F5070000 		.word	2037
 6884 0808 E9070000 		.word	2025
 6885 080c DC070000 		.word	2012
 6886 0810 D0070000 		.word	2000
 6887 0814 C3070000 		.word	1987
 6888 0818 B7070000 		.word	1975
 6889 081c AA070000 		.word	1962
 6890 0820 9D070000 		.word	1949
 6891 0824 91070000 		.word	1937
 6892 0828 84070000 		.word	1924
 6893 082c 78070000 		.word	1912
 6894 0830 6B070000 		.word	1899
 6895 0834 5F070000 		.word	1887
 6896 0838 52070000 		.word	1874
 6897 083c 46070000 		.word	1862
 6898 0840 39070000 		.word	1849
 6899 0844 2D070000 		.word	1837
 6900 0848 20070000 		.word	1824
 6901 084c 14070000 		.word	1812
 6902 0850 07070000 		.word	1799
 6903 0854 FB060000 		.word	1787
 6904 0858 EE060000 		.word	1774
 6905 085c E2060000 		.word	1762
 6906 0860 D5060000 		.word	1749
 6907 0864 C9060000 		.word	1737
 6908 0868 BC060000 		.word	1724
 6909 086c B0060000 		.word	1712
 6910 0870 A4060000 		.word	1700
 6911 0874 97060000 		.word	1687
 6912 0878 8B060000 		.word	1675
 6913 087c 7E060000 		.word	1662
 6914 0880 72060000 		.word	1650
 6915 0884 66060000 		.word	1638
 6916 0888 59060000 		.word	1625
 6917 088c 4D060000 		.word	1613
 6918 0890 41060000 		.word	1601
 6919 0894 35060000 		.word	1589
 6920 0898 28060000 		.word	1576
 6921 089c 1C060000 		.word	1564
 6922 08a0 10060000 		.word	1552
 6923 08a4 04060000 		.word	1540
 6924 08a8 F8050000 		.word	1528
 6925 08ac EB050000 		.word	1515
ARM GAS  /tmp/ccWclncs.s 			page 163


 6926 08b0 DF050000 		.word	1503
 6927 08b4 D3050000 		.word	1491
 6928 08b8 C7050000 		.word	1479
 6929 08bc BB050000 		.word	1467
 6930 08c0 AF050000 		.word	1455
 6931 08c4 A3050000 		.word	1443
 6932 08c8 97050000 		.word	1431
 6933 08cc 8B050000 		.word	1419
 6934 08d0 7F050000 		.word	1407
 6935 08d4 73050000 		.word	1395
 6936 08d8 67050000 		.word	1383
 6937 08dc 5B050000 		.word	1371
 6938 08e0 4F050000 		.word	1359
 6939 08e4 44050000 		.word	1348
 6940 08e8 38050000 		.word	1336
 6941 08ec 2C050000 		.word	1324
 6942 08f0 20050000 		.word	1312
 6943 08f4 14050000 		.word	1300
 6944 08f8 09050000 		.word	1289
 6945 08fc FD040000 		.word	1277
 6946 0900 F1040000 		.word	1265
 6947 0904 E6040000 		.word	1254
 6948 0908 DA040000 		.word	1242
 6949 090c CF040000 		.word	1231
 6950 0910 C3040000 		.word	1219
 6951 0914 B8040000 		.word	1208
 6952 0918 AC040000 		.word	1196
 6953 091c A1040000 		.word	1185
 6954 0920 96040000 		.word	1174
 6955 0924 8A040000 		.word	1162
 6956 0928 7F040000 		.word	1151
 6957 092c 74040000 		.word	1140
 6958 0930 68040000 		.word	1128
 6959 0934 5D040000 		.word	1117
 6960 0938 52040000 		.word	1106
 6961 093c 47040000 		.word	1095
 6962 0940 3C040000 		.word	1084
 6963 0944 31040000 		.word	1073
 6964 0948 26040000 		.word	1062
 6965 094c 1B040000 		.word	1051
 6966 0950 10040000 		.word	1040
 6967 0954 05040000 		.word	1029
 6968 0958 FA030000 		.word	1018
 6969 095c EF030000 		.word	1007
 6970 0960 E4030000 		.word	996
 6971 0964 D9030000 		.word	985
 6972 0968 CF030000 		.word	975
 6973 096c C4030000 		.word	964
 6974 0970 B9030000 		.word	953
 6975 0974 AF030000 		.word	943
 6976 0978 A4030000 		.word	932
 6977 097c 9A030000 		.word	922
 6978 0980 8F030000 		.word	911
 6979 0984 85030000 		.word	901
 6980 0988 7A030000 		.word	890
 6981 098c 70030000 		.word	880
 6982 0990 66030000 		.word	870
ARM GAS  /tmp/ccWclncs.s 			page 164


 6983 0994 5B030000 		.word	859
 6984 0998 51030000 		.word	849
 6985 099c 47030000 		.word	839
 6986 09a0 3D030000 		.word	829
 6987 09a4 33030000 		.word	819
 6988 09a8 29030000 		.word	809
 6989 09ac 1F030000 		.word	799
 6990 09b0 15030000 		.word	789
 6991 09b4 0B030000 		.word	779
 6992 09b8 01030000 		.word	769
 6993 09bc F7020000 		.word	759
 6994 09c0 ED020000 		.word	749
 6995 09c4 E4020000 		.word	740
 6996 09c8 DA020000 		.word	730
 6997 09cc D1020000 		.word	721
 6998 09d0 C7020000 		.word	711
 6999 09d4 BD020000 		.word	701
 7000 09d8 B4020000 		.word	692
 7001 09dc AB020000 		.word	683
 7002 09e0 A1020000 		.word	673
 7003 09e4 98020000 		.word	664
 7004 09e8 8F020000 		.word	655
 7005 09ec 86020000 		.word	646
 7006 09f0 7C020000 		.word	636
 7007 09f4 73020000 		.word	627
 7008 09f8 6A020000 		.word	618
 7009 09fc 61020000 		.word	609
 7010 0a00 58020000 		.word	600
 7011 0a04 50020000 		.word	592
 7012 0a08 47020000 		.word	583
 7013 0a0c 3E020000 		.word	574
 7014 0a10 35020000 		.word	565
 7015 0a14 2D020000 		.word	557
 7016 0a18 24020000 		.word	548
 7017 0a1c 1C020000 		.word	540
 7018 0a20 13020000 		.word	531
 7019 0a24 0B020000 		.word	523
 7020 0a28 02020000 		.word	514
 7021 0a2c FA010000 		.word	506
 7022 0a30 F2010000 		.word	498
 7023 0a34 EA010000 		.word	490
 7024 0a38 E1010000 		.word	481
 7025 0a3c D9010000 		.word	473
 7026 0a40 D1010000 		.word	465
 7027 0a44 C9010000 		.word	457
 7028 0a48 C1010000 		.word	449
 7029 0a4c BA010000 		.word	442
 7030 0a50 B2010000 		.word	434
 7031 0a54 AA010000 		.word	426
 7032 0a58 A3010000 		.word	419
 7033 0a5c 9B010000 		.word	411
 7034 0a60 93010000 		.word	403
 7035 0a64 8C010000 		.word	396
 7036 0a68 85010000 		.word	389
 7037 0a6c 7D010000 		.word	381
 7038 0a70 76010000 		.word	374
 7039 0a74 6F010000 		.word	367
ARM GAS  /tmp/ccWclncs.s 			page 165


 7040 0a78 68010000 		.word	360
 7041 0a7c 61010000 		.word	353
 7042 0a80 59010000 		.word	345
 7043 0a84 53010000 		.word	339
 7044 0a88 4C010000 		.word	332
 7045 0a8c 45010000 		.word	325
 7046 0a90 3E010000 		.word	318
 7047 0a94 37010000 		.word	311
 7048 0a98 31010000 		.word	305
 7049 0a9c 2A010000 		.word	298
 7050 0aa0 24010000 		.word	292
 7051 0aa4 1D010000 		.word	285
 7052 0aa8 17010000 		.word	279
 7053 0aac 11010000 		.word	273
 7054 0ab0 0A010000 		.word	266
 7055 0ab4 04010000 		.word	260
 7056 0ab8 FE000000 		.word	254
 7057 0abc F8000000 		.word	248
 7058 0ac0 F2000000 		.word	242
 7059 0ac4 EC000000 		.word	236
 7060 0ac8 E6000000 		.word	230
 7061 0acc E1000000 		.word	225
 7062 0ad0 DB000000 		.word	219
 7063 0ad4 D5000000 		.word	213
 7064 0ad8 D0000000 		.word	208
 7065 0adc CA000000 		.word	202
 7066 0ae0 C5000000 		.word	197
 7067 0ae4 BF000000 		.word	191
 7068 0ae8 BA000000 		.word	186
 7069 0aec B5000000 		.word	181
 7070 0af0 B0000000 		.word	176
 7071 0af4 AB000000 		.word	171
 7072 0af8 A6000000 		.word	166
 7073 0afc A1000000 		.word	161
 7074 0b00 9C000000 		.word	156
 7075 0b04 97000000 		.word	151
 7076 0b08 93000000 		.word	147
 7077 0b0c 8E000000 		.word	142
 7078 0b10 89000000 		.word	137
 7079 0b14 85000000 		.word	133
 7080 0b18 80000000 		.word	128
 7081 0b1c 7C000000 		.word	124
 7082 0b20 78000000 		.word	120
 7083 0b24 74000000 		.word	116
 7084 0b28 70000000 		.word	112
 7085 0b2c 6B000000 		.word	107
 7086 0b30 67000000 		.word	103
 7087 0b34 64000000 		.word	100
 7088 0b38 60000000 		.word	96
 7089 0b3c 5C000000 		.word	92
 7090 0b40 58000000 		.word	88
 7091 0b44 55000000 		.word	85
 7092 0b48 51000000 		.word	81
 7093 0b4c 4E000000 		.word	78
 7094 0b50 4A000000 		.word	74
 7095 0b54 47000000 		.word	71
 7096 0b58 44000000 		.word	68
ARM GAS  /tmp/ccWclncs.s 			page 166


 7097 0b5c 41000000 		.word	65
 7098 0b60 3D000000 		.word	61
 7099 0b64 3A000000 		.word	58
 7100 0b68 37000000 		.word	55
 7101 0b6c 35000000 		.word	53
 7102 0b70 32000000 		.word	50
 7103 0b74 2F000000 		.word	47
 7104 0b78 2C000000 		.word	44
 7105 0b7c 2A000000 		.word	42
 7106 0b80 27000000 		.word	39
 7107 0b84 25000000 		.word	37
 7108 0b88 23000000 		.word	35
 7109 0b8c 20000000 		.word	32
 7110 0b90 1E000000 		.word	30
 7111 0b94 1C000000 		.word	28
 7112 0b98 1A000000 		.word	26
 7113 0b9c 18000000 		.word	24
 7114 0ba0 16000000 		.word	22
 7115 0ba4 14000000 		.word	20
 7116 0ba8 13000000 		.word	19
 7117 0bac 11000000 		.word	17
 7118 0bb0 0F000000 		.word	15
 7119 0bb4 0E000000 		.word	14
 7120 0bb8 0C000000 		.word	12
 7121 0bbc 0B000000 		.word	11
 7122 0bc0 0A000000 		.word	10
 7123 0bc4 09000000 		.word	9
 7124 0bc8 08000000 		.word	8
 7125 0bcc 07000000 		.word	7
 7126 0bd0 06000000 		.word	6
 7127 0bd4 05000000 		.word	5
 7128 0bd8 04000000 		.word	4
 7129 0bdc 03000000 		.word	3
 7130 0be0 02000000 		.word	2
 7131 0be4 02000000 		.word	2
 7132 0be8 01000000 		.word	1
 7133 0bec 01000000 		.word	1
 7134 0bf0 01000000 		.word	1
 7135 0bf4 00000000 		.word	0
 7136 0bf8 00000000 		.word	0
 7137 0bfc 00000000 		.word	0
 7138 0c00 00000000 		.word	0
 7139 0c04 00000000 		.word	0
 7140 0c08 00000000 		.word	0
 7141 0c0c 00000000 		.word	0
 7142 0c10 01000000 		.word	1
 7143 0c14 01000000 		.word	1
 7144 0c18 01000000 		.word	1
 7145 0c1c 02000000 		.word	2
 7146 0c20 02000000 		.word	2
 7147 0c24 03000000 		.word	3
 7148 0c28 04000000 		.word	4
 7149 0c2c 05000000 		.word	5
 7150 0c30 06000000 		.word	6
 7151 0c34 07000000 		.word	7
 7152 0c38 08000000 		.word	8
 7153 0c3c 09000000 		.word	9
ARM GAS  /tmp/ccWclncs.s 			page 167


 7154 0c40 0A000000 		.word	10
 7155 0c44 0B000000 		.word	11
 7156 0c48 0C000000 		.word	12
 7157 0c4c 0E000000 		.word	14
 7158 0c50 0F000000 		.word	15
 7159 0c54 11000000 		.word	17
 7160 0c58 13000000 		.word	19
 7161 0c5c 14000000 		.word	20
 7162 0c60 16000000 		.word	22
 7163 0c64 18000000 		.word	24
 7164 0c68 1A000000 		.word	26
 7165 0c6c 1C000000 		.word	28
 7166 0c70 1E000000 		.word	30
 7167 0c74 20000000 		.word	32
 7168 0c78 23000000 		.word	35
 7169 0c7c 25000000 		.word	37
 7170 0c80 27000000 		.word	39
 7171 0c84 2A000000 		.word	42
 7172 0c88 2C000000 		.word	44
 7173 0c8c 2F000000 		.word	47
 7174 0c90 32000000 		.word	50
 7175 0c94 35000000 		.word	53
 7176 0c98 37000000 		.word	55
 7177 0c9c 3A000000 		.word	58
 7178 0ca0 3D000000 		.word	61
 7179 0ca4 41000000 		.word	65
 7180 0ca8 44000000 		.word	68
 7181 0cac 47000000 		.word	71
 7182 0cb0 4A000000 		.word	74
 7183 0cb4 4E000000 		.word	78
 7184 0cb8 51000000 		.word	81
 7185 0cbc 55000000 		.word	85
 7186 0cc0 58000000 		.word	88
 7187 0cc4 5C000000 		.word	92
 7188 0cc8 60000000 		.word	96
 7189 0ccc 64000000 		.word	100
 7190 0cd0 67000000 		.word	103
 7191 0cd4 6B000000 		.word	107
 7192 0cd8 70000000 		.word	112
 7193 0cdc 74000000 		.word	116
 7194 0ce0 78000000 		.word	120
 7195 0ce4 7C000000 		.word	124
 7196 0ce8 80000000 		.word	128
 7197 0cec 85000000 		.word	133
 7198 0cf0 89000000 		.word	137
 7199 0cf4 8E000000 		.word	142
 7200 0cf8 93000000 		.word	147
 7201 0cfc 97000000 		.word	151
 7202 0d00 9C000000 		.word	156
 7203 0d04 A1000000 		.word	161
 7204 0d08 A6000000 		.word	166
 7205 0d0c AB000000 		.word	171
 7206 0d10 B0000000 		.word	176
 7207 0d14 B5000000 		.word	181
 7208 0d18 BA000000 		.word	186
 7209 0d1c BF000000 		.word	191
 7210 0d20 C5000000 		.word	197
ARM GAS  /tmp/ccWclncs.s 			page 168


 7211 0d24 CA000000 		.word	202
 7212 0d28 D0000000 		.word	208
 7213 0d2c D5000000 		.word	213
 7214 0d30 DB000000 		.word	219
 7215 0d34 E1000000 		.word	225
 7216 0d38 E6000000 		.word	230
 7217 0d3c EC000000 		.word	236
 7218 0d40 F2000000 		.word	242
 7219 0d44 F8000000 		.word	248
 7220 0d48 FE000000 		.word	254
 7221 0d4c 04010000 		.word	260
 7222 0d50 0A010000 		.word	266
 7223 0d54 11010000 		.word	273
 7224 0d58 17010000 		.word	279
 7225 0d5c 1D010000 		.word	285
 7226 0d60 24010000 		.word	292
 7227 0d64 2A010000 		.word	298
 7228 0d68 31010000 		.word	305
 7229 0d6c 37010000 		.word	311
 7230 0d70 3E010000 		.word	318
 7231 0d74 45010000 		.word	325
 7232 0d78 4C010000 		.word	332
 7233 0d7c 53010000 		.word	339
 7234 0d80 59010000 		.word	345
 7235 0d84 61010000 		.word	353
 7236 0d88 68010000 		.word	360
 7237 0d8c 6F010000 		.word	367
 7238 0d90 76010000 		.word	374
 7239 0d94 7D010000 		.word	381
 7240 0d98 85010000 		.word	389
 7241 0d9c 8C010000 		.word	396
 7242 0da0 93010000 		.word	403
 7243 0da4 9B010000 		.word	411
 7244 0da8 A3010000 		.word	419
 7245 0dac AA010000 		.word	426
 7246 0db0 B2010000 		.word	434
 7247 0db4 BA010000 		.word	442
 7248 0db8 C1010000 		.word	449
 7249 0dbc C9010000 		.word	457
 7250 0dc0 D1010000 		.word	465
 7251 0dc4 D9010000 		.word	473
 7252 0dc8 E1010000 		.word	481
 7253 0dcc EA010000 		.word	490
 7254 0dd0 F2010000 		.word	498
 7255 0dd4 FA010000 		.word	506
 7256 0dd8 02020000 		.word	514
 7257 0ddc 0B020000 		.word	523
 7258 0de0 13020000 		.word	531
 7259 0de4 1C020000 		.word	540
 7260 0de8 24020000 		.word	548
 7261 0dec 2D020000 		.word	557
 7262 0df0 35020000 		.word	565
 7263 0df4 3E020000 		.word	574
 7264 0df8 47020000 		.word	583
 7265 0dfc 50020000 		.word	592
 7266 0e00 58020000 		.word	600
 7267 0e04 61020000 		.word	609
ARM GAS  /tmp/ccWclncs.s 			page 169


 7268 0e08 6A020000 		.word	618
 7269 0e0c 73020000 		.word	627
 7270 0e10 7C020000 		.word	636
 7271 0e14 86020000 		.word	646
 7272 0e18 8F020000 		.word	655
 7273 0e1c 98020000 		.word	664
 7274 0e20 A1020000 		.word	673
 7275 0e24 AB020000 		.word	683
 7276 0e28 B4020000 		.word	692
 7277 0e2c BD020000 		.word	701
 7278 0e30 C7020000 		.word	711
 7279 0e34 D1020000 		.word	721
 7280 0e38 DA020000 		.word	730
 7281 0e3c E4020000 		.word	740
 7282 0e40 ED020000 		.word	749
 7283 0e44 F7020000 		.word	759
 7284 0e48 01030000 		.word	769
 7285 0e4c 0B030000 		.word	779
 7286 0e50 15030000 		.word	789
 7287 0e54 1F030000 		.word	799
 7288 0e58 29030000 		.word	809
 7289 0e5c 33030000 		.word	819
 7290 0e60 3D030000 		.word	829
 7291 0e64 47030000 		.word	839
 7292 0e68 51030000 		.word	849
 7293 0e6c 5B030000 		.word	859
 7294 0e70 66030000 		.word	870
 7295 0e74 70030000 		.word	880
 7296 0e78 7A030000 		.word	890
 7297 0e7c 85030000 		.word	901
 7298 0e80 8F030000 		.word	911
 7299 0e84 9A030000 		.word	922
 7300 0e88 A4030000 		.word	932
 7301 0e8c AF030000 		.word	943
 7302 0e90 B9030000 		.word	953
 7303 0e94 C4030000 		.word	964
 7304 0e98 CF030000 		.word	975
 7305 0e9c D9030000 		.word	985
 7306 0ea0 E4030000 		.word	996
 7307 0ea4 EF030000 		.word	1007
 7308 0ea8 FA030000 		.word	1018
 7309 0eac 05040000 		.word	1029
 7310 0eb0 10040000 		.word	1040
 7311 0eb4 1B040000 		.word	1051
 7312 0eb8 26040000 		.word	1062
 7313 0ebc 31040000 		.word	1073
 7314 0ec0 3C040000 		.word	1084
 7315 0ec4 47040000 		.word	1095
 7316 0ec8 52040000 		.word	1106
 7317 0ecc 5D040000 		.word	1117
 7318 0ed0 68040000 		.word	1128
 7319 0ed4 74040000 		.word	1140
 7320 0ed8 7F040000 		.word	1151
 7321 0edc 8A040000 		.word	1162
 7322 0ee0 96040000 		.word	1174
 7323 0ee4 A1040000 		.word	1185
 7324 0ee8 AC040000 		.word	1196
ARM GAS  /tmp/ccWclncs.s 			page 170


 7325 0eec B8040000 		.word	1208
 7326 0ef0 C3040000 		.word	1219
 7327 0ef4 CF040000 		.word	1231
 7328 0ef8 DA040000 		.word	1242
 7329 0efc E6040000 		.word	1254
 7330 0f00 F1040000 		.word	1265
 7331 0f04 FD040000 		.word	1277
 7332 0f08 09050000 		.word	1289
 7333 0f0c 14050000 		.word	1300
 7334 0f10 20050000 		.word	1312
 7335 0f14 2C050000 		.word	1324
 7336 0f18 38050000 		.word	1336
 7337 0f1c 44050000 		.word	1348
 7338 0f20 4F050000 		.word	1359
 7339 0f24 5B050000 		.word	1371
 7340 0f28 67050000 		.word	1383
 7341 0f2c 73050000 		.word	1395
 7342 0f30 7F050000 		.word	1407
 7343 0f34 8B050000 		.word	1419
 7344 0f38 97050000 		.word	1431
 7345 0f3c A3050000 		.word	1443
 7346 0f40 AF050000 		.word	1455
 7347 0f44 BB050000 		.word	1467
 7348 0f48 C7050000 		.word	1479
 7349 0f4c D3050000 		.word	1491
 7350 0f50 DF050000 		.word	1503
 7351 0f54 EB050000 		.word	1515
 7352 0f58 F8050000 		.word	1528
 7353 0f5c 04060000 		.word	1540
 7354 0f60 10060000 		.word	1552
 7355 0f64 1C060000 		.word	1564
 7356 0f68 28060000 		.word	1576
 7357 0f6c 35060000 		.word	1589
 7358 0f70 41060000 		.word	1601
 7359 0f74 4D060000 		.word	1613
 7360 0f78 59060000 		.word	1625
 7361 0f7c 66060000 		.word	1638
 7362 0f80 72060000 		.word	1650
 7363 0f84 7E060000 		.word	1662
 7364 0f88 8B060000 		.word	1675
 7365 0f8c 97060000 		.word	1687
 7366 0f90 A4060000 		.word	1700
 7367 0f94 B0060000 		.word	1712
 7368 0f98 BC060000 		.word	1724
 7369 0f9c C9060000 		.word	1737
 7370 0fa0 D5060000 		.word	1749
 7371 0fa4 E2060000 		.word	1762
 7372 0fa8 EE060000 		.word	1774
 7373 0fac FB060000 		.word	1787
 7374 0fb0 07070000 		.word	1799
 7375 0fb4 14070000 		.word	1812
 7376 0fb8 20070000 		.word	1824
 7377 0fbc 2D070000 		.word	1837
 7378 0fc0 39070000 		.word	1849
 7379 0fc4 46070000 		.word	1862
 7380 0fc8 52070000 		.word	1874
 7381 0fcc 5F070000 		.word	1887
ARM GAS  /tmp/ccWclncs.s 			page 171


 7382 0fd0 6B070000 		.word	1899
 7383 0fd4 78070000 		.word	1912
 7384 0fd8 84070000 		.word	1924
 7385 0fdc 91070000 		.word	1937
 7386 0fe0 9D070000 		.word	1949
 7387 0fe4 AA070000 		.word	1962
 7388 0fe8 B7070000 		.word	1975
 7389 0fec C3070000 		.word	1987
 7390 0ff0 D0070000 		.word	2000
 7391 0ff4 DC070000 		.word	2012
 7392 0ff8 E9070000 		.word	2025
 7393 0ffc F5070000 		.word	2037
 7394              		.global	hdma_tim2_ch1
 7395              		.section	.bss.hdma_tim2_ch1,"aw",%nobits
 7396              		.align	2
 7399              	hdma_tim2_ch1:
 7400 0000 00000000 		.space	96
 7400      00000000 
 7400      00000000 
 7400      00000000 
 7400      00000000 
 7401              		.global	htim3
 7402              		.section	.bss.htim3,"aw",%nobits
 7403              		.align	2
 7406              	htim3:
 7407 0000 00000000 		.space	72
 7407      00000000 
 7407      00000000 
 7407      00000000 
 7407      00000000 
 7408              		.global	htim2
 7409              		.section	.bss.htim2,"aw",%nobits
 7410              		.align	2
 7413              	htim2:
 7414 0000 00000000 		.space	72
 7414      00000000 
 7414      00000000 
 7414      00000000 
 7414      00000000 
 7415              		.text
 7416              	.Letext0:
 7417              		.file 3 "Drivers/CMSIS/Device/ST/STM32F4xx/Include/stm32f446xx.h"
 7418              		.file 4 "/opt/st/stm32cubeide_1.19.0_2/plugins/com.st.stm32cube.ide.mcu.externaltools.gnu-tools-fo
 7419              		.file 5 "/opt/st/stm32cubeide_1.19.0_2/plugins/com.st.stm32cube.ide.mcu.externaltools.gnu-tools-fo
 7420              		.file 6 "Drivers/STM32F4xx_HAL_Driver/Inc/stm32f4xx_hal_def.h"
 7421              		.file 7 "Drivers/STM32F4xx_HAL_Driver/Inc/stm32f4xx_hal_rcc_ex.h"
 7422              		.file 8 "Drivers/STM32F4xx_HAL_Driver/Inc/stm32f4xx_hal_rcc.h"
 7423              		.file 9 "Drivers/STM32F4xx_HAL_Driver/Inc/stm32f4xx_hal_gpio.h"
 7424              		.file 10 "Drivers/STM32F4xx_HAL_Driver/Inc/stm32f4xx_hal_dma.h"
 7425              		.file 11 "Drivers/STM32F4xx_HAL_Driver/Inc/stm32f4xx_hal_tim.h"
 7426              		.file 12 "Core/Inc/main.h"
 7427              		.file 13 "Drivers/STM32F4xx_HAL_Driver/Inc/stm32f4xx_hal_tim_ex.h"
 7428              		.file 14 "Drivers/STM32F4xx_HAL_Driver/Inc/stm32f4xx_hal_cortex.h"
 7429              		.file 15 "Core/Inc/lcd_stm32f4.h"
 7430              		.file 16 "Drivers/STM32F4xx_HAL_Driver/Inc/stm32f4xx_hal.h"
 7431              		.file 17 "<built-in>"
ARM GAS  /tmp/ccWclncs.s 			page 172


DEFINED SYMBOLS
                            *ABS*:00000000 main.c
     /tmp/ccWclncs.s:21     .text.MX_GPIO_Init:00000000 $t
     /tmp/ccWclncs.s:26     .text.MX_GPIO_Init:00000000 MX_GPIO_Init
     /tmp/ccWclncs.s:192    .text.MX_GPIO_Init:000000d4 $d
     /tmp/ccWclncs.s:200    .text.MX_DMA_Init:00000000 $t
     /tmp/ccWclncs.s:205    .text.MX_DMA_Init:00000000 MX_DMA_Init
     /tmp/ccWclncs.s:254    .text.MX_DMA_Init:00000030 $d
     /tmp/ccWclncs.s:259    .rodata.EXTI0_IRQHandler.str1.4:00000000 $d
     /tmp/ccWclncs.s:278    .text.EXTI0_IRQHandler:00000000 $t
     /tmp/ccWclncs.s:284    .text.EXTI0_IRQHandler:00000000 EXTI0_IRQHandler
     /tmp/ccWclncs.s:349    .text.EXTI0_IRQHandler:00000052 $d
     /tmp/ccWclncs.s:355    .text.EXTI0_IRQHandler:00000058 $t
     /tmp/ccWclncs.s:481    .text.EXTI0_IRQHandler:00000118 $d
     /tmp/ccWclncs.s:1205   .bss.buttonLastPressed:00000000 buttonLastPressed
     /tmp/ccWclncs.s:7413   .bss.htim2:00000000 htim2
     /tmp/ccWclncs.s:7399   .bss.hdma_tim2_ch1:00000000 hdma_tim2_ch1
     /tmp/ccWclncs.s:1212   .bss.currentLUT:00000000 currentLUT
     /tmp/ccWclncs.s:1191   .data.DestAddress:00000000 DestAddress
     /tmp/ccWclncs.s:6369   .data.Sin_LUT:00000000 Sin_LUT
     /tmp/ccWclncs.s:5339   .data.Saw_LUT:00000000 Saw_LUT
     /tmp/ccWclncs.s:4309   .data.Triangle_LUT:00000000 Triangle_LUT
     /tmp/ccWclncs.s:3279   .data.Piano_LUT:00000000 Piano_LUT
     /tmp/ccWclncs.s:2249   .data.Guitar_LUT:00000000 Guitar_LUT
     /tmp/ccWclncs.s:1219   .data.Drum_LUT:00000000 Drum_LUT
     /tmp/ccWclncs.s:503    .text.Error_Handler:00000000 $t
     /tmp/ccWclncs.s:509    .text.Error_Handler:00000000 Error_Handler
     /tmp/ccWclncs.s:541    .text.MX_TIM2_Init:00000000 $t
     /tmp/ccWclncs.s:546    .text.MX_TIM2_Init:00000000 MX_TIM2_Init
     /tmp/ccWclncs.s:776    .text.MX_TIM2_Init:000000fc $d
     /tmp/ccWclncs.s:1198   .data.TIM2_Ticks:00000000 TIM2_Ticks
     /tmp/ccWclncs.s:785    .text.MX_TIM3_Init:00000000 $t
     /tmp/ccWclncs.s:790    .text.MX_TIM3_Init:00000000 MX_TIM3_Init
     /tmp/ccWclncs.s:943    .text.MX_TIM3_Init:0000009c $d
     /tmp/ccWclncs.s:7406   .bss.htim3:00000000 htim3
     /tmp/ccWclncs.s:949    .text.SystemClock_Config:00000000 $t
     /tmp/ccWclncs.s:955    .text.SystemClock_Config:00000000 SystemClock_Config
     /tmp/ccWclncs.s:1084   .text.SystemClock_Config:00000084 $d
     /tmp/ccWclncs.s:1090   .text.main:00000000 $t
     /tmp/ccWclncs.s:1096   .text.main:00000000 main
     /tmp/ccWclncs.s:1177   .text.main:00000064 $d
     /tmp/ccWclncs.s:1188   .data.DestAddress:00000000 $d
     /tmp/ccWclncs.s:1195   .data.TIM2_Ticks:00000000 $d
     /tmp/ccWclncs.s:1202   .bss.buttonLastPressed:00000000 $d
     /tmp/ccWclncs.s:1209   .bss.currentLUT:00000000 $d
     /tmp/ccWclncs.s:1216   .data.Drum_LUT:00000000 $d
     /tmp/ccWclncs.s:2246   .data.Guitar_LUT:00000000 $d
     /tmp/ccWclncs.s:3276   .data.Piano_LUT:00000000 $d
     /tmp/ccWclncs.s:4306   .data.Triangle_LUT:00000000 $d
     /tmp/ccWclncs.s:5336   .data.Saw_LUT:00000000 $d
     /tmp/ccWclncs.s:6366   .data.Sin_LUT:00000000 $d
     /tmp/ccWclncs.s:7396   .bss.hdma_tim2_ch1:00000000 $d
     /tmp/ccWclncs.s:7403   .bss.htim3:00000000 $d
     /tmp/ccWclncs.s:7410   .bss.htim2:00000000 $d

UNDEFINED SYMBOLS
HAL_GPIO_Init
ARM GAS  /tmp/ccWclncs.s 			page 173


HAL_GPIO_WritePin
HAL_NVIC_SetPriority
HAL_NVIC_EnableIRQ
HAL_GPIO_EXTI_IRQHandler
HAL_GetTick
HAL_DMA_Abort_IT
lcd_command
lcd_putstring
HAL_DMA_Start_IT
HAL_TIM_Base_Init
HAL_TIM_ConfigClockSource
HAL_TIM_OC_Init
HAL_TIMEx_MasterConfigSynchronization
HAL_TIM_OC_ConfigChannel
HAL_DMA_Init
HAL_TIM_PWM_Init
HAL_TIM_PWM_ConfigChannel
HAL_TIM_MspPostInit
memset
HAL_RCC_OscConfig
HAL_RCC_ClockConfig
HAL_Init
init_LCD
HAL_TIM_PWM_Start
HAL_TIM_OC_Start
