ARM GAS  /tmp/ccaG7QLp.s 			page 1


   1              		.cpu cortex-m4
   2              		.arch armv7e-m
   3              		.fpu softvfp
   4              		.eabi_attribute 20, 1
   5              		.eabi_attribute 21, 1
   6              		.eabi_attribute 23, 3
   7              		.eabi_attribute 24, 1
   8              		.eabi_attribute 25, 1
   9              		.eabi_attribute 26, 1
  10              		.eabi_attribute 30, 1
  11              		.eabi_attribute 34, 1
  12              		.eabi_attribute 18, 4
  13              		.file	"main.c"
  14              		.text
  15              	.Ltext0:
  16              		.cfi_sections	.debug_frame
  17              		.file 1 "Core/Src/main.c"
  18              		.section	.text.MX_GPIO_Init,"ax",%progbits
  19              		.align	1
  20              		.syntax unified
  21              		.thumb
  22              		.thumb_func
  24              	MX_GPIO_Init:
  25              	.LFB136:
   1:Core/Src/main.c **** /* USER CODE BEGIN Header */
   2:Core/Src/main.c **** /**
   3:Core/Src/main.c ****   ******************************************************************************
   4:Core/Src/main.c ****   * @file           : main.c
   5:Core/Src/main.c ****   * @brief          : Main program body
   6:Core/Src/main.c ****   ******************************************************************************
   7:Core/Src/main.c ****   * @attention
   8:Core/Src/main.c ****   *
   9:Core/Src/main.c ****   * Copyright (c) 2025 STMicroelectronics.
  10:Core/Src/main.c ****   * All rights reserved.
  11:Core/Src/main.c ****   *
  12:Core/Src/main.c ****   * This software is licensed under terms that can be found in the LICENSE file
  13:Core/Src/main.c ****   * in the root directory of this software component.
  14:Core/Src/main.c ****   * If no LICENSE file comes with this software, it is provided AS-IS.
  15:Core/Src/main.c ****   *
  16:Core/Src/main.c ****   ******************************************************************************
  17:Core/Src/main.c ****   */
  18:Core/Src/main.c **** /* USER CODE END Header */
  19:Core/Src/main.c **** /* Includes ------------------------------------------------------------------*/
  20:Core/Src/main.c **** #include "main.h"
  21:Core/Src/main.c **** 
  22:Core/Src/main.c **** /* Private includes ----------------------------------------------------------*/
  23:Core/Src/main.c **** /* USER CODE BEGIN Includes */
  24:Core/Src/main.c **** #include <stdint.h>
  25:Core/Src/main.c **** #include "stm32f4xx.h"
  26:Core/Src/main.c **** /* USER CODE END Includes */
  27:Core/Src/main.c **** 
  28:Core/Src/main.c **** /* Private typedef -----------------------------------------------------------*/
  29:Core/Src/main.c **** /* USER CODE BEGIN PTD */
  30:Core/Src/main.c **** #define MAX_ITER 100
  31:Core/Src/main.c **** /* USER CODE END PTD */
  32:Core/Src/main.c **** 
  33:Core/Src/main.c **** /* Private define ------------------------------------------------------------*/
ARM GAS  /tmp/ccaG7QLp.s 			page 2


  34:Core/Src/main.c **** /* USER CODE BEGIN PD */
  35:Core/Src/main.c **** 
  36:Core/Src/main.c **** /* USER CODE END PD */
  37:Core/Src/main.c **** 
  38:Core/Src/main.c **** /* Private macro -------------------------------------------------------------*/
  39:Core/Src/main.c **** /* USER CODE BEGIN PM */
  40:Core/Src/main.c **** 
  41:Core/Src/main.c **** /* USER CODE END PM */
  42:Core/Src/main.c **** 
  43:Core/Src/main.c **** /* Private variables ---------------------------------------------------------*/
  44:Core/Src/main.c **** 
  45:Core/Src/main.c **** /* USER CODE BEGIN PV */
  46:Core/Src/main.c **** //TODO: Define and initialise the global varibales required
  47:Core/Src/main.c **** int image_widths[] = {128, 160, 192, 224, 256};
  48:Core/Src/main.c **** int image_heights[] = {128, 160, 192, 224, 256};
  49:Core/Src/main.c **** int MAX_ITERS = 100;
  50:Core/Src/main.c **** 
  51:Core/Src/main.c **** #define SYSTICK_LOAD_VAL 0x00FFFFFF
  52:Core/Src/main.c **** 
  53:Core/Src/main.c **** typedef struct {
  54:Core/Src/main.c **** 	int image_size;
  55:Core/Src/main.c **** 	uint64_t wall_clock_time_ms;
  56:Core/Src/main.c **** 	uint64_t checksum;
  57:Core/Src/main.c **** } benchmark_results;
  58:Core/Src/main.c **** 
  59:Core/Src/main.c **** 
  60:Core/Src/main.c **** int completed_executions = 0;
  61:Core/Src/main.c **** uint32_t start_time = 0;
  62:Core/Src/main.c **** uint32_t end_time = 0;
  63:Core/Src/main.c **** uint32_t start_cycles = 0;
  64:Core/Src/main.c **** uint32_t end_cycles = 0;
  65:Core/Src/main.c **** benchmark_results results[5];
  66:Core/Src/main.c **** volatile int currentIteration = 0;
  67:Core/Src/main.c **** /*
  68:Core/Src/main.c ****   start_time
  69:Core/Src/main.c ****   end_time
  70:Core/Src/main.c ****   execution_time
  71:Core/Src/main.c ****   checksum: should be uint64_t
  72:Core/Src/main.c ****   initial width and height maybe or you might opt for an array??
  73:Core/Src/main.c **** */
  74:Core/Src/main.c **** 
  75:Core/Src/main.c **** /* USER CODE END PV */
  76:Core/Src/main.c **** 
  77:Core/Src/main.c **** /* Private function prototypes -----------------------------------------------*/
  78:Core/Src/main.c **** void SystemClock_Config(void);
  79:Core/Src/main.c **** static void MX_GPIO_Init(void);
  80:Core/Src/main.c **** /* USER CODE BEGIN PFP */
  81:Core/Src/main.c **** uint64_t calculate_mandelbrot_fixed_point_arithmetic(int width, int height, int max_iterations);
  82:Core/Src/main.c **** uint64_t calculate_mandelbrot_fixed_point_arithmetic_split(int width, int height, int max_iteration
  83:Core/Src/main.c **** uint64_t calculate_mandelbrot_double(int width, int height, int max_iterations);
  84:Core/Src/main.c **** 
  85:Core/Src/main.c **** uint32_t get_cycle_count();
  86:Core/Src/main.c **** float calculate_throughput(int width, int height, uint32_t time_ms);
  87:Core/Src/main.c **** /* USER CODE END PFP */
  88:Core/Src/main.c **** 
  89:Core/Src/main.c **** /* Private user code ---------------------------------------------------------*/
  90:Core/Src/main.c **** /* USER CODE BEGIN 0 */
ARM GAS  /tmp/ccaG7QLp.s 			page 3


  91:Core/Src/main.c **** 
  92:Core/Src/main.c **** /* USER CODE END 0 */
  93:Core/Src/main.c **** 
  94:Core/Src/main.c **** /**
  95:Core/Src/main.c ****   * @brief  The application entry point.
  96:Core/Src/main.c ****   * @retval int
  97:Core/Src/main.c ****   */
  98:Core/Src/main.c **** int main(void)
  99:Core/Src/main.c **** {
 100:Core/Src/main.c ****   /* USER CODE BEGIN 1 */
 101:Core/Src/main.c **** 
 102:Core/Src/main.c ****   /* USER CODE END 1 */
 103:Core/Src/main.c **** 
 104:Core/Src/main.c ****   /* MCU Configuration--------------------------------------------------------*/
 105:Core/Src/main.c **** 
 106:Core/Src/main.c ****   /* Reset of all peripherals, Initializes the Flash interface and the Systick. */
 107:Core/Src/main.c ****   HAL_Init();
 108:Core/Src/main.c **** 
 109:Core/Src/main.c ****   /* USER CODE BEGIN Init */
 110:Core/Src/main.c **** 
 111:Core/Src/main.c ****   /* USER CODE END Init */
 112:Core/Src/main.c **** 
 113:Core/Src/main.c ****   /* Configure the system clock */
 114:Core/Src/main.c ****   SystemClock_Config();
 115:Core/Src/main.c **** 
 116:Core/Src/main.c ****   /* USER CODE BEGIN SysInit */
 117:Core/Src/main.c **** 
 118:Core/Src/main.c ****   /* USER CODE END SysInit */
 119:Core/Src/main.c **** 
 120:Core/Src/main.c ****   /* Initialize all configured peripherals */
 121:Core/Src/main.c ****   MX_GPIO_Init();
 122:Core/Src/main.c ****   /* USER CODE BEGIN 2 */
 123:Core/Src/main.c ****   //TODO: Turn on LED 0 to signify the start of the operation
 124:Core/Src/main.c ****   HAL_GPIO_WritePin(GPIOB, GPIO_PIN_0, GPIO_PIN_SET);
 125:Core/Src/main.c **** 
 126:Core/Src/main.c ****   for (int i = 0; i < 5; i++){
 127:Core/Src/main.c **** 
 128:Core/Src/main.c **** 	  int width = image_widths[i];
 129:Core/Src/main.c **** 	  int height = image_heights[i];
 130:Core/Src/main.c **** 
 131:Core/Src/main.c **** 	  // memory check
 132:Core/Src/main.c **** 	  uint32_t required_memory = width * height * sizeof(int32_t) * 2;
 133:Core/Src/main.c **** 
 134:Core/Src/main.c **** 	  //TODO: Record the start time
 135:Core/Src/main.c **** 	  start_time = HAL_GetTick();
 136:Core/Src/main.c **** 	  start_cycles = get_cycle_count();
 137:Core/Src/main.c **** 
 138:Core/Src/main.c **** 
 139:Core/Src/main.c **** 	  //TODO: Call the Mandelbrot Function and store the output in the checksum variable defined initi
 140:Core/Src/main.c **** 	  //uint64_t checksum = calculate_mandelbrot_double(width, height, MAX_ITER);
 141:Core/Src/main.c **** 	  uint64_t checksum = calculate_mandelbrot_double(width, height, MAX_ITERS);
 142:Core/Src/main.c **** 
 143:Core/Src/main.c **** 
 144:Core/Src/main.c **** 	  //TODO: Record the end time
 145:Core/Src/main.c **** 	  end_cycles = get_cycle_count();
 146:Core/Src/main.c **** 	  end_time = HAL_GetTick();
 147:Core/Src/main.c **** 
ARM GAS  /tmp/ccaG7QLp.s 			page 4


 148:Core/Src/main.c **** 	  uint32_t wall_clock_time = (uint32_t)(end_time - start_time);
 149:Core/Src/main.c **** 
 150:Core/Src/main.c **** 	  results[i].image_size = image_widths[i];
 151:Core/Src/main.c **** 	  results[i].wall_clock_time_ms = wall_clock_time;
 152:Core/Src/main.c **** 	  results[i].checksum = checksum;
 153:Core/Src/main.c **** 
 154:Core/Src/main.c **** 
 155:Core/Src/main.c **** 	  //TODO: Calculate the execution time
 156:Core/Src/main.c **** 
 157:Core/Src/main.c **** 
 158:Core/Src/main.c **** 	  //TODO: Turn on LED 1 to signify the end of the operation
 159:Core/Src/main.c **** 	  HAL_GPIO_WritePin(GPIOB, GPIO_PIN_1, GPIO_PIN_SET);
 160:Core/Src/main.c **** 
 161:Core/Src/main.c **** 	  //TODO: Hold the LEDs on for a 1s delay
 162:Core/Src/main.c **** 	  HAL_Delay(1000);
 163:Core/Src/main.c **** 
 164:Core/Src/main.c **** 	  //TODO: Turn off the LEDs
 165:Core/Src/main.c **** 	  HAL_GPIO_WritePin(GPIOB, GPIO_PIN_1, GPIO_PIN_RESET);
 166:Core/Src/main.c **** 
 167:Core/Src/main.c ****   }
 168:Core/Src/main.c **** 
 169:Core/Src/main.c ****   //TODO: Turn off all LEDs
 170:Core/Src/main.c ****   HAL_GPIO_WritePin(GPIOB, GPIO_PIN_0, GPIO_PIN_RESET);
 171:Core/Src/main.c **** 
 172:Core/Src/main.c **** 
 173:Core/Src/main.c ****   /* USER CODE END 2 */
 174:Core/Src/main.c **** 
 175:Core/Src/main.c ****   /* Infinite loop */
 176:Core/Src/main.c ****   /* USER CODE BEGIN WHILE */
 177:Core/Src/main.c ****   while (1)
 178:Core/Src/main.c ****   {
 179:Core/Src/main.c ****     /* USER CODE END WHILE */
 180:Core/Src/main.c **** 	  HAL_GPIO_WritePin(GPIOB, GPIO_PIN_0, GPIO_PIN_RESET);
 181:Core/Src/main.c ****     /* USER CODE BEGIN 3 */
 182:Core/Src/main.c ****   }
 183:Core/Src/main.c ****   /* USER CODE END 3 */
 184:Core/Src/main.c **** }
 185:Core/Src/main.c **** 
 186:Core/Src/main.c **** /**
 187:Core/Src/main.c ****   * @brief System Clock Configuration
 188:Core/Src/main.c ****   * @retval None
 189:Core/Src/main.c ****   */
 190:Core/Src/main.c **** void SystemClock_Config(void)
 191:Core/Src/main.c **** {
 192:Core/Src/main.c ****   RCC_OscInitTypeDef RCC_OscInitStruct = {0};
 193:Core/Src/main.c ****   RCC_ClkInitTypeDef RCC_ClkInitStruct = {0};
 194:Core/Src/main.c **** 
 195:Core/Src/main.c ****   /** Initializes the RCC Oscillators according to the specified parameters
 196:Core/Src/main.c ****   * in the RCC_OscInitTypeDef structure.
 197:Core/Src/main.c ****   */
 198:Core/Src/main.c ****   RCC_OscInitStruct.OscillatorType = RCC_OSCILLATORTYPE_HSI;
 199:Core/Src/main.c ****   RCC_OscInitStruct.HSIState = RCC_HSI_ON;
 200:Core/Src/main.c ****   RCC_OscInitStruct.HSICalibrationValue = RCC_HSICALIBRATION_DEFAULT;
 201:Core/Src/main.c ****   RCC_OscInitStruct.PLL.PLLState = RCC_PLL_NONE;
 202:Core/Src/main.c ****   if (HAL_RCC_OscConfig(&RCC_OscInitStruct) != HAL_OK)
 203:Core/Src/main.c ****   {
 204:Core/Src/main.c ****     Error_Handler();
ARM GAS  /tmp/ccaG7QLp.s 			page 5


 205:Core/Src/main.c ****   }
 206:Core/Src/main.c **** 
 207:Core/Src/main.c ****   /** Initializes the CPU, AHB and APB buses clocks
 208:Core/Src/main.c ****   */
 209:Core/Src/main.c ****   RCC_ClkInitStruct.ClockType = RCC_CLOCKTYPE_HCLK|RCC_CLOCKTYPE_SYSCLK
 210:Core/Src/main.c ****                               |RCC_CLOCKTYPE_PCLK1;
 211:Core/Src/main.c ****   RCC_ClkInitStruct.SYSCLKSource = RCC_SYSCLKSOURCE_HSI;
 212:Core/Src/main.c ****   RCC_ClkInitStruct.AHBCLKDivider = RCC_SYSCLK_DIV1;
 213:Core/Src/main.c ****   RCC_ClkInitStruct.APB1CLKDivider = RCC_HCLK_DIV1;
 214:Core/Src/main.c **** 
 215:Core/Src/main.c ****   if (HAL_RCC_ClockConfig(&RCC_ClkInitStruct, FLASH_LATENCY_0) != HAL_OK)
 216:Core/Src/main.c ****   {
 217:Core/Src/main.c ****     Error_Handler();
 218:Core/Src/main.c ****   }
 219:Core/Src/main.c **** }
 220:Core/Src/main.c **** 
 221:Core/Src/main.c **** /**
 222:Core/Src/main.c ****   * @brief GPIO Initialization Function
 223:Core/Src/main.c ****   * @param None
 224:Core/Src/main.c ****   * @retval None
 225:Core/Src/main.c ****   */
 226:Core/Src/main.c **** static void MX_GPIO_Init(void)
 227:Core/Src/main.c **** {
  26              		.loc 1 227 1 view -0
  27              		.cfi_startproc
  28              		@ args = 0, pretend = 0, frame = 32
  29              		@ frame_needed = 0, uses_anonymous_args = 0
  30 0000 30B5     		push	{r4, r5, lr}
  31              	.LCFI0:
  32              		.cfi_def_cfa_offset 12
  33              		.cfi_offset 4, -12
  34              		.cfi_offset 5, -8
  35              		.cfi_offset 14, -4
  36 0002 89B0     		sub	sp, sp, #36
  37              	.LCFI1:
  38              		.cfi_def_cfa_offset 48
 228:Core/Src/main.c ****   GPIO_InitTypeDef GPIO_InitStruct = {0};
  39              		.loc 1 228 3 view .LVU1
  40              		.loc 1 228 20 is_stmt 0 view .LVU2
  41 0004 0024     		movs	r4, #0
  42 0006 0394     		str	r4, [sp, #12]
  43 0008 0494     		str	r4, [sp, #16]
  44 000a 0594     		str	r4, [sp, #20]
  45 000c 0694     		str	r4, [sp, #24]
  46 000e 0794     		str	r4, [sp, #28]
 229:Core/Src/main.c **** /* USER CODE BEGIN MX_GPIO_Init_1 */
 230:Core/Src/main.c **** /* USER CODE END MX_GPIO_Init_1 */
 231:Core/Src/main.c **** 
 232:Core/Src/main.c ****   /* GPIO Ports Clock Enable */
 233:Core/Src/main.c ****   __HAL_RCC_GPIOB_CLK_ENABLE();
  47              		.loc 1 233 3 is_stmt 1 view .LVU3
  48              	.LBB4:
  49              		.loc 1 233 3 view .LVU4
  50 0010 0194     		str	r4, [sp, #4]
  51              		.loc 1 233 3 view .LVU5
  52 0012 134B     		ldr	r3, .L3
  53 0014 1A6B     		ldr	r2, [r3, #48]
ARM GAS  /tmp/ccaG7QLp.s 			page 6


  54 0016 42F00202 		orr	r2, r2, #2
  55 001a 1A63     		str	r2, [r3, #48]
  56              		.loc 1 233 3 view .LVU6
  57 001c 1A6B     		ldr	r2, [r3, #48]
  58 001e 02F00202 		and	r2, r2, #2
  59 0022 0192     		str	r2, [sp, #4]
  60              		.loc 1 233 3 view .LVU7
  61 0024 019A     		ldr	r2, [sp, #4]
  62              	.LBE4:
  63              		.loc 1 233 3 view .LVU8
 234:Core/Src/main.c ****   __HAL_RCC_GPIOA_CLK_ENABLE();
  64              		.loc 1 234 3 view .LVU9
  65              	.LBB5:
  66              		.loc 1 234 3 view .LVU10
  67 0026 0294     		str	r4, [sp, #8]
  68              		.loc 1 234 3 view .LVU11
  69 0028 1A6B     		ldr	r2, [r3, #48]
  70 002a 42F00102 		orr	r2, r2, #1
  71 002e 1A63     		str	r2, [r3, #48]
  72              		.loc 1 234 3 view .LVU12
  73 0030 1B6B     		ldr	r3, [r3, #48]
  74 0032 03F00103 		and	r3, r3, #1
  75 0036 0293     		str	r3, [sp, #8]
  76              		.loc 1 234 3 view .LVU13
  77 0038 029B     		ldr	r3, [sp, #8]
  78              	.LBE5:
  79              		.loc 1 234 3 view .LVU14
 235:Core/Src/main.c **** 
 236:Core/Src/main.c ****   /*Configure GPIO pin Output Level */
 237:Core/Src/main.c ****   HAL_GPIO_WritePin(GPIOB, GPIO_PIN_0|GPIO_PIN_1, GPIO_PIN_RESET);
  80              		.loc 1 237 3 view .LVU15
  81 003a 0A4D     		ldr	r5, .L3+4
  82 003c 2246     		mov	r2, r4
  83 003e 0321     		movs	r1, #3
  84 0040 2846     		mov	r0, r5
  85 0042 FFF7FEFF 		bl	HAL_GPIO_WritePin
  86              	.LVL0:
 238:Core/Src/main.c **** 
 239:Core/Src/main.c ****   /*Configure GPIO pins : PB0 PB1 */
 240:Core/Src/main.c ****   GPIO_InitStruct.Pin = GPIO_PIN_0|GPIO_PIN_1;
  87              		.loc 1 240 3 view .LVU16
  88              		.loc 1 240 23 is_stmt 0 view .LVU17
  89 0046 0323     		movs	r3, #3
  90 0048 0393     		str	r3, [sp, #12]
 241:Core/Src/main.c ****   GPIO_InitStruct.Mode = GPIO_MODE_OUTPUT_PP;
  91              		.loc 1 241 3 is_stmt 1 view .LVU18
  92              		.loc 1 241 24 is_stmt 0 view .LVU19
  93 004a 0123     		movs	r3, #1
  94 004c 0493     		str	r3, [sp, #16]
 242:Core/Src/main.c ****   GPIO_InitStruct.Pull = GPIO_NOPULL;
  95              		.loc 1 242 3 is_stmt 1 view .LVU20
  96              		.loc 1 242 24 is_stmt 0 view .LVU21
  97 004e 0594     		str	r4, [sp, #20]
 243:Core/Src/main.c ****   GPIO_InitStruct.Speed = GPIO_SPEED_FREQ_LOW;
  98              		.loc 1 243 3 is_stmt 1 view .LVU22
  99              		.loc 1 243 25 is_stmt 0 view .LVU23
 100 0050 0694     		str	r4, [sp, #24]
ARM GAS  /tmp/ccaG7QLp.s 			page 7


 244:Core/Src/main.c ****   HAL_GPIO_Init(GPIOB, &GPIO_InitStruct);
 101              		.loc 1 244 3 is_stmt 1 view .LVU24
 102 0052 03A9     		add	r1, sp, #12
 103 0054 2846     		mov	r0, r5
 104 0056 FFF7FEFF 		bl	HAL_GPIO_Init
 105              	.LVL1:
 245:Core/Src/main.c **** 
 246:Core/Src/main.c **** /* USER CODE BEGIN MX_GPIO_Init_2 */
 247:Core/Src/main.c **** /* USER CODE END MX_GPIO_Init_2 */
 248:Core/Src/main.c **** }
 106              		.loc 1 248 1 is_stmt 0 view .LVU25
 107 005a 09B0     		add	sp, sp, #36
 108              	.LCFI2:
 109              		.cfi_def_cfa_offset 12
 110              		@ sp needed
 111 005c 30BD     		pop	{r4, r5, pc}
 112              	.L4:
 113 005e 00BF     		.align	2
 114              	.L3:
 115 0060 00380240 		.word	1073887232
 116 0064 00040240 		.word	1073873920
 117              		.cfi_endproc
 118              	.LFE136:
 120              		.section	.text.get_cycle_count,"ax",%progbits
 121              		.align	1
 122              		.global	get_cycle_count
 123              		.syntax unified
 124              		.thumb
 125              		.thumb_func
 127              	get_cycle_count:
 128              	.LFB137:
 249:Core/Src/main.c **** 
 250:Core/Src/main.c **** /* USER CODE BEGIN 4 */
 251:Core/Src/main.c **** 
 252:Core/Src/main.c **** 
 253:Core/Src/main.c **** uint32_t get_cycle_count(void){
 129              		.loc 1 253 31 is_stmt 1 view -0
 130              		.cfi_startproc
 131              		@ args = 0, pretend = 0, frame = 0
 132              		@ frame_needed = 0, uses_anonymous_args = 0
 133 0000 08B5     		push	{r3, lr}
 134              	.LCFI3:
 135              		.cfi_def_cfa_offset 8
 136              		.cfi_offset 3, -8
 137              		.cfi_offset 14, -4
 254:Core/Src/main.c **** 	return (SYSTICK_LOAD_VAL - SysTick->VAL) + (HAL_GetTick()*SYSTICK_LOAD_VAL);
 138              		.loc 1 254 2 view .LVU27
 139              		.loc 1 254 46 is_stmt 0 view .LVU28
 140 0002 FFF7FEFF 		bl	HAL_GetTick
 141              	.LVL2:
 142              		.loc 1 254 59 discriminator 1 view .LVU29
 143 0006 C0EB0060 		rsb	r0, r0, r0, lsl #24
 144              		.loc 1 254 36 discriminator 1 view .LVU30
 145 000a 4FF0E023 		mov	r3, #-536813568
 146 000e 9B69     		ldr	r3, [r3, #24]
 147              		.loc 1 254 43 discriminator 1 view .LVU31
 148 0010 C01A     		subs	r0, r0, r3
ARM GAS  /tmp/ccaG7QLp.s 			page 8


 255:Core/Src/main.c **** }
 149              		.loc 1 255 1 view .LVU32
 150 0012 00F1FF10 		add	r0, r0, #16711935
 151 0016 00F57F40 		add	r0, r0, #65280
 152 001a 08BD     		pop	{r3, pc}
 153              		.cfi_endproc
 154              	.LFE137:
 156              		.global	__aeabi_i2f
 157              		.global	__aeabi_ui2f
 158              		.global	__aeabi_fdiv
 159              		.section	.text.calculate_throughput,"ax",%progbits
 160              		.align	1
 161              		.global	calculate_throughput
 162              		.syntax unified
 163              		.thumb
 164              		.thumb_func
 166              	calculate_throughput:
 167              	.LVL3:
 168              	.LFB138:
 256:Core/Src/main.c **** 
 257:Core/Src/main.c **** float calculate_throughput(int width, int height, uint32_t time_ms){
 169              		.loc 1 257 68 is_stmt 1 view -0
 170              		.cfi_startproc
 171              		@ args = 0, pretend = 0, frame = 0
 172              		@ frame_needed = 0, uses_anonymous_args = 0
 258:Core/Src/main.c **** 	if (time_ms == 0){
 173              		.loc 1 258 2 view .LVU34
 174              		.loc 1 258 5 is_stmt 0 view .LVU35
 175 0000 8AB1     		cbz	r2, .L9
 257:Core/Src/main.c **** 	if (time_ms == 0){
 176              		.loc 1 257 68 view .LVU36
 177 0002 38B5     		push	{r3, r4, r5, lr}
 178              	.LCFI4:
 179              		.cfi_def_cfa_offset 16
 180              		.cfi_offset 3, -16
 181              		.cfi_offset 4, -12
 182              		.cfi_offset 5, -8
 183              		.cfi_offset 14, -4
 184 0004 1546     		mov	r5, r2
 259:Core/Src/main.c **** 		// division by zero
 260:Core/Src/main.c **** 		return 0.0f;
 261:Core/Src/main.c **** 	}
 262:Core/Src/main.c **** 	return ((float)(width*height))/((float)(time_ms)/1000.0f);
 185              		.loc 1 262 2 is_stmt 1 view .LVU37
 186              		.loc 1 262 10 is_stmt 0 view .LVU38
 187 0006 01FB00F0 		mul	r0, r1, r0
 188              	.LVL4:
 189              		.loc 1 262 10 view .LVU39
 190 000a FFF7FEFF 		bl	__aeabi_i2f
 191              	.LVL5:
 192              		.loc 1 262 10 view .LVU40
 193 000e 0446     		mov	r4, r0
 194              		.loc 1 262 34 view .LVU41
 195 0010 2846     		mov	r0, r5
 196 0012 FFF7FEFF 		bl	__aeabi_ui2f
 197              	.LVL6:
 198              		.loc 1 262 50 view .LVU42
ARM GAS  /tmp/ccaG7QLp.s 			page 9


 199 0016 0549     		ldr	r1, .L14
 200 0018 FFF7FEFF 		bl	__aeabi_fdiv
 201              	.LVL7:
 202 001c 0146     		mov	r1, r0
 203              		.loc 1 262 32 view .LVU43
 204 001e 2046     		mov	r0, r4
 205 0020 FFF7FEFF 		bl	__aeabi_fdiv
 206              	.LVL8:
 263:Core/Src/main.c **** }
 207              		.loc 1 263 1 view .LVU44
 208 0024 38BD     		pop	{r3, r4, r5, pc}
 209              	.LVL9:
 210              	.L9:
 211              	.LCFI5:
 212              		.cfi_def_cfa_offset 0
 213              		.cfi_restore 3
 214              		.cfi_restore 4
 215              		.cfi_restore 5
 216              		.cfi_restore 14
 260:Core/Src/main.c **** 	}
 217              		.loc 1 260 10 view .LVU45
 218 0026 0020     		movs	r0, #0
 219              	.LVL10:
 220              		.loc 1 263 1 view .LVU46
 221 0028 7047     		bx	lr
 222              	.L15:
 223 002a 00BF     		.align	2
 224              	.L14:
 225 002c 00007A44 		.word	1148846080
 226              		.cfi_endproc
 227              	.LFE138:
 229              		.global	__aeabi_ldivmod
 230              		.section	.text.calculate_mandelbrot_fixed_point_arithmetic,"ax",%progbits
 231              		.align	1
 232              		.global	calculate_mandelbrot_fixed_point_arithmetic
 233              		.syntax unified
 234              		.thumb
 235              		.thumb_func
 237              	calculate_mandelbrot_fixed_point_arithmetic:
 238              	.LVL11:
 239              	.LFB139:
 264:Core/Src/main.c **** 
 265:Core/Src/main.c **** //TODO: Mandelbroat using variable type integers and fixed point arithmetic
 266:Core/Src/main.c **** uint64_t calculate_mandelbrot_fixed_point_arithmetic(int width, int height, int max_iterations){
 240              		.loc 1 266 96 is_stmt 1 view -0
 241              		.cfi_startproc
 242              		@ args = 0, pretend = 0, frame = 24
 243              		@ frame_needed = 0, uses_anonymous_args = 0
 244              		.loc 1 266 96 is_stmt 0 view .LVU48
 245 0000 2DE9F04F 		push	{r4, r5, r6, r7, r8, r9, r10, fp, lr}
 246              	.LCFI6:
 247              		.cfi_def_cfa_offset 36
 248              		.cfi_offset 4, -36
 249              		.cfi_offset 5, -32
 250              		.cfi_offset 6, -28
 251              		.cfi_offset 7, -24
 252              		.cfi_offset 8, -20
ARM GAS  /tmp/ccaG7QLp.s 			page 10


 253              		.cfi_offset 9, -16
 254              		.cfi_offset 10, -12
 255              		.cfi_offset 11, -8
 256              		.cfi_offset 14, -4
 257 0004 87B0     		sub	sp, sp, #28
 258              	.LCFI7:
 259              		.cfi_def_cfa_offset 64
 260 0006 1546     		mov	r5, r2
 267:Core/Src/main.c ****     uint64_t mandelbrot_sum = 0;
 261              		.loc 1 267 5 is_stmt 1 view .LVU49
 262              	.LVL12:
 268:Core/Src/main.c **** 
 269:Core/Src/main.c ****     //TODO: Complete the function implementation
 270:Core/Src/main.c ****     const int32_t SCALE = 1 << 16;
 263              		.loc 1 270 5 view .LVU50
 271:Core/Src/main.c ****     const int32_t ESCAPE = 4 * SCALE;
 264              		.loc 1 271 5 view .LVU51
 272:Core/Src/main.c **** 
 273:Core/Src/main.c ****     for (int y = 0; y < height; y++){
 265              		.loc 1 273 5 view .LVU52
 266              	.LBB6:
 267              		.loc 1 273 10 view .LVU53
 268              		.loc 1 273 14 is_stmt 0 view .LVU54
 269 0008 4FF0000A 		mov	r10, #0
 270              	.LBE6:
 267:Core/Src/main.c **** 
 271              		.loc 1 267 14 view .LVU55
 272 000c CDF804A0 		str	r10, [sp, #4]
 273 0010 5746     		mov	r7, r10
 274 0012 D346     		mov	fp, r10
 275 0014 8246     		mov	r10, r0
 276 0016 0591     		str	r1, [sp, #20]
 277 0018 3E46     		mov	r6, r7
 278              	.LBB13:
 279              		.loc 1 273 5 view .LVU56
 280 001a 70E0     		b	.L17
 281              	.LVL13:
 282              	.L25:
 283              	.LBB7:
 284              	.LBB8:
 285              	.LBB9:
 274:Core/Src/main.c ****     	for (int x = 0; x < width; x++){
 275:Core/Src/main.c ****     		int32_t x0 = (int32_t)(((int64_t)x * (int64_t)(3.5f * SCALE)) / width - (int64_t)(2.5f * SCAL
 276:Core/Src/main.c ****     		int32_t y0 = (int32_t)(((int64_t)y * (int64_t)(2.0f * SCALE)) / width - (int64_t)(1.0f * SCAL
 277:Core/Src/main.c **** 
 278:Core/Src/main.c ****     		int32_t xi = 0;
 279:Core/Src/main.c ****     		int32_t yi = 0;
 280:Core/Src/main.c ****     		int iteration = 0;
 281:Core/Src/main.c **** 
 282:Core/Src/main.c ****     		while (iteration < max_iterations) {
 283:Core/Src/main.c ****     			int32_t xi2 = (int32_t) (((int64_t)xi*(int64_t)xi) >> 16);
 284:Core/Src/main.c ****     			int32_t yi2 = (int32_t) (((int64_t)yi*(int64_t)yi) >> 16);
 285:Core/Src/main.c **** 
 286:Core/Src/main.c ****     			if (xi2 + yi2 > ESCAPE){
 287:Core/Src/main.c ****     				break;
 288:Core/Src/main.c ****     			}
 289:Core/Src/main.c **** 
ARM GAS  /tmp/ccaG7QLp.s 			page 11


 290:Core/Src/main.c ****     			int32_t tmp = xi2 - yi2 + x0;
 286              		.loc 1 290 8 is_stmt 1 view .LVU57
 287              		.loc 1 290 26 is_stmt 0 view .LVU58
 288 001c A4EB0E04 		sub	r4, r4, lr
 289              	.LVL14:
 290              		.loc 1 290 16 view .LVU59
 291 0020 3C44     		add	r4, r4, r7
 292              	.LVL15:
 291:Core/Src/main.c ****     			yi = (int32_t)((((int64_t)xi*yi) << 1) >> 16) + y0;
 293              		.loc 1 291 8 is_stmt 1 view .LVU60
 294              		.loc 1 291 36 is_stmt 0 view .LVU61
 295 0022 03FB01F1 		mul	r1, r3, r1
 296 0026 02FB0A11 		mla	r1, r2, r10, r1
 297 002a A3FB023C 		umull	r3, ip, r3, r2
 298              	.LVL16:
 299              		.loc 1 291 36 view .LVU62
 300 002e 6144     		add	r1, r1, ip
 301              		.loc 1 291 41 view .LVU63
 302 0030 DB18     		adds	r3, r3, r3
 303 0032 4941     		adcs	r1, r1, r1
 304              		.loc 1 291 47 view .LVU64
 305 0034 1B0C     		lsrs	r3, r3, #16
 306 0036 43EA0143 		orr	r3, r3, r1, lsl #16
 307              		.loc 1 291 11 view .LVU65
 308 003a 1A18     		adds	r2, r3, r0
 309              	.LVL17:
 292:Core/Src/main.c ****     			xi = tmp;
 310              		.loc 1 292 8 is_stmt 1 view .LVU66
 293:Core/Src/main.c **** 
 294:Core/Src/main.c ****     			iteration++;
 311              		.loc 1 294 8 view .LVU67
 312              		.loc 1 294 17 is_stmt 0 view .LVU68
 313 003c 09F10109 		add	r9, r9, #1
 314              	.LVL18:
 315              	.L18:
 316              		.loc 1 294 17 view .LVU69
 317              	.LBE9:
 282:Core/Src/main.c ****     			int32_t xi2 = (int32_t) (((int64_t)xi*(int64_t)xi) >> 16);
 318              		.loc 1 282 24 is_stmt 1 view .LVU70
 319 0040 A945     		cmp	r9, r5
 320 0042 1BDA     		bge	.L19
 321              	.LBB10:
 283:Core/Src/main.c ****     			int32_t yi2 = (int32_t) (((int64_t)yi*(int64_t)yi) >> 16);
 322              		.loc 1 283 8 view .LVU71
 283:Core/Src/main.c ****     			int32_t yi2 = (int32_t) (((int64_t)yi*(int64_t)yi) >> 16);
 323              		.loc 1 283 34 is_stmt 0 view .LVU72
 324 0044 4FEAE47A 		asr	r10, r4, #31
 325 0048 2346     		mov	r3, r4
 283:Core/Src/main.c ****     			int32_t yi2 = (int32_t) (((int64_t)yi*(int64_t)yi) >> 16);
 326              		.loc 1 283 45 view .LVU73
 327 004a 04FB0AF4 		mul	r4, r4, r10
 328              	.LVL19:
 283:Core/Src/main.c ****     			int32_t yi2 = (int32_t) (((int64_t)yi*(int64_t)yi) >> 16);
 329              		.loc 1 283 45 view .LVU74
 330 004e A3FB031C 		umull	r1, ip, r3, r3
 331 0052 0CEB4404 		add	r4, ip, r4, lsl #1
 283:Core/Src/main.c ****     			int32_t yi2 = (int32_t) (((int64_t)yi*(int64_t)yi) >> 16);
ARM GAS  /tmp/ccaG7QLp.s 			page 12


 332              		.loc 1 283 59 view .LVU75
 333 0056 090C     		lsrs	r1, r1, #16
 334 0058 41EA0444 		orr	r4, r1, r4, lsl #16
 335              	.LVL20:
 284:Core/Src/main.c **** 
 336              		.loc 1 284 8 is_stmt 1 view .LVU76
 284:Core/Src/main.c **** 
 337              		.loc 1 284 34 is_stmt 0 view .LVU77
 338 005c D117     		asrs	r1, r2, #31
 284:Core/Src/main.c **** 
 339              		.loc 1 284 45 view .LVU78
 340 005e 02FB01FB 		mul	fp, r2, r1
 341 0062 A2FB02E8 		umull	lr, r8, r2, r2
 342 0066 08EB4B08 		add	r8, r8, fp, lsl #1
 284:Core/Src/main.c **** 
 343              		.loc 1 284 59 view .LVU79
 344 006a 4FEA1E4E 		lsr	lr, lr, #16
 345 006e 4EEA084E 		orr	lr, lr, r8, lsl #16
 346              	.LVL21:
 286:Core/Src/main.c ****     				break;
 347              		.loc 1 286 8 is_stmt 1 view .LVU80
 286:Core/Src/main.c ****     				break;
 348              		.loc 1 286 16 is_stmt 0 view .LVU81
 349 0072 04EB0E08 		add	r8, r4, lr
 286:Core/Src/main.c ****     				break;
 350              		.loc 1 286 11 view .LVU82
 351 0076 B8F5802F 		cmp	r8, #262144
 352 007a CFDD     		ble	.L25
 353              	.LVL22:
 354              	.L19:
 286:Core/Src/main.c ****     				break;
 355              		.loc 1 286 11 view .LVU83
 356              	.LBE10:
 295:Core/Src/main.c ****     		}
 296:Core/Src/main.c ****     		mandelbrot_sum += iteration;
 357              		.loc 1 296 22 view .LVU84
 358 007c DDF808B0 		ldr	fp, [sp, #8]
 359 0080 DDF80C80 		ldr	r8, [sp, #12]
 360 0084 DDF810A0 		ldr	r10, [sp, #16]
 361              		.loc 1 296 7 is_stmt 1 view .LVU85
 362              		.loc 1 296 22 is_stmt 0 view .LVU86
 363 0088 019B     		ldr	r3, [sp, #4]
 364 008a 19EB0303 		adds	r3, r9, r3
 365 008e 0193     		str	r3, [sp, #4]
 366              	.LVL23:
 367              		.loc 1 296 22 view .LVU87
 368 0090 46EBE976 		adc	r6, r6, r9, asr #31
 369              	.LVL24:
 370              		.loc 1 296 22 view .LVU88
 371              	.LBE8:
 274:Core/Src/main.c ****     		int32_t x0 = (int32_t)(((int64_t)x * (int64_t)(3.5f * SCALE)) / width - (int64_t)(2.5f * SCAL
 372              		.loc 1 274 34 is_stmt 1 discriminator 2 view .LVU89
 373 0094 08F10108 		add	r8, r8, #1
 374              	.LVL25:
 375              	.L22:
 274:Core/Src/main.c ****     		int32_t x0 = (int32_t)(((int64_t)x * (int64_t)(3.5f * SCALE)) / width - (int64_t)(2.5f * SCAL
 376              		.loc 1 274 24 discriminator 1 view .LVU90
ARM GAS  /tmp/ccaG7QLp.s 			page 13


 377 0098 D045     		cmp	r8, r10
 378 009a 2EDA     		bge	.L26
 379              	.LBB11:
 275:Core/Src/main.c ****     		int32_t y0 = (int32_t)(((int64_t)y * (int64_t)(2.0f * SCALE)) / width - (int64_t)(1.0f * SCAL
 380              		.loc 1 275 7 view .LVU91
 275:Core/Src/main.c ****     		int32_t y0 = (int32_t)(((int64_t)y * (int64_t)(2.0f * SCALE)) / width - (int64_t)(1.0f * SCAL
 381              		.loc 1 275 31 is_stmt 0 view .LVU92
 382 009c 4FEAE872 		asr	r2, r8, #31
 275:Core/Src/main.c ****     		int32_t y0 = (int32_t)(((int64_t)y * (int64_t)(2.0f * SCALE)) / width - (int64_t)(1.0f * SCAL
 383              		.loc 1 275 42 view .LVU93
 384 00a0 D300     		lsls	r3, r2, #3
 385 00a2 43EA5873 		orr	r3, r3, r8, lsr #29
 386 00a6 4FEAC807 		lsl	r7, r8, #3
 387 00aa B7EB0807 		subs	r7, r7, r8
 388 00ae 63EB0201 		sbc	r1, r3, r2
 389 00b2 C903     		lsls	r1, r1, #15
 275:Core/Src/main.c ****     		int32_t y0 = (int32_t)(((int64_t)y * (int64_t)(2.0f * SCALE)) / width - (int64_t)(1.0f * SCAL
 390              		.loc 1 275 69 view .LVU94
 391 00b4 4FEAEA74 		asr	r4, r10, #31
 392 00b8 5246     		mov	r2, r10
 393 00ba 2346     		mov	r3, r4
 394 00bc F803     		lsls	r0, r7, #15
 395 00be 41EA5741 		orr	r1, r1, r7, lsr #17
 396 00c2 FFF7FEFF 		bl	__aeabi_ldivmod
 397              	.LVL26:
 275:Core/Src/main.c ****     		int32_t y0 = (int32_t)(((int64_t)y * (int64_t)(2.0f * SCALE)) / width - (int64_t)(1.0f * SCAL
 398              		.loc 1 275 77 view .LVU95
 399 00c6 A0F52037 		sub	r7, r0, #163840
 400              	.LVL27:
 276:Core/Src/main.c **** 
 401              		.loc 1 276 7 is_stmt 1 view .LVU96
 276:Core/Src/main.c **** 
 402              		.loc 1 276 31 is_stmt 0 view .LVU97
 403 00ca 4FEAEB71 		asr	r1, fp, #31
 276:Core/Src/main.c **** 
 404              		.loc 1 276 42 view .LVU98
 405 00ce 4904     		lsls	r1, r1, #17
 276:Core/Src/main.c **** 
 406              		.loc 1 276 69 view .LVU99
 407 00d0 5246     		mov	r2, r10
 408 00d2 2346     		mov	r3, r4
 409 00d4 4FEA4B40 		lsl	r0, fp, #17
 410 00d8 41EADB31 		orr	r1, r1, fp, lsr #15
 411 00dc FFF7FEFF 		bl	__aeabi_ldivmod
 412              	.LVL28:
 276:Core/Src/main.c **** 
 413              		.loc 1 276 77 view .LVU100
 414 00e0 A0F58030 		sub	r0, r0, #65536
 415              	.LVL29:
 278:Core/Src/main.c ****     		int32_t yi = 0;
 416              		.loc 1 278 7 is_stmt 1 view .LVU101
 279:Core/Src/main.c ****     		int iteration = 0;
 417              		.loc 1 279 7 view .LVU102
 280:Core/Src/main.c **** 
 418              		.loc 1 280 7 view .LVU103
 282:Core/Src/main.c ****     			int32_t xi2 = (int32_t) (((int64_t)xi*(int64_t)xi) >> 16);
 419              		.loc 1 282 7 view .LVU104
ARM GAS  /tmp/ccaG7QLp.s 			page 14


 280:Core/Src/main.c **** 
 420              		.loc 1 280 11 is_stmt 0 view .LVU105
 421 00e4 4FF00009 		mov	r9, #0
 279:Core/Src/main.c ****     		int iteration = 0;
 422              		.loc 1 279 15 view .LVU106
 423 00e8 4A46     		mov	r2, r9
 278:Core/Src/main.c ****     		int32_t yi = 0;
 424              		.loc 1 278 15 view .LVU107
 425 00ea 4C46     		mov	r4, r9
 426 00ec CDF808B0 		str	fp, [sp, #8]
 427 00f0 CDF80C80 		str	r8, [sp, #12]
 428 00f4 CDF810A0 		str	r10, [sp, #16]
 282:Core/Src/main.c ****     			int32_t xi2 = (int32_t) (((int64_t)xi*(int64_t)xi) >> 16);
 429              		.loc 1 282 13 view .LVU108
 430 00f8 A2E7     		b	.L18
 431              	.LVL30:
 432              	.L26:
 282:Core/Src/main.c ****     			int32_t xi2 = (int32_t) (((int64_t)xi*(int64_t)xi) >> 16);
 433              		.loc 1 282 13 view .LVU109
 434              	.LBE11:
 435              	.LBE7:
 273:Core/Src/main.c ****     	for (int x = 0; x < width; x++){
 436              		.loc 1 273 34 is_stmt 1 discriminator 2 view .LVU110
 437 00fa 0BF1010B 		add	fp, fp, #1
 438              	.LVL31:
 439              	.L17:
 273:Core/Src/main.c ****     	for (int x = 0; x < width; x++){
 440              		.loc 1 273 23 discriminator 1 view .LVU111
 441 00fe 059B     		ldr	r3, [sp, #20]
 442 0100 9B45     		cmp	fp, r3
 443 0102 02DA     		bge	.L27
 444              	.LBB12:
 274:Core/Src/main.c ****     		int32_t x0 = (int32_t)(((int64_t)x * (int64_t)(3.5f * SCALE)) / width - (int64_t)(2.5f * SCAL
 445              		.loc 1 274 15 is_stmt 0 view .LVU112
 446 0104 4FF00008 		mov	r8, #0
 447 0108 C6E7     		b	.L22
 448              	.L27:
 449              	.LBE12:
 450              	.LBE13:
 297:Core/Src/main.c **** 
 298:Core/Src/main.c ****     	}
 299:Core/Src/main.c ****     }
 300:Core/Src/main.c **** 
 301:Core/Src/main.c ****     return mandelbrot_sum;
 451              		.loc 1 301 5 is_stmt 1 view .LVU113
 302:Core/Src/main.c **** 
 303:Core/Src/main.c **** }
 452              		.loc 1 303 1 is_stmt 0 view .LVU114
 453 010a 0198     		ldr	r0, [sp, #4]
 454 010c 3146     		mov	r1, r6
 455 010e 07B0     		add	sp, sp, #28
 456              	.LCFI8:
 457              		.cfi_def_cfa_offset 36
 458              		@ sp needed
 459 0110 BDE8F08F 		pop	{r4, r5, r6, r7, r8, r9, r10, fp, pc}
 460              		.loc 1 303 1 view .LVU115
 461              		.cfi_endproc
ARM GAS  /tmp/ccaG7QLp.s 			page 15


 462              	.LFE139:
 464              		.section	.text.calculate_mandelbrot_fixed_point_arithmetic_split,"ax",%progbits
 465              		.align	1
 466              		.global	calculate_mandelbrot_fixed_point_arithmetic_split
 467              		.syntax unified
 468              		.thumb
 469              		.thumb_func
 471              	calculate_mandelbrot_fixed_point_arithmetic_split:
 472              	.LVL32:
 473              	.LFB140:
 304:Core/Src/main.c **** 
 305:Core/Src/main.c **** uint64_t calculate_mandelbrot_fixed_point_arithmetic_split(int width, int height, int max_iteration
 474              		.loc 1 305 102 is_stmt 1 view -0
 475              		.cfi_startproc
 476              		@ args = 0, pretend = 0, frame = 40
 477              		@ frame_needed = 0, uses_anonymous_args = 0
 478              		.loc 1 305 102 is_stmt 0 view .LVU117
 479 0000 2DE9F04F 		push	{r4, r5, r6, r7, r8, r9, r10, fp, lr}
 480              	.LCFI9:
 481              		.cfi_def_cfa_offset 36
 482              		.cfi_offset 4, -36
 483              		.cfi_offset 5, -32
 484              		.cfi_offset 6, -28
 485              		.cfi_offset 7, -24
 486              		.cfi_offset 8, -20
 487              		.cfi_offset 9, -16
 488              		.cfi_offset 10, -12
 489              		.cfi_offset 11, -8
 490              		.cfi_offset 14, -4
 491 0004 8BB0     		sub	sp, sp, #44
 492              	.LCFI10:
 493              		.cfi_def_cfa_offset 80
 494 0006 0690     		str	r0, [sp, #24]
 495 0008 9346     		mov	fp, r2
 306:Core/Src/main.c ****     uint64_t mandelbrot_sum = 0;
 496              		.loc 1 306 5 is_stmt 1 view .LVU118
 497              	.LVL33:
 307:Core/Src/main.c **** 
 308:Core/Src/main.c ****     int split_width = 128;
 498              		.loc 1 308 5 view .LVU119
 309:Core/Src/main.c ****     int split_height = 128;
 499              		.loc 1 309 5 view .LVU120
 310:Core/Src/main.c **** 
 311:Core/Src/main.c ****     //TODO: Complete the function implementation
 312:Core/Src/main.c ****     const int32_t SCALE = 1 << 16;
 500              		.loc 1 312 5 view .LVU121
 313:Core/Src/main.c ****     const int32_t ESCAPE = 4 * SCALE;
 501              		.loc 1 313 5 view .LVU122
 314:Core/Src/main.c **** 
 315:Core/Src/main.c ****     for (int tile_y = 0; tile_y < height; tile_y += split_width){
 502              		.loc 1 315 5 view .LVU123
 503              	.LBB14:
 504              		.loc 1 315 10 view .LVU124
 505              		.loc 1 315 14 is_stmt 0 view .LVU125
 506 000a 4FF00009 		mov	r9, #0
 507              	.LBE14:
 306:Core/Src/main.c **** 
ARM GAS  /tmp/ccaG7QLp.s 			page 16


 508              		.loc 1 306 14 view .LVU126
 509 000e CDF80090 		str	r9, [sp]
 510 0012 4A46     		mov	r2, r9
 511              	.LVL34:
 306:Core/Src/main.c **** 
 512              		.loc 1 306 14 view .LVU127
 513 0014 C846     		mov	r8, r9
 514 0016 8A46     		mov	r10, r1
 515              	.LBB26:
 516              		.loc 1 315 5 view .LVU128
 517 0018 99E0     		b	.L29
 518              	.LVL35:
 519              	.L48:
 520              	.LBB15:
 521              	.LBB16:
 316:Core/Src/main.c ****     	for (int tile_x = 0; tile_x < width; tile_x += split_height){
 317:Core/Src/main.c **** 
 318:Core/Src/main.c ****     		int actual_tile_width = (tile_x + split_width > width) ? width - tile_x : split_width;
 522              		.loc 1 318 79 discriminator 1 view .LVU129
 523 001a 0599     		ldr	r1, [sp, #20]
 524 001c 521A     		subs	r2, r2, r1
 525 001e 0492     		str	r2, [sp, #16]
 526 0020 84E0     		b	.L30
 527              	.LVL36:
 528              	.L49:
 319:Core/Src/main.c ****     		int actual_tile_height = (tile_y + split_height > height) ? height - tile_y : split_height;
 529              		.loc 1 319 83 discriminator 1 view .LVU130
 530 0022 AAEB0308 		sub	r8, r10, r3
 531 0026 88E0     		b	.L31
 532              	.LVL37:
 533              	.L34:
 534              	.LBB17:
 535              	.LBB18:
 536              	.LBB19:
 320:Core/Src/main.c **** 
 321:Core/Src/main.c **** 			for (int y = 0; y < actual_tile_height; y++){
 322:Core/Src/main.c **** 				for (int x = 0; x < actual_tile_width; x++){
 323:Core/Src/main.c **** 
 324:Core/Src/main.c **** 					int actualX = tile_x + x;
 325:Core/Src/main.c **** 					int actualY = tile_y + y;
 326:Core/Src/main.c **** 
 327:Core/Src/main.c **** 					int32_t x0 = (int32_t)(((int64_t)actualX * (int64_t)(3.5f * SCALE)) / width - (int64_t)(2.5f *
 328:Core/Src/main.c **** 					int32_t y0 = (int32_t)(((int64_t)actualY * (int64_t)(2.0f * SCALE)) / height - (int64_t)(1.0f 
 329:Core/Src/main.c **** 
 330:Core/Src/main.c **** 					int32_t xi = 0;
 331:Core/Src/main.c **** 					int32_t yi = 0;
 332:Core/Src/main.c **** 					int iteration = 0;
 333:Core/Src/main.c **** 
 334:Core/Src/main.c **** 					while (iteration < max_iterations) {
 335:Core/Src/main.c **** 						int32_t xi2 = (int32_t) (((int64_t)xi*(int64_t)xi) >> 16);
 336:Core/Src/main.c **** 						int32_t yi2 = (int32_t) (((int64_t)yi*(int64_t)yi) >> 16);
 337:Core/Src/main.c **** 
 338:Core/Src/main.c **** 						if (xi2 + yi2 > ESCAPE){
 339:Core/Src/main.c **** 							break;
 340:Core/Src/main.c **** 						}
 341:Core/Src/main.c **** 
 342:Core/Src/main.c **** 						int32_t tmp = xi2 - yi2 + x0;
ARM GAS  /tmp/ccaG7QLp.s 			page 17


 343:Core/Src/main.c **** 						yi = (int32_t)((((int64_t)xi*yi) << 1) >> 16) + y0;
 344:Core/Src/main.c **** 						xi = tmp;
 345:Core/Src/main.c **** 
 346:Core/Src/main.c **** 						iteration++;
 347:Core/Src/main.c **** 					}
 348:Core/Src/main.c **** 					mandelbrot_sum += iteration;
 537              		.loc 1 348 21 view .LVU131
 538 0028 019F     		ldr	r7, [sp, #4]
 539 002a DDF808A0 		ldr	r10, [sp, #8]
 540              		.loc 1 348 6 is_stmt 1 view .LVU132
 541              		.loc 1 348 21 is_stmt 0 view .LVU133
 542 002e 009B     		ldr	r3, [sp]
 543 0030 18EB0303 		adds	r3, r8, r3
 544 0034 0093     		str	r3, [sp]
 545              	.LVL38:
 546              		.loc 1 348 21 view .LVU134
 547 0036 49EBE879 		adc	r9, r9, r8, asr #31
 548              	.LVL39:
 549              		.loc 1 348 21 view .LVU135
 550              	.LBE19:
 322:Core/Src/main.c **** 
 551              		.loc 1 322 45 is_stmt 1 discriminator 2 view .LVU136
 552 003a 0137     		adds	r7, r7, #1
 553              	.LVL40:
 554              	.L37:
 322:Core/Src/main.c **** 
 555              		.loc 1 322 23 discriminator 1 view .LVU137
 556 003c 049B     		ldr	r3, [sp, #16]
 557 003e 9F42     		cmp	r7, r3
 558 0040 59DA     		bge	.L45
 559              	.LBB21:
 324:Core/Src/main.c **** 					int actualY = tile_y + y;
 560              		.loc 1 324 6 view .LVU138
 324:Core/Src/main.c **** 					int actualY = tile_y + y;
 561              		.loc 1 324 10 is_stmt 0 view .LVU139
 562 0042 059B     		ldr	r3, [sp, #20]
 563 0044 DA19     		adds	r2, r3, r7
 325:Core/Src/main.c **** 
 564              		.loc 1 325 6 is_stmt 1 view .LVU140
 325:Core/Src/main.c **** 
 565              		.loc 1 325 10 is_stmt 0 view .LVU141
 566 0046 079B     		ldr	r3, [sp, #28]
 567 0048 0399     		ldr	r1, [sp, #12]
 568 004a 5C18     		adds	r4, r3, r1
 327:Core/Src/main.c **** 					int32_t y0 = (int32_t)(((int64_t)actualY * (int64_t)(2.0f * SCALE)) / height - (int64_t)(1.0f 
 569              		.loc 1 327 6 is_stmt 1 view .LVU142
 327:Core/Src/main.c **** 					int32_t y0 = (int32_t)(((int64_t)actualY * (int64_t)(2.0f * SCALE)) / height - (int64_t)(1.0f 
 570              		.loc 1 327 30 is_stmt 0 view .LVU143
 571 004c D117     		asrs	r1, r2, #31
 327:Core/Src/main.c **** 					int32_t y0 = (int32_t)(((int64_t)actualY * (int64_t)(2.0f * SCALE)) / height - (int64_t)(1.0f 
 572              		.loc 1 327 47 view .LVU144
 573 004e CB00     		lsls	r3, r1, #3
 574 0050 43EA5273 		orr	r3, r3, r2, lsr #29
 575 0054 D600     		lsls	r6, r2, #3
 576 0056 B61A     		subs	r6, r6, r2
 577 0058 63EB0101 		sbc	r1, r3, r1
 578 005c C903     		lsls	r1, r1, #15
ARM GAS  /tmp/ccaG7QLp.s 			page 18


 327:Core/Src/main.c **** 					int32_t y0 = (int32_t)(((int64_t)actualY * (int64_t)(2.0f * SCALE)) / height - (int64_t)(1.0f 
 579              		.loc 1 327 74 view .LVU145
 580 005e 069B     		ldr	r3, [sp, #24]
 581 0060 1A46     		mov	r2, r3
 582 0062 DB17     		asrs	r3, r3, #31
 583 0064 F003     		lsls	r0, r6, #15
 584 0066 41EA5641 		orr	r1, r1, r6, lsr #17
 585 006a FFF7FEFF 		bl	__aeabi_ldivmod
 586              	.LVL41:
 327:Core/Src/main.c **** 					int32_t y0 = (int32_t)(((int64_t)actualY * (int64_t)(2.0f * SCALE)) / height - (int64_t)(1.0f 
 587              		.loc 1 327 82 view .LVU146
 588 006e A0F52036 		sub	r6, r0, #163840
 589              	.LVL42:
 328:Core/Src/main.c **** 
 590              		.loc 1 328 6 is_stmt 1 view .LVU147
 328:Core/Src/main.c **** 
 591              		.loc 1 328 30 is_stmt 0 view .LVU148
 592 0072 E117     		asrs	r1, r4, #31
 328:Core/Src/main.c **** 
 593              		.loc 1 328 47 view .LVU149
 594 0074 4904     		lsls	r1, r1, #17
 328:Core/Src/main.c **** 
 595              		.loc 1 328 74 view .LVU150
 596 0076 5246     		mov	r2, r10
 597 0078 4FEAEA73 		asr	r3, r10, #31
 598 007c 6004     		lsls	r0, r4, #17
 599 007e 41EAD431 		orr	r1, r1, r4, lsr #15
 600 0082 FFF7FEFF 		bl	__aeabi_ldivmod
 601              	.LVL43:
 328:Core/Src/main.c **** 
 602              		.loc 1 328 83 view .LVU151
 603 0086 A0F58030 		sub	r0, r0, #65536
 604              	.LVL44:
 330:Core/Src/main.c **** 					int32_t yi = 0;
 605              		.loc 1 330 6 is_stmt 1 view .LVU152
 331:Core/Src/main.c **** 					int iteration = 0;
 606              		.loc 1 331 6 view .LVU153
 332:Core/Src/main.c **** 
 607              		.loc 1 332 6 view .LVU154
 334:Core/Src/main.c **** 						int32_t xi2 = (int32_t) (((int64_t)xi*(int64_t)xi) >> 16);
 608              		.loc 1 334 6 view .LVU155
 332:Core/Src/main.c **** 
 609              		.loc 1 332 10 is_stmt 0 view .LVU156
 610 008a 4FF00008 		mov	r8, #0
 331:Core/Src/main.c **** 					int iteration = 0;
 611              		.loc 1 331 14 view .LVU157
 612 008e 4246     		mov	r2, r8
 330:Core/Src/main.c **** 					int32_t yi = 0;
 613              		.loc 1 330 14 view .LVU158
 614 0090 4446     		mov	r4, r8
 615 0092 0197     		str	r7, [sp, #4]
 616 0094 CDF808A0 		str	r10, [sp, #8]
 617              	.LVL45:
 618              	.L33:
 334:Core/Src/main.c **** 						int32_t xi2 = (int32_t) (((int64_t)xi*(int64_t)xi) >> 16);
 619              		.loc 1 334 23 is_stmt 1 view .LVU159
 620 0098 D845     		cmp	r8, fp
ARM GAS  /tmp/ccaG7QLp.s 			page 19


 621 009a C5DA     		bge	.L34
 622              	.LBB20:
 335:Core/Src/main.c **** 						int32_t yi2 = (int32_t) (((int64_t)yi*(int64_t)yi) >> 16);
 623              		.loc 1 335 7 view .LVU160
 335:Core/Src/main.c **** 						int32_t yi2 = (int32_t) (((int64_t)yi*(int64_t)yi) >> 16);
 624              		.loc 1 335 33 is_stmt 0 view .LVU161
 625 009c 4FEAE47E 		asr	lr, r4, #31
 626 00a0 2346     		mov	r3, r4
 335:Core/Src/main.c **** 						int32_t yi2 = (int32_t) (((int64_t)yi*(int64_t)yi) >> 16);
 627              		.loc 1 335 44 view .LVU162
 628 00a2 04FB0EF4 		mul	r4, r4, lr
 629              	.LVL46:
 335:Core/Src/main.c **** 						int32_t yi2 = (int32_t) (((int64_t)yi*(int64_t)yi) >> 16);
 630              		.loc 1 335 44 view .LVU163
 631 00a6 A3FB0315 		umull	r1, r5, r3, r3
 632 00aa 05EB4404 		add	r4, r5, r4, lsl #1
 335:Core/Src/main.c **** 						int32_t yi2 = (int32_t) (((int64_t)yi*(int64_t)yi) >> 16);
 633              		.loc 1 335 58 view .LVU164
 634 00ae 090C     		lsrs	r1, r1, #16
 635 00b0 41EA0444 		orr	r4, r1, r4, lsl #16
 636              	.LVL47:
 336:Core/Src/main.c **** 
 637              		.loc 1 336 7 is_stmt 1 view .LVU165
 336:Core/Src/main.c **** 
 638              		.loc 1 336 33 is_stmt 0 view .LVU166
 639 00b4 D117     		asrs	r1, r2, #31
 336:Core/Src/main.c **** 
 640              		.loc 1 336 44 view .LVU167
 641 00b6 02FB01FA 		mul	r10, r2, r1
 642 00ba A2FB027C 		umull	r7, ip, r2, r2
 643 00be 0CEB4A0C 		add	ip, ip, r10, lsl #1
 336:Core/Src/main.c **** 
 644              		.loc 1 336 58 view .LVU168
 645 00c2 3F0C     		lsrs	r7, r7, #16
 646 00c4 47EA0C47 		orr	r7, r7, ip, lsl #16
 647              	.LVL48:
 338:Core/Src/main.c **** 							break;
 648              		.loc 1 338 7 is_stmt 1 view .LVU169
 338:Core/Src/main.c **** 							break;
 649              		.loc 1 338 15 is_stmt 0 view .LVU170
 650 00c8 04EB070C 		add	ip, r4, r7
 338:Core/Src/main.c **** 							break;
 651              		.loc 1 338 10 view .LVU171
 652 00cc BCF5802F 		cmp	ip, #262144
 653 00d0 AADC     		bgt	.L34
 342:Core/Src/main.c **** 						yi = (int32_t)((((int64_t)xi*yi) << 1) >> 16) + y0;
 654              		.loc 1 342 7 is_stmt 1 view .LVU172
 342:Core/Src/main.c **** 						yi = (int32_t)((((int64_t)xi*yi) << 1) >> 16) + y0;
 655              		.loc 1 342 25 is_stmt 0 view .LVU173
 656 00d2 E41B     		subs	r4, r4, r7
 657              	.LVL49:
 342:Core/Src/main.c **** 						yi = (int32_t)((((int64_t)xi*yi) << 1) >> 16) + y0;
 658              		.loc 1 342 15 view .LVU174
 659 00d4 3444     		add	r4, r4, r6
 660              	.LVL50:
 343:Core/Src/main.c **** 						xi = tmp;
 661              		.loc 1 343 7 is_stmt 1 view .LVU175
ARM GAS  /tmp/ccaG7QLp.s 			page 20


 343:Core/Src/main.c **** 						xi = tmp;
 662              		.loc 1 343 35 is_stmt 0 view .LVU176
 663 00d6 03FB01F1 		mul	r1, r3, r1
 664 00da 02FB0E11 		mla	r1, r2, lr, r1
 665 00de A3FB0235 		umull	r3, r5, r3, r2
 666              	.LVL51:
 343:Core/Src/main.c **** 						xi = tmp;
 667              		.loc 1 343 35 view .LVU177
 668 00e2 2944     		add	r1, r1, r5
 343:Core/Src/main.c **** 						xi = tmp;
 669              		.loc 1 343 40 view .LVU178
 670 00e4 DB18     		adds	r3, r3, r3
 671 00e6 4941     		adcs	r1, r1, r1
 343:Core/Src/main.c **** 						xi = tmp;
 672              		.loc 1 343 46 view .LVU179
 673 00e8 1B0C     		lsrs	r3, r3, #16
 674 00ea 43EA0143 		orr	r3, r3, r1, lsl #16
 343:Core/Src/main.c **** 						xi = tmp;
 675              		.loc 1 343 10 view .LVU180
 676 00ee 1A18     		adds	r2, r3, r0
 677              	.LVL52:
 344:Core/Src/main.c **** 
 678              		.loc 1 344 7 is_stmt 1 view .LVU181
 346:Core/Src/main.c **** 					}
 679              		.loc 1 346 7 view .LVU182
 346:Core/Src/main.c **** 					}
 680              		.loc 1 346 16 is_stmt 0 view .LVU183
 681 00f0 08F10108 		add	r8, r8, #1
 682              	.LVL53:
 346:Core/Src/main.c **** 					}
 683              		.loc 1 346 16 view .LVU184
 684 00f4 D0E7     		b	.L33
 685              	.LVL54:
 686              	.L45:
 346:Core/Src/main.c **** 					}
 687              		.loc 1 346 16 view .LVU185
 688              	.LBE20:
 689              	.LBE21:
 690              	.LBE18:
 321:Core/Src/main.c **** 				for (int x = 0; x < actual_tile_width; x++){
 691              		.loc 1 321 45 discriminator 2 view .LVU186
 692 00f6 DDF80CC0 		ldr	ip, [sp, #12]
 321:Core/Src/main.c **** 				for (int x = 0; x < actual_tile_width; x++){
 693              		.loc 1 321 45 is_stmt 1 discriminator 2 view .LVU187
 694 00fa 0CF1010C 		add	ip, ip, #1
 695              	.LVL55:
 696              	.L32:
 321:Core/Src/main.c **** 				for (int x = 0; x < actual_tile_width; x++){
 697              		.loc 1 321 22 discriminator 1 view .LVU188
 698 00fe 089B     		ldr	r3, [sp, #32]
 699 0100 9C45     		cmp	ip, r3
 700 0102 03DA     		bge	.L46
 701              	.LBB22:
 322:Core/Src/main.c **** 
 702              		.loc 1 322 14 is_stmt 0 view .LVU189
 703 0104 0027     		movs	r7, #0
 704 0106 CDF80CC0 		str	ip, [sp, #12]
ARM GAS  /tmp/ccaG7QLp.s 			page 21


 705 010a 97E7     		b	.L37
 706              	.L46:
 322:Core/Src/main.c **** 
 707              		.loc 1 322 14 view .LVU190
 708              	.LBE22:
 709              	.LBE17:
 710              	.LBE16:
 316:Core/Src/main.c **** 
 711              		.loc 1 316 50 discriminator 2 view .LVU191
 712 010c 099E     		ldr	r6, [sp, #36]
 713 010e 079B     		ldr	r3, [sp, #28]
 714 0110 0596     		str	r6, [sp, #20]
 715              	.LVL56:
 716              	.L39:
 316:Core/Src/main.c **** 
 717              		.loc 1 316 34 is_stmt 1 discriminator 1 view .LVU192
 718 0112 059A     		ldr	r2, [sp, #20]
 719 0114 0699     		ldr	r1, [sp, #24]
 720 0116 8A42     		cmp	r2, r1
 721 0118 16DA     		bge	.L47
 722              	.LBB24:
 318:Core/Src/main.c ****     		int actual_tile_height = (tile_y + split_height > height) ? height - tile_y : split_height;
 723              		.loc 1 318 7 view .LVU193
 318:Core/Src/main.c ****     		int actual_tile_height = (tile_y + split_height > height) ? height - tile_y : split_height;
 724              		.loc 1 318 39 is_stmt 0 view .LVU194
 725 011a 059A     		ldr	r2, [sp, #20]
 726 011c 02F18006 		add	r6, r2, #128
 318:Core/Src/main.c ****     		int actual_tile_height = (tile_y + split_height > height) ? height - tile_y : split_height;
 727              		.loc 1 318 79 view .LVU195
 728 0120 069A     		ldr	r2, [sp, #24]
 729 0122 9642     		cmp	r6, r2
 730 0124 3FF779AF 		bgt	.L48
 318:Core/Src/main.c ****     		int actual_tile_height = (tile_y + split_height > height) ? height - tile_y : split_height;
 731              		.loc 1 318 79 discriminator 2 view .LVU196
 732 0128 8022     		movs	r2, #128
 733 012a 0492     		str	r2, [sp, #16]
 734              	.L30:
 735              	.LVL57:
 319:Core/Src/main.c **** 
 736              		.loc 1 319 7 is_stmt 1 view .LVU197
 319:Core/Src/main.c **** 
 737              		.loc 1 319 40 is_stmt 0 view .LVU198
 738 012c 03F18002 		add	r2, r3, #128
 319:Core/Src/main.c **** 
 739              		.loc 1 319 83 view .LVU199
 740 0130 5245     		cmp	r2, r10
 741 0132 3FF776AF 		bgt	.L49
 319:Core/Src/main.c **** 
 742              		.loc 1 319 83 discriminator 2 view .LVU200
 743 0136 4FF08008 		mov	r8, #128
 744              	.L31:
 745              	.LVL58:
 321:Core/Src/main.c **** 				for (int x = 0; x < actual_tile_width; x++){
 746              		.loc 1 321 4 is_stmt 1 view .LVU201
 747              	.LBB23:
 321:Core/Src/main.c **** 				for (int x = 0; x < actual_tile_width; x++){
 748              		.loc 1 321 9 view .LVU202
ARM GAS  /tmp/ccaG7QLp.s 			page 22


 321:Core/Src/main.c **** 				for (int x = 0; x < actual_tile_width; x++){
 749              		.loc 1 321 13 is_stmt 0 view .LVU203
 750 013a 4FF0000C 		mov	ip, #0
 751 013e 0996     		str	r6, [sp, #36]
 752 0140 0793     		str	r3, [sp, #28]
 753 0142 CDF82080 		str	r8, [sp, #32]
 321:Core/Src/main.c **** 				for (int x = 0; x < actual_tile_width; x++){
 754              		.loc 1 321 4 view .LVU204
 755 0146 DAE7     		b	.L32
 756              	.LVL59:
 757              	.L47:
 321:Core/Src/main.c **** 				for (int x = 0; x < actual_tile_width; x++){
 758              		.loc 1 321 4 view .LVU205
 759              	.LBE23:
 760              	.LBE24:
 761              	.LBE15:
 315:Core/Src/main.c ****     	for (int tile_x = 0; tile_x < width; tile_x += split_height){
 762              		.loc 1 315 50 discriminator 2 view .LVU206
 763 0148 4A46     		mov	r2, r9
 764              	.LVL60:
 315:Core/Src/main.c ****     	for (int tile_x = 0; tile_x < width; tile_x += split_height){
 765              		.loc 1 315 50 is_stmt 1 discriminator 2 view .LVU207
 766 014a 03F18008 		add	r8, r3, #128
 767              	.LVL61:
 768              	.L29:
 315:Core/Src/main.c ****     	for (int tile_x = 0; tile_x < width; tile_x += split_height){
 769              		.loc 1 315 33 discriminator 1 view .LVU208
 770 014e D045     		cmp	r8, r10
 771 0150 04DA     		bge	.L50
 772              	.LBB25:
 316:Core/Src/main.c **** 
 773              		.loc 1 316 15 is_stmt 0 view .LVU209
 774 0152 0023     		movs	r3, #0
 775 0154 0593     		str	r3, [sp, #20]
 776 0156 4346     		mov	r3, r8
 777 0158 9146     		mov	r9, r2
 778 015a DAE7     		b	.L39
 779              	.L50:
 316:Core/Src/main.c **** 
 780              		.loc 1 316 15 view .LVU210
 781              	.LBE25:
 782              	.LBE26:
 349:Core/Src/main.c **** 
 350:Core/Src/main.c **** 				}
 351:Core/Src/main.c **** 			}
 352:Core/Src/main.c ****     	}
 353:Core/Src/main.c ****     }
 354:Core/Src/main.c **** 
 355:Core/Src/main.c ****     return mandelbrot_sum;
 783              		.loc 1 355 5 is_stmt 1 view .LVU211
 356:Core/Src/main.c **** 
 357:Core/Src/main.c **** }
 784              		.loc 1 357 1 is_stmt 0 view .LVU212
 785 015c 0098     		ldr	r0, [sp]
 786 015e 1146     		mov	r1, r2
 787 0160 0BB0     		add	sp, sp, #44
 788              	.LCFI11:
ARM GAS  /tmp/ccaG7QLp.s 			page 23


 789              		.cfi_def_cfa_offset 36
 790              	.LVL62:
 791              		.loc 1 357 1 view .LVU213
 792              		@ sp needed
 793 0162 BDE8F08F 		pop	{r4, r5, r6, r7, r8, r9, r10, fp, pc}
 794              		.loc 1 357 1 view .LVU214
 795              		.cfi_endproc
 796              	.LFE140:
 798              		.global	__aeabi_i2d
 799              		.global	__aeabi_ddiv
 800              		.global	__aeabi_dmul
 801              		.global	__aeabi_dsub
 802              		.global	__aeabi_dadd
 803              		.global	__aeabi_dcmple
 804              		.section	.text.calculate_mandelbrot_double,"ax",%progbits
 805              		.align	1
 806              		.global	calculate_mandelbrot_double
 807              		.syntax unified
 808              		.thumb
 809              		.thumb_func
 811              	calculate_mandelbrot_double:
 812              	.LVL63:
 813              	.LFB141:
 358:Core/Src/main.c **** 
 359:Core/Src/main.c **** //TODO: Mandelbroat using variable type double
 360:Core/Src/main.c **** uint64_t calculate_mandelbrot_double(int width, int height, int max_iterations){
 814              		.loc 1 360 80 is_stmt 1 view -0
 815              		.cfi_startproc
 816              		@ args = 0, pretend = 0, frame = 56
 817              		@ frame_needed = 0, uses_anonymous_args = 0
 818              		.loc 1 360 80 is_stmt 0 view .LVU216
 819 0000 2DE9F04F 		push	{r4, r5, r6, r7, r8, r9, r10, fp, lr}
 820              	.LCFI12:
 821              		.cfi_def_cfa_offset 36
 822              		.cfi_offset 4, -36
 823              		.cfi_offset 5, -32
 824              		.cfi_offset 6, -28
 825              		.cfi_offset 7, -24
 826              		.cfi_offset 8, -20
 827              		.cfi_offset 9, -16
 828              		.cfi_offset 10, -12
 829              		.cfi_offset 11, -8
 830              		.cfi_offset 14, -4
 831 0004 8FB0     		sub	sp, sp, #60
 832              	.LCFI13:
 833              		.cfi_def_cfa_offset 96
 834 0006 8346     		mov	fp, r0
 835 0008 0C91     		str	r1, [sp, #48]
 836 000a 0D92     		str	r2, [sp, #52]
 361:Core/Src/main.c ****     uint64_t mandelbrot_sum = 0;
 837              		.loc 1 361 5 is_stmt 1 view .LVU217
 838              	.LVL64:
 362:Core/Src/main.c ****     //TODO: Complete the function implementation
 363:Core/Src/main.c **** 
 364:Core/Src/main.c **** 	for (int y = 0; y < height; y++){
 839              		.loc 1 364 2 view .LVU218
 840              	.LBB27:
ARM GAS  /tmp/ccaG7QLp.s 			page 24


 841              		.loc 1 364 7 view .LVU219
 842              		.loc 1 364 11 is_stmt 0 view .LVU220
 843 000c 4FF0000C 		mov	ip, #0
 844              	.LBE27:
 361:Core/Src/main.c ****     uint64_t mandelbrot_sum = 0;
 845              		.loc 1 361 14 view .LVU221
 846 0010 CDF81CC0 		str	ip, [sp, #28]
 847 0014 CDF820C0 		str	ip, [sp, #32]
 848              	.LBB33:
 849              		.loc 1 364 2 view .LVU222
 850 0018 93E0     		b	.L52
 851              	.LVL65:
 852              	.L55:
 853              	.LBB28:
 854              	.LBB29:
 855              	.LBB30:
 365:Core/Src/main.c **** 
 366:Core/Src/main.c **** 		for (int x = 0; x < width; x++){
 367:Core/Src/main.c **** 
 368:Core/Src/main.c **** 			double x0 = (((double)x)/(width)) * 3.5 - 2.5;
 369:Core/Src/main.c **** 			double y0 = (((double)y)/(height)) * 2.0 - 1.0;
 370:Core/Src/main.c **** 
 371:Core/Src/main.c **** 
 372:Core/Src/main.c **** 			double xi = 0.0;
 373:Core/Src/main.c **** 			double yi = 0.0;
 374:Core/Src/main.c **** 			int iteration = 0;
 375:Core/Src/main.c **** 
 376:Core/Src/main.c **** 			while ( (iteration < max_iterations) && ((xi*xi + yi*yi) <= 4.0) ) {
 377:Core/Src/main.c **** 				double temp = (xi*xi) - (yi*yi) + x0;
 856              		.loc 1 377 5 is_stmt 1 view .LVU223
 857              		.loc 1 377 27 is_stmt 0 view .LVU224
 858 001a 4246     		mov	r2, r8
 859 001c 4B46     		mov	r3, r9
 860 001e DDE90001 		ldrd	r0, [sp]
 861 0022 FFF7FEFF 		bl	__aeabi_dsub
 862              	.LVL66:
 863              		.loc 1 377 12 view .LVU225
 864 0026 DDE90223 		ldrd	r2, [sp, #8]
 865 002a FFF7FEFF 		bl	__aeabi_dadd
 866              	.LVL67:
 867 002e 8046     		mov	r8, r0
 868 0030 8946     		mov	r9, r1
 869              	.LVL68:
 378:Core/Src/main.c **** 				yi = (2 * xi * yi) + y0;
 870              		.loc 1 378 5 is_stmt 1 view .LVU226
 871              		.loc 1 378 13 is_stmt 0 view .LVU227
 872 0032 2246     		mov	r2, r4
 873 0034 2B46     		mov	r3, r5
 874 0036 2046     		mov	r0, r4
 875 0038 2946     		mov	r1, r5
 876 003a FFF7FEFF 		bl	__aeabi_dadd
 877              	.LVL69:
 878              		.loc 1 378 18 view .LVU228
 879 003e 3246     		mov	r2, r6
 880 0040 3B46     		mov	r3, r7
 881 0042 FFF7FEFF 		bl	__aeabi_dmul
 882              	.LVL70:
ARM GAS  /tmp/ccaG7QLp.s 			page 25


 883              		.loc 1 378 8 view .LVU229
 884 0046 DDE90423 		ldrd	r2, [sp, #16]
 885 004a FFF7FEFF 		bl	__aeabi_dadd
 886              	.LVL71:
 887 004e 0646     		mov	r6, r0
 888              	.LVL72:
 889              		.loc 1 378 8 view .LVU230
 890 0050 0F46     		mov	r7, r1
 891              	.LVL73:
 379:Core/Src/main.c **** 				xi = temp;
 892              		.loc 1 379 5 is_stmt 1 view .LVU231
 380:Core/Src/main.c **** 				iteration += 1;
 893              		.loc 1 380 5 view .LVU232
 894              		.loc 1 380 15 is_stmt 0 view .LVU233
 895 0052 0AF1010A 		add	r10, r10, #1
 896              	.LVL74:
 379:Core/Src/main.c **** 				xi = temp;
 897              		.loc 1 379 8 view .LVU234
 898 0056 4446     		mov	r4, r8
 899 0058 4D46     		mov	r5, r9
 900              	.LVL75:
 901              	.L53:
 379:Core/Src/main.c **** 				xi = temp;
 902              		.loc 1 379 8 view .LVU235
 903              	.LBE30:
 376:Core/Src/main.c **** 				double temp = (xi*xi) - (yi*yi) + x0;
 904              		.loc 1 376 41 is_stmt 1 view .LVU236
 905 005a DA45     		cmp	r10, fp
 906 005c 1BDA     		bge	.L54
 376:Core/Src/main.c **** 				double temp = (xi*xi) - (yi*yi) + x0;
 907              		.loc 1 376 48 is_stmt 0 discriminator 1 view .LVU237
 908 005e 2246     		mov	r2, r4
 909 0060 2B46     		mov	r3, r5
 910 0062 2046     		mov	r0, r4
 911 0064 2946     		mov	r1, r5
 912 0066 FFF7FEFF 		bl	__aeabi_dmul
 913              	.LVL76:
 914 006a CDE90001 		strd	r0, [sp]
 376:Core/Src/main.c **** 				double temp = (xi*xi) - (yi*yi) + x0;
 915              		.loc 1 376 56 discriminator 1 view .LVU238
 916 006e 3246     		mov	r2, r6
 917 0070 3B46     		mov	r3, r7
 918 0072 3046     		mov	r0, r6
 919 0074 3946     		mov	r1, r7
 920 0076 FFF7FEFF 		bl	__aeabi_dmul
 921              	.LVL77:
 922 007a 8046     		mov	r8, r0
 923 007c 8946     		mov	r9, r1
 376:Core/Src/main.c **** 				double temp = (xi*xi) - (yi*yi) + x0;
 924              		.loc 1 376 52 discriminator 1 view .LVU239
 925 007e 0246     		mov	r2, r0
 926 0080 0B46     		mov	r3, r1
 927 0082 DDE90001 		ldrd	r0, [sp]
 928 0086 FFF7FEFF 		bl	__aeabi_dadd
 929              	.LVL78:
 376:Core/Src/main.c **** 				double temp = (xi*xi) - (yi*yi) + x0;
 930              		.loc 1 376 41 discriminator 1 view .LVU240
ARM GAS  /tmp/ccaG7QLp.s 			page 26


 931 008a 0022     		movs	r2, #0
 932 008c 364B     		ldr	r3, .L62
 933 008e FFF7FEFF 		bl	__aeabi_dcmple
 934              	.LVL79:
 935 0092 0028     		cmp	r0, #0
 936 0094 C1D1     		bne	.L55
 937              	.L54:
 381:Core/Src/main.c **** 			}
 382:Core/Src/main.c **** 
 383:Core/Src/main.c **** 			mandelbrot_sum += iteration;
 938              		.loc 1 383 19 view .LVU241
 939 0096 DDF82490 		ldr	r9, [sp, #36]
 940 009a DDF82880 		ldr	r8, [sp, #40]
 941 009e 5B46     		mov	r3, fp
 942 00a0 D346     		mov	fp, r10
 943 00a2 9A46     		mov	r10, r3
 944              	.LVL80:
 945              		.loc 1 383 4 is_stmt 1 view .LVU242
 946              		.loc 1 383 19 is_stmt 0 view .LVU243
 947 00a4 079B     		ldr	r3, [sp, #28]
 948 00a6 1BEB0302 		adds	r2, fp, r3
 949 00aa 0792     		str	r2, [sp, #28]
 950              	.LVL81:
 951              		.loc 1 383 19 view .LVU244
 952 00ac 089B     		ldr	r3, [sp, #32]
 953 00ae 43EBEB73 		adc	r3, r3, fp, asr #31
 954 00b2 0893     		str	r3, [sp, #32]
 955              	.LVL82:
 956              		.loc 1 383 19 view .LVU245
 957              	.LBE29:
 366:Core/Src/main.c **** 
 958              		.loc 1 366 31 is_stmt 1 discriminator 2 view .LVU246
 959 00b4 09F10109 		add	r9, r9, #1
 960              	.LVL83:
 961              	.L57:
 366:Core/Src/main.c **** 
 962              		.loc 1 366 21 discriminator 1 view .LVU247
 963 00b8 C145     		cmp	r9, r8
 964 00ba 3DDA     		bge	.L60
 965              	.LBB31:
 368:Core/Src/main.c **** 			double y0 = (((double)y)/(height)) * 2.0 - 1.0;
 966              		.loc 1 368 4 view .LVU248
 368:Core/Src/main.c **** 			double y0 = (((double)y)/(height)) * 2.0 - 1.0;
 967              		.loc 1 368 18 is_stmt 0 view .LVU249
 968 00bc 4846     		mov	r0, r9
 969 00be FFF7FEFF 		bl	__aeabi_i2d
 970              	.LVL84:
 971 00c2 0446     		mov	r4, r0
 972 00c4 0D46     		mov	r5, r1
 368:Core/Src/main.c **** 			double y0 = (((double)y)/(height)) * 2.0 - 1.0;
 973              		.loc 1 368 28 view .LVU250
 974 00c6 4046     		mov	r0, r8
 975 00c8 FFF7FEFF 		bl	__aeabi_i2d
 976              	.LVL85:
 977 00cc 0246     		mov	r2, r0
 978 00ce 0B46     		mov	r3, r1
 979 00d0 2046     		mov	r0, r4
ARM GAS  /tmp/ccaG7QLp.s 			page 27


 980 00d2 2946     		mov	r1, r5
 981 00d4 FFF7FEFF 		bl	__aeabi_ddiv
 982              	.LVL86:
 368:Core/Src/main.c **** 			double y0 = (((double)y)/(height)) * 2.0 - 1.0;
 983              		.loc 1 368 38 view .LVU251
 984 00d8 0022     		movs	r2, #0
 985 00da 244B     		ldr	r3, .L62+4
 986 00dc FFF7FEFF 		bl	__aeabi_dmul
 987              	.LVL87:
 368:Core/Src/main.c **** 			double y0 = (((double)y)/(height)) * 2.0 - 1.0;
 988              		.loc 1 368 11 view .LVU252
 989 00e0 0022     		movs	r2, #0
 990 00e2 234B     		ldr	r3, .L62+8
 991 00e4 FFF7FEFF 		bl	__aeabi_dsub
 992              	.LVL88:
 993 00e8 CDE90201 		strd	r0, [sp, #8]
 994              	.LVL89:
 369:Core/Src/main.c **** 
 995              		.loc 1 369 4 is_stmt 1 view .LVU253
 369:Core/Src/main.c **** 
 996              		.loc 1 369 18 is_stmt 0 view .LVU254
 997 00ec 0B98     		ldr	r0, [sp, #44]
 998              	.LVL90:
 369:Core/Src/main.c **** 
 999              		.loc 1 369 18 view .LVU255
 1000 00ee FFF7FEFF 		bl	__aeabi_i2d
 1001              	.LVL91:
 1002 00f2 0446     		mov	r4, r0
 1003 00f4 0D46     		mov	r5, r1
 369:Core/Src/main.c **** 
 1004              		.loc 1 369 28 view .LVU256
 1005 00f6 0C98     		ldr	r0, [sp, #48]
 1006 00f8 FFF7FEFF 		bl	__aeabi_i2d
 1007              	.LVL92:
 1008 00fc 0246     		mov	r2, r0
 1009 00fe 0B46     		mov	r3, r1
 1010 0100 2046     		mov	r0, r4
 1011 0102 2946     		mov	r1, r5
 1012 0104 FFF7FEFF 		bl	__aeabi_ddiv
 1013              	.LVL93:
 1014 0108 0246     		mov	r2, r0
 1015 010a 0B46     		mov	r3, r1
 369:Core/Src/main.c **** 
 1016              		.loc 1 369 39 view .LVU257
 1017 010c FFF7FEFF 		bl	__aeabi_dadd
 1018              	.LVL94:
 369:Core/Src/main.c **** 
 1019              		.loc 1 369 11 view .LVU258
 1020 0110 0022     		movs	r2, #0
 1021 0112 184B     		ldr	r3, .L62+12
 1022 0114 FFF7FEFF 		bl	__aeabi_dsub
 1023              	.LVL95:
 1024 0118 CDE90401 		strd	r0, [sp, #16]
 1025              	.LVL96:
 372:Core/Src/main.c **** 			double yi = 0.0;
 1026              		.loc 1 372 4 is_stmt 1 view .LVU259
 373:Core/Src/main.c **** 			int iteration = 0;
ARM GAS  /tmp/ccaG7QLp.s 			page 28


 1027              		.loc 1 373 4 view .LVU260
 374:Core/Src/main.c **** 
 1028              		.loc 1 374 4 view .LVU261
 376:Core/Src/main.c **** 				double temp = (xi*xi) - (yi*yi) + x0;
 1029              		.loc 1 376 4 view .LVU262
 374:Core/Src/main.c **** 
 1030              		.loc 1 374 8 is_stmt 0 view .LVU263
 1031 011c 4FF0000B 		mov	fp, #0
 373:Core/Src/main.c **** 			int iteration = 0;
 1032              		.loc 1 373 11 view .LVU264
 1033 0120 0026     		movs	r6, #0
 1034 0122 0027     		movs	r7, #0
 372:Core/Src/main.c **** 			double yi = 0.0;
 1035              		.loc 1 372 11 view .LVU265
 1036 0124 3446     		mov	r4, r6
 1037 0126 3D46     		mov	r5, r7
 1038 0128 CDF82490 		str	r9, [sp, #36]
 1039 012c CDF82880 		str	r8, [sp, #40]
 1040 0130 5346     		mov	r3, r10
 1041 0132 DA46     		mov	r10, fp
 1042 0134 9B46     		mov	fp, r3
 376:Core/Src/main.c **** 				double temp = (xi*xi) - (yi*yi) + x0;
 1043              		.loc 1 376 10 view .LVU266
 1044 0136 90E7     		b	.L53
 1045              	.LVL97:
 1046              	.L60:
 376:Core/Src/main.c **** 				double temp = (xi*xi) - (yi*yi) + x0;
 1047              		.loc 1 376 10 view .LVU267
 1048              	.LBE31:
 1049              	.LBE28:
 364:Core/Src/main.c **** 
 1050              		.loc 1 364 31 discriminator 2 view .LVU268
 1051 0138 DDF82CC0 		ldr	ip, [sp, #44]
 1052 013c C346     		mov	fp, r8
 364:Core/Src/main.c **** 
 1053              		.loc 1 364 31 is_stmt 1 discriminator 2 view .LVU269
 1054 013e 0CF1010C 		add	ip, ip, #1
 1055              	.LVL98:
 1056              	.L52:
 364:Core/Src/main.c **** 
 1057              		.loc 1 364 20 discriminator 1 view .LVU270
 1058 0142 0C9B     		ldr	r3, [sp, #48]
 1059 0144 9C45     		cmp	ip, r3
 1060 0146 08DA     		bge	.L61
 1061              	.LBB32:
 366:Core/Src/main.c **** 
 1062              		.loc 1 366 12 is_stmt 0 view .LVU271
 1063 0148 4FF0000A 		mov	r10, #0
 1064 014c CDF82CC0 		str	ip, [sp, #44]
 1065 0150 D146     		mov	r9, r10
 1066 0152 D846     		mov	r8, fp
 1067 0154 DDF834A0 		ldr	r10, [sp, #52]
 1068 0158 AEE7     		b	.L57
 1069              	.L61:
 366:Core/Src/main.c **** 
 1070              		.loc 1 366 12 view .LVU272
 1071              	.LBE32:
ARM GAS  /tmp/ccaG7QLp.s 			page 29


 1072              	.LBE33:
 384:Core/Src/main.c **** 
 385:Core/Src/main.c **** 		}
 386:Core/Src/main.c **** 	}
 387:Core/Src/main.c **** 
 388:Core/Src/main.c **** 	return mandelbrot_sum;
 389:Core/Src/main.c **** }
 1073              		.loc 1 389 1 view .LVU273
 1074 015a DDF82090 		ldr	r9, [sp, #32]
 388:Core/Src/main.c **** }
 1075              		.loc 1 388 2 is_stmt 1 view .LVU274
 1076              		.loc 1 389 1 is_stmt 0 view .LVU275
 1077 015e 0798     		ldr	r0, [sp, #28]
 1078 0160 4946     		mov	r1, r9
 1079 0162 0FB0     		add	sp, sp, #60
 1080              	.LCFI14:
 1081              		.cfi_def_cfa_offset 36
 1082              		@ sp needed
 1083 0164 BDE8F08F 		pop	{r4, r5, r6, r7, r8, r9, r10, fp, pc}
 1084              	.LVL99:
 1085              	.L63:
 1086              		.loc 1 389 1 view .LVU276
 1087              		.align	2
 1088              	.L62:
 1089 0168 00001040 		.word	1074790400
 1090 016c 00000C40 		.word	1074528256
 1091 0170 00000440 		.word	1074003968
 1092 0174 0000F03F 		.word	1072693248
 1093              		.cfi_endproc
 1094              	.LFE141:
 1096              		.section	.text.Error_Handler,"ax",%progbits
 1097              		.align	1
 1098              		.global	Error_Handler
 1099              		.syntax unified
 1100              		.thumb
 1101              		.thumb_func
 1103              	Error_Handler:
 1104              	.LFB142:
 390:Core/Src/main.c **** 
 391:Core/Src/main.c **** /* USER CODE END 4 */
 392:Core/Src/main.c **** 
 393:Core/Src/main.c **** /**
 394:Core/Src/main.c ****   * @brief  This function is executed in case of error occurrence.
 395:Core/Src/main.c ****   * @retval None
 396:Core/Src/main.c ****   */
 397:Core/Src/main.c **** void Error_Handler(void)
 398:Core/Src/main.c **** {
 1105              		.loc 1 398 1 is_stmt 1 view -0
 1106              		.cfi_startproc
 1107              		@ Volatile: function does not return.
 1108              		@ args = 0, pretend = 0, frame = 0
 1109              		@ frame_needed = 0, uses_anonymous_args = 0
 1110              		@ link register save eliminated.
 399:Core/Src/main.c ****   /* USER CODE BEGIN Error_Handler_Debug */
 400:Core/Src/main.c ****   /* User can add his own implementation to report the HAL error return state */
 401:Core/Src/main.c ****   __disable_irq();
 1111              		.loc 1 401 3 view .LVU278
ARM GAS  /tmp/ccaG7QLp.s 			page 30


 1112              	.LBB34:
 1113              	.LBI34:
 1114              		.file 2 "Drivers/CMSIS/Include/cmsis_gcc.h"
   1:Drivers/CMSIS/Include/cmsis_gcc.h **** /**************************************************************************//**
   2:Drivers/CMSIS/Include/cmsis_gcc.h ****  * @file     cmsis_gcc.h
   3:Drivers/CMSIS/Include/cmsis_gcc.h ****  * @brief    CMSIS compiler GCC header file
   4:Drivers/CMSIS/Include/cmsis_gcc.h ****  * @version  V5.4.1
   5:Drivers/CMSIS/Include/cmsis_gcc.h ****  * @date     27. May 2021
   6:Drivers/CMSIS/Include/cmsis_gcc.h ****  ******************************************************************************/
   7:Drivers/CMSIS/Include/cmsis_gcc.h **** /*
   8:Drivers/CMSIS/Include/cmsis_gcc.h ****  * Copyright (c) 2009-2021 Arm Limited. All rights reserved.
   9:Drivers/CMSIS/Include/cmsis_gcc.h ****  *
  10:Drivers/CMSIS/Include/cmsis_gcc.h ****  * SPDX-License-Identifier: Apache-2.0
  11:Drivers/CMSIS/Include/cmsis_gcc.h ****  *
  12:Drivers/CMSIS/Include/cmsis_gcc.h ****  * Licensed under the Apache License, Version 2.0 (the License); you may
  13:Drivers/CMSIS/Include/cmsis_gcc.h ****  * not use this file except in compliance with the License.
  14:Drivers/CMSIS/Include/cmsis_gcc.h ****  * You may obtain a copy of the License at
  15:Drivers/CMSIS/Include/cmsis_gcc.h ****  *
  16:Drivers/CMSIS/Include/cmsis_gcc.h ****  * www.apache.org/licenses/LICENSE-2.0
  17:Drivers/CMSIS/Include/cmsis_gcc.h ****  *
  18:Drivers/CMSIS/Include/cmsis_gcc.h ****  * Unless required by applicable law or agreed to in writing, software
  19:Drivers/CMSIS/Include/cmsis_gcc.h ****  * distributed under the License is distributed on an AS IS BASIS, WITHOUT
  20:Drivers/CMSIS/Include/cmsis_gcc.h ****  * WARRANTIES OR CONDITIONS OF ANY KIND, either express or implied.
  21:Drivers/CMSIS/Include/cmsis_gcc.h ****  * See the License for the specific language governing permissions and
  22:Drivers/CMSIS/Include/cmsis_gcc.h ****  * limitations under the License.
  23:Drivers/CMSIS/Include/cmsis_gcc.h ****  */
  24:Drivers/CMSIS/Include/cmsis_gcc.h **** 
  25:Drivers/CMSIS/Include/cmsis_gcc.h **** #ifndef __CMSIS_GCC_H
  26:Drivers/CMSIS/Include/cmsis_gcc.h **** #define __CMSIS_GCC_H
  27:Drivers/CMSIS/Include/cmsis_gcc.h **** 
  28:Drivers/CMSIS/Include/cmsis_gcc.h **** /* ignore some GCC warnings */
  29:Drivers/CMSIS/Include/cmsis_gcc.h **** #pragma GCC diagnostic push
  30:Drivers/CMSIS/Include/cmsis_gcc.h **** #pragma GCC diagnostic ignored "-Wsign-conversion"
  31:Drivers/CMSIS/Include/cmsis_gcc.h **** #pragma GCC diagnostic ignored "-Wconversion"
  32:Drivers/CMSIS/Include/cmsis_gcc.h **** #pragma GCC diagnostic ignored "-Wunused-parameter"
  33:Drivers/CMSIS/Include/cmsis_gcc.h **** 
  34:Drivers/CMSIS/Include/cmsis_gcc.h **** /* Fallback for __has_builtin */
  35:Drivers/CMSIS/Include/cmsis_gcc.h **** #ifndef __has_builtin
  36:Drivers/CMSIS/Include/cmsis_gcc.h ****   #define __has_builtin(x) (0)
  37:Drivers/CMSIS/Include/cmsis_gcc.h **** #endif
  38:Drivers/CMSIS/Include/cmsis_gcc.h **** 
  39:Drivers/CMSIS/Include/cmsis_gcc.h **** /* CMSIS compiler specific defines */
  40:Drivers/CMSIS/Include/cmsis_gcc.h **** #ifndef   __ASM
  41:Drivers/CMSIS/Include/cmsis_gcc.h ****   #define __ASM                                  __asm
  42:Drivers/CMSIS/Include/cmsis_gcc.h **** #endif
  43:Drivers/CMSIS/Include/cmsis_gcc.h **** #ifndef   __INLINE
  44:Drivers/CMSIS/Include/cmsis_gcc.h ****   #define __INLINE                               inline
  45:Drivers/CMSIS/Include/cmsis_gcc.h **** #endif
  46:Drivers/CMSIS/Include/cmsis_gcc.h **** #ifndef   __STATIC_INLINE
  47:Drivers/CMSIS/Include/cmsis_gcc.h ****   #define __STATIC_INLINE                        static inline
  48:Drivers/CMSIS/Include/cmsis_gcc.h **** #endif
  49:Drivers/CMSIS/Include/cmsis_gcc.h **** #ifndef   __STATIC_FORCEINLINE
  50:Drivers/CMSIS/Include/cmsis_gcc.h ****   #define __STATIC_FORCEINLINE                   __attribute__((always_inline)) static inline
  51:Drivers/CMSIS/Include/cmsis_gcc.h **** #endif
  52:Drivers/CMSIS/Include/cmsis_gcc.h **** #ifndef   __NO_RETURN
  53:Drivers/CMSIS/Include/cmsis_gcc.h ****   #define __NO_RETURN                            __attribute__((__noreturn__))
  54:Drivers/CMSIS/Include/cmsis_gcc.h **** #endif
ARM GAS  /tmp/ccaG7QLp.s 			page 31


  55:Drivers/CMSIS/Include/cmsis_gcc.h **** #ifndef   __USED
  56:Drivers/CMSIS/Include/cmsis_gcc.h ****   #define __USED                                 __attribute__((used))
  57:Drivers/CMSIS/Include/cmsis_gcc.h **** #endif
  58:Drivers/CMSIS/Include/cmsis_gcc.h **** #ifndef   __WEAK
  59:Drivers/CMSIS/Include/cmsis_gcc.h ****   #define __WEAK                                 __attribute__((weak))
  60:Drivers/CMSIS/Include/cmsis_gcc.h **** #endif
  61:Drivers/CMSIS/Include/cmsis_gcc.h **** #ifndef   __PACKED
  62:Drivers/CMSIS/Include/cmsis_gcc.h ****   #define __PACKED                               __attribute__((packed, aligned(1)))
  63:Drivers/CMSIS/Include/cmsis_gcc.h **** #endif
  64:Drivers/CMSIS/Include/cmsis_gcc.h **** #ifndef   __PACKED_STRUCT
  65:Drivers/CMSIS/Include/cmsis_gcc.h ****   #define __PACKED_STRUCT                        struct __attribute__((packed, aligned(1)))
  66:Drivers/CMSIS/Include/cmsis_gcc.h **** #endif
  67:Drivers/CMSIS/Include/cmsis_gcc.h **** #ifndef   __PACKED_UNION
  68:Drivers/CMSIS/Include/cmsis_gcc.h ****   #define __PACKED_UNION                         union __attribute__((packed, aligned(1)))
  69:Drivers/CMSIS/Include/cmsis_gcc.h **** #endif
  70:Drivers/CMSIS/Include/cmsis_gcc.h **** #ifndef   __UNALIGNED_UINT32        /* deprecated */
  71:Drivers/CMSIS/Include/cmsis_gcc.h ****   #pragma GCC diagnostic push
  72:Drivers/CMSIS/Include/cmsis_gcc.h ****   #pragma GCC diagnostic ignored "-Wpacked"
  73:Drivers/CMSIS/Include/cmsis_gcc.h ****   #pragma GCC diagnostic ignored "-Wattributes"
  74:Drivers/CMSIS/Include/cmsis_gcc.h ****   struct __attribute__((packed)) T_UINT32 { uint32_t v; };
  75:Drivers/CMSIS/Include/cmsis_gcc.h ****   #pragma GCC diagnostic pop
  76:Drivers/CMSIS/Include/cmsis_gcc.h ****   #define __UNALIGNED_UINT32(x)                  (((struct T_UINT32 *)(x))->v)
  77:Drivers/CMSIS/Include/cmsis_gcc.h **** #endif
  78:Drivers/CMSIS/Include/cmsis_gcc.h **** #ifndef   __UNALIGNED_UINT16_WRITE
  79:Drivers/CMSIS/Include/cmsis_gcc.h ****   #pragma GCC diagnostic push
  80:Drivers/CMSIS/Include/cmsis_gcc.h ****   #pragma GCC diagnostic ignored "-Wpacked"
  81:Drivers/CMSIS/Include/cmsis_gcc.h ****   #pragma GCC diagnostic ignored "-Wattributes"
  82:Drivers/CMSIS/Include/cmsis_gcc.h ****   __PACKED_STRUCT T_UINT16_WRITE { uint16_t v; };
  83:Drivers/CMSIS/Include/cmsis_gcc.h ****   #pragma GCC diagnostic pop
  84:Drivers/CMSIS/Include/cmsis_gcc.h ****   #define __UNALIGNED_UINT16_WRITE(addr, val)    (void)((((struct T_UINT16_WRITE *)(void *)(addr))-
  85:Drivers/CMSIS/Include/cmsis_gcc.h **** #endif
  86:Drivers/CMSIS/Include/cmsis_gcc.h **** #ifndef   __UNALIGNED_UINT16_READ
  87:Drivers/CMSIS/Include/cmsis_gcc.h ****   #pragma GCC diagnostic push
  88:Drivers/CMSIS/Include/cmsis_gcc.h ****   #pragma GCC diagnostic ignored "-Wpacked"
  89:Drivers/CMSIS/Include/cmsis_gcc.h ****   #pragma GCC diagnostic ignored "-Wattributes"
  90:Drivers/CMSIS/Include/cmsis_gcc.h ****   __PACKED_STRUCT T_UINT16_READ { uint16_t v; };
  91:Drivers/CMSIS/Include/cmsis_gcc.h ****   #pragma GCC diagnostic pop
  92:Drivers/CMSIS/Include/cmsis_gcc.h ****   #define __UNALIGNED_UINT16_READ(addr)          (((const struct T_UINT16_READ *)(const void *)(add
  93:Drivers/CMSIS/Include/cmsis_gcc.h **** #endif
  94:Drivers/CMSIS/Include/cmsis_gcc.h **** #ifndef   __UNALIGNED_UINT32_WRITE
  95:Drivers/CMSIS/Include/cmsis_gcc.h ****   #pragma GCC diagnostic push
  96:Drivers/CMSIS/Include/cmsis_gcc.h ****   #pragma GCC diagnostic ignored "-Wpacked"
  97:Drivers/CMSIS/Include/cmsis_gcc.h ****   #pragma GCC diagnostic ignored "-Wattributes"
  98:Drivers/CMSIS/Include/cmsis_gcc.h ****   __PACKED_STRUCT T_UINT32_WRITE { uint32_t v; };
  99:Drivers/CMSIS/Include/cmsis_gcc.h ****   #pragma GCC diagnostic pop
 100:Drivers/CMSIS/Include/cmsis_gcc.h ****   #define __UNALIGNED_UINT32_WRITE(addr, val)    (void)((((struct T_UINT32_WRITE *)(void *)(addr))-
 101:Drivers/CMSIS/Include/cmsis_gcc.h **** #endif
 102:Drivers/CMSIS/Include/cmsis_gcc.h **** #ifndef   __UNALIGNED_UINT32_READ
 103:Drivers/CMSIS/Include/cmsis_gcc.h ****   #pragma GCC diagnostic push
 104:Drivers/CMSIS/Include/cmsis_gcc.h ****   #pragma GCC diagnostic ignored "-Wpacked"
 105:Drivers/CMSIS/Include/cmsis_gcc.h ****   #pragma GCC diagnostic ignored "-Wattributes"
 106:Drivers/CMSIS/Include/cmsis_gcc.h ****   __PACKED_STRUCT T_UINT32_READ { uint32_t v; };
 107:Drivers/CMSIS/Include/cmsis_gcc.h ****   #pragma GCC diagnostic pop
 108:Drivers/CMSIS/Include/cmsis_gcc.h ****   #define __UNALIGNED_UINT32_READ(addr)          (((const struct T_UINT32_READ *)(const void *)(add
 109:Drivers/CMSIS/Include/cmsis_gcc.h **** #endif
 110:Drivers/CMSIS/Include/cmsis_gcc.h **** #ifndef   __ALIGNED
 111:Drivers/CMSIS/Include/cmsis_gcc.h ****   #define __ALIGNED(x)                           __attribute__((aligned(x)))
ARM GAS  /tmp/ccaG7QLp.s 			page 32


 112:Drivers/CMSIS/Include/cmsis_gcc.h **** #endif
 113:Drivers/CMSIS/Include/cmsis_gcc.h **** #ifndef   __RESTRICT
 114:Drivers/CMSIS/Include/cmsis_gcc.h ****   #define __RESTRICT                             __restrict
 115:Drivers/CMSIS/Include/cmsis_gcc.h **** #endif
 116:Drivers/CMSIS/Include/cmsis_gcc.h **** #ifndef   __COMPILER_BARRIER
 117:Drivers/CMSIS/Include/cmsis_gcc.h ****   #define __COMPILER_BARRIER()                   __ASM volatile("":::"memory")
 118:Drivers/CMSIS/Include/cmsis_gcc.h **** #endif
 119:Drivers/CMSIS/Include/cmsis_gcc.h **** 
 120:Drivers/CMSIS/Include/cmsis_gcc.h **** /* #########################  Startup and Lowlevel Init  ######################## */
 121:Drivers/CMSIS/Include/cmsis_gcc.h **** 
 122:Drivers/CMSIS/Include/cmsis_gcc.h **** #ifndef __PROGRAM_START
 123:Drivers/CMSIS/Include/cmsis_gcc.h **** 
 124:Drivers/CMSIS/Include/cmsis_gcc.h **** /**
 125:Drivers/CMSIS/Include/cmsis_gcc.h ****   \brief   Initializes data and bss sections
 126:Drivers/CMSIS/Include/cmsis_gcc.h ****   \details This default implementations initialized all data and additional bss
 127:Drivers/CMSIS/Include/cmsis_gcc.h ****            sections relying on .copy.table and .zero.table specified properly
 128:Drivers/CMSIS/Include/cmsis_gcc.h ****            in the used linker script.
 129:Drivers/CMSIS/Include/cmsis_gcc.h **** 
 130:Drivers/CMSIS/Include/cmsis_gcc.h ****  */
 131:Drivers/CMSIS/Include/cmsis_gcc.h **** __STATIC_FORCEINLINE __NO_RETURN void __cmsis_start(void)
 132:Drivers/CMSIS/Include/cmsis_gcc.h **** {
 133:Drivers/CMSIS/Include/cmsis_gcc.h ****   extern void _start(void) __NO_RETURN;
 134:Drivers/CMSIS/Include/cmsis_gcc.h **** 
 135:Drivers/CMSIS/Include/cmsis_gcc.h ****   typedef struct {
 136:Drivers/CMSIS/Include/cmsis_gcc.h ****     uint32_t const* src;
 137:Drivers/CMSIS/Include/cmsis_gcc.h ****     uint32_t* dest;
 138:Drivers/CMSIS/Include/cmsis_gcc.h ****     uint32_t  wlen;
 139:Drivers/CMSIS/Include/cmsis_gcc.h ****   } __copy_table_t;
 140:Drivers/CMSIS/Include/cmsis_gcc.h **** 
 141:Drivers/CMSIS/Include/cmsis_gcc.h ****   typedef struct {
 142:Drivers/CMSIS/Include/cmsis_gcc.h ****     uint32_t* dest;
 143:Drivers/CMSIS/Include/cmsis_gcc.h ****     uint32_t  wlen;
 144:Drivers/CMSIS/Include/cmsis_gcc.h ****   } __zero_table_t;
 145:Drivers/CMSIS/Include/cmsis_gcc.h **** 
 146:Drivers/CMSIS/Include/cmsis_gcc.h ****   extern const __copy_table_t __copy_table_start__;
 147:Drivers/CMSIS/Include/cmsis_gcc.h ****   extern const __copy_table_t __copy_table_end__;
 148:Drivers/CMSIS/Include/cmsis_gcc.h ****   extern const __zero_table_t __zero_table_start__;
 149:Drivers/CMSIS/Include/cmsis_gcc.h ****   extern const __zero_table_t __zero_table_end__;
 150:Drivers/CMSIS/Include/cmsis_gcc.h **** 
 151:Drivers/CMSIS/Include/cmsis_gcc.h ****   for (__copy_table_t const* pTable = &__copy_table_start__; pTable < &__copy_table_end__; ++pTable
 152:Drivers/CMSIS/Include/cmsis_gcc.h ****     for(uint32_t i=0u; i<pTable->wlen; ++i) {
 153:Drivers/CMSIS/Include/cmsis_gcc.h ****       pTable->dest[i] = pTable->src[i];
 154:Drivers/CMSIS/Include/cmsis_gcc.h ****     }
 155:Drivers/CMSIS/Include/cmsis_gcc.h ****   }
 156:Drivers/CMSIS/Include/cmsis_gcc.h **** 
 157:Drivers/CMSIS/Include/cmsis_gcc.h ****   for (__zero_table_t const* pTable = &__zero_table_start__; pTable < &__zero_table_end__; ++pTable
 158:Drivers/CMSIS/Include/cmsis_gcc.h ****     for(uint32_t i=0u; i<pTable->wlen; ++i) {
 159:Drivers/CMSIS/Include/cmsis_gcc.h ****       pTable->dest[i] = 0u;
 160:Drivers/CMSIS/Include/cmsis_gcc.h ****     }
 161:Drivers/CMSIS/Include/cmsis_gcc.h ****   }
 162:Drivers/CMSIS/Include/cmsis_gcc.h **** 
 163:Drivers/CMSIS/Include/cmsis_gcc.h ****   _start();
 164:Drivers/CMSIS/Include/cmsis_gcc.h **** }
 165:Drivers/CMSIS/Include/cmsis_gcc.h **** 
 166:Drivers/CMSIS/Include/cmsis_gcc.h **** #define __PROGRAM_START           __cmsis_start
 167:Drivers/CMSIS/Include/cmsis_gcc.h **** #endif
 168:Drivers/CMSIS/Include/cmsis_gcc.h **** 
ARM GAS  /tmp/ccaG7QLp.s 			page 33


 169:Drivers/CMSIS/Include/cmsis_gcc.h **** #ifndef __INITIAL_SP
 170:Drivers/CMSIS/Include/cmsis_gcc.h **** #define __INITIAL_SP              __StackTop
 171:Drivers/CMSIS/Include/cmsis_gcc.h **** #endif
 172:Drivers/CMSIS/Include/cmsis_gcc.h **** 
 173:Drivers/CMSIS/Include/cmsis_gcc.h **** #ifndef __STACK_LIMIT
 174:Drivers/CMSIS/Include/cmsis_gcc.h **** #define __STACK_LIMIT             __StackLimit
 175:Drivers/CMSIS/Include/cmsis_gcc.h **** #endif
 176:Drivers/CMSIS/Include/cmsis_gcc.h **** 
 177:Drivers/CMSIS/Include/cmsis_gcc.h **** #ifndef __VECTOR_TABLE
 178:Drivers/CMSIS/Include/cmsis_gcc.h **** #define __VECTOR_TABLE            __Vectors
 179:Drivers/CMSIS/Include/cmsis_gcc.h **** #endif
 180:Drivers/CMSIS/Include/cmsis_gcc.h **** 
 181:Drivers/CMSIS/Include/cmsis_gcc.h **** #ifndef __VECTOR_TABLE_ATTRIBUTE
 182:Drivers/CMSIS/Include/cmsis_gcc.h **** #define __VECTOR_TABLE_ATTRIBUTE  __attribute__((used, section(".vectors")))
 183:Drivers/CMSIS/Include/cmsis_gcc.h **** #endif
 184:Drivers/CMSIS/Include/cmsis_gcc.h **** 
 185:Drivers/CMSIS/Include/cmsis_gcc.h **** #if defined (__ARM_FEATURE_CMSE) && (__ARM_FEATURE_CMSE == 3U)
 186:Drivers/CMSIS/Include/cmsis_gcc.h **** #ifndef __STACK_SEAL
 187:Drivers/CMSIS/Include/cmsis_gcc.h **** #define __STACK_SEAL              __StackSeal
 188:Drivers/CMSIS/Include/cmsis_gcc.h **** #endif
 189:Drivers/CMSIS/Include/cmsis_gcc.h **** 
 190:Drivers/CMSIS/Include/cmsis_gcc.h **** #ifndef __TZ_STACK_SEAL_SIZE
 191:Drivers/CMSIS/Include/cmsis_gcc.h **** #define __TZ_STACK_SEAL_SIZE      8U
 192:Drivers/CMSIS/Include/cmsis_gcc.h **** #endif
 193:Drivers/CMSIS/Include/cmsis_gcc.h **** 
 194:Drivers/CMSIS/Include/cmsis_gcc.h **** #ifndef __TZ_STACK_SEAL_VALUE
 195:Drivers/CMSIS/Include/cmsis_gcc.h **** #define __TZ_STACK_SEAL_VALUE     0xFEF5EDA5FEF5EDA5ULL
 196:Drivers/CMSIS/Include/cmsis_gcc.h **** #endif
 197:Drivers/CMSIS/Include/cmsis_gcc.h **** 
 198:Drivers/CMSIS/Include/cmsis_gcc.h **** 
 199:Drivers/CMSIS/Include/cmsis_gcc.h **** __STATIC_FORCEINLINE void __TZ_set_STACKSEAL_S (uint32_t* stackTop) {
 200:Drivers/CMSIS/Include/cmsis_gcc.h ****   *((uint64_t *)stackTop) = __TZ_STACK_SEAL_VALUE;
 201:Drivers/CMSIS/Include/cmsis_gcc.h **** }
 202:Drivers/CMSIS/Include/cmsis_gcc.h **** #endif
 203:Drivers/CMSIS/Include/cmsis_gcc.h **** 
 204:Drivers/CMSIS/Include/cmsis_gcc.h **** 
 205:Drivers/CMSIS/Include/cmsis_gcc.h **** /* ##########################  Core Instruction Access  ######################### */
 206:Drivers/CMSIS/Include/cmsis_gcc.h **** /** \defgroup CMSIS_Core_InstructionInterface CMSIS Core Instruction Interface
 207:Drivers/CMSIS/Include/cmsis_gcc.h ****   Access to dedicated instructions
 208:Drivers/CMSIS/Include/cmsis_gcc.h ****   @{
 209:Drivers/CMSIS/Include/cmsis_gcc.h **** */
 210:Drivers/CMSIS/Include/cmsis_gcc.h **** 
 211:Drivers/CMSIS/Include/cmsis_gcc.h **** /* Define macros for porting to both thumb1 and thumb2.
 212:Drivers/CMSIS/Include/cmsis_gcc.h ****  * For thumb1, use low register (r0-r7), specified by constraint "l"
 213:Drivers/CMSIS/Include/cmsis_gcc.h ****  * Otherwise, use general registers, specified by constraint "r" */
 214:Drivers/CMSIS/Include/cmsis_gcc.h **** #if defined (__thumb__) && !defined (__thumb2__)
 215:Drivers/CMSIS/Include/cmsis_gcc.h **** #define __CMSIS_GCC_OUT_REG(r) "=l" (r)
 216:Drivers/CMSIS/Include/cmsis_gcc.h **** #define __CMSIS_GCC_RW_REG(r) "+l" (r)
 217:Drivers/CMSIS/Include/cmsis_gcc.h **** #define __CMSIS_GCC_USE_REG(r) "l" (r)
 218:Drivers/CMSIS/Include/cmsis_gcc.h **** #else
 219:Drivers/CMSIS/Include/cmsis_gcc.h **** #define __CMSIS_GCC_OUT_REG(r) "=r" (r)
 220:Drivers/CMSIS/Include/cmsis_gcc.h **** #define __CMSIS_GCC_RW_REG(r) "+r" (r)
 221:Drivers/CMSIS/Include/cmsis_gcc.h **** #define __CMSIS_GCC_USE_REG(r) "r" (r)
 222:Drivers/CMSIS/Include/cmsis_gcc.h **** #endif
 223:Drivers/CMSIS/Include/cmsis_gcc.h **** 
 224:Drivers/CMSIS/Include/cmsis_gcc.h **** /**
 225:Drivers/CMSIS/Include/cmsis_gcc.h ****   \brief   No Operation
ARM GAS  /tmp/ccaG7QLp.s 			page 34


 226:Drivers/CMSIS/Include/cmsis_gcc.h ****   \details No Operation does nothing. This instruction can be used for code alignment purposes.
 227:Drivers/CMSIS/Include/cmsis_gcc.h ****  */
 228:Drivers/CMSIS/Include/cmsis_gcc.h **** #define __NOP()                             __ASM volatile ("nop")
 229:Drivers/CMSIS/Include/cmsis_gcc.h **** 
 230:Drivers/CMSIS/Include/cmsis_gcc.h **** /**
 231:Drivers/CMSIS/Include/cmsis_gcc.h ****   \brief   Wait For Interrupt
 232:Drivers/CMSIS/Include/cmsis_gcc.h ****   \details Wait For Interrupt is a hint instruction that suspends execution until one of a number o
 233:Drivers/CMSIS/Include/cmsis_gcc.h ****  */
 234:Drivers/CMSIS/Include/cmsis_gcc.h **** #define __WFI()                             __ASM volatile ("wfi":::"memory")
 235:Drivers/CMSIS/Include/cmsis_gcc.h **** 
 236:Drivers/CMSIS/Include/cmsis_gcc.h **** 
 237:Drivers/CMSIS/Include/cmsis_gcc.h **** /**
 238:Drivers/CMSIS/Include/cmsis_gcc.h ****   \brief   Wait For Event
 239:Drivers/CMSIS/Include/cmsis_gcc.h ****   \details Wait For Event is a hint instruction that permits the processor to enter
 240:Drivers/CMSIS/Include/cmsis_gcc.h ****            a low-power state until one of a number of events occurs.
 241:Drivers/CMSIS/Include/cmsis_gcc.h ****  */
 242:Drivers/CMSIS/Include/cmsis_gcc.h **** #define __WFE()                             __ASM volatile ("wfe":::"memory")
 243:Drivers/CMSIS/Include/cmsis_gcc.h **** 
 244:Drivers/CMSIS/Include/cmsis_gcc.h **** 
 245:Drivers/CMSIS/Include/cmsis_gcc.h **** /**
 246:Drivers/CMSIS/Include/cmsis_gcc.h ****   \brief   Send Event
 247:Drivers/CMSIS/Include/cmsis_gcc.h ****   \details Send Event is a hint instruction. It causes an event to be signaled to the CPU.
 248:Drivers/CMSIS/Include/cmsis_gcc.h ****  */
 249:Drivers/CMSIS/Include/cmsis_gcc.h **** #define __SEV()                             __ASM volatile ("sev")
 250:Drivers/CMSIS/Include/cmsis_gcc.h **** 
 251:Drivers/CMSIS/Include/cmsis_gcc.h **** 
 252:Drivers/CMSIS/Include/cmsis_gcc.h **** /**
 253:Drivers/CMSIS/Include/cmsis_gcc.h ****   \brief   Instruction Synchronization Barrier
 254:Drivers/CMSIS/Include/cmsis_gcc.h ****   \details Instruction Synchronization Barrier flushes the pipeline in the processor,
 255:Drivers/CMSIS/Include/cmsis_gcc.h ****            so that all instructions following the ISB are fetched from cache or memory,
 256:Drivers/CMSIS/Include/cmsis_gcc.h ****            after the instruction has been completed.
 257:Drivers/CMSIS/Include/cmsis_gcc.h ****  */
 258:Drivers/CMSIS/Include/cmsis_gcc.h **** __STATIC_FORCEINLINE void __ISB(void)
 259:Drivers/CMSIS/Include/cmsis_gcc.h **** {
 260:Drivers/CMSIS/Include/cmsis_gcc.h ****   __ASM volatile ("isb 0xF":::"memory");
 261:Drivers/CMSIS/Include/cmsis_gcc.h **** }
 262:Drivers/CMSIS/Include/cmsis_gcc.h **** 
 263:Drivers/CMSIS/Include/cmsis_gcc.h **** 
 264:Drivers/CMSIS/Include/cmsis_gcc.h **** /**
 265:Drivers/CMSIS/Include/cmsis_gcc.h ****   \brief   Data Synchronization Barrier
 266:Drivers/CMSIS/Include/cmsis_gcc.h ****   \details Acts as a special kind of Data Memory Barrier.
 267:Drivers/CMSIS/Include/cmsis_gcc.h ****            It completes when all explicit memory accesses before this instruction complete.
 268:Drivers/CMSIS/Include/cmsis_gcc.h ****  */
 269:Drivers/CMSIS/Include/cmsis_gcc.h **** __STATIC_FORCEINLINE void __DSB(void)
 270:Drivers/CMSIS/Include/cmsis_gcc.h **** {
 271:Drivers/CMSIS/Include/cmsis_gcc.h ****   __ASM volatile ("dsb 0xF":::"memory");
 272:Drivers/CMSIS/Include/cmsis_gcc.h **** }
 273:Drivers/CMSIS/Include/cmsis_gcc.h **** 
 274:Drivers/CMSIS/Include/cmsis_gcc.h **** 
 275:Drivers/CMSIS/Include/cmsis_gcc.h **** /**
 276:Drivers/CMSIS/Include/cmsis_gcc.h ****   \brief   Data Memory Barrier
 277:Drivers/CMSIS/Include/cmsis_gcc.h ****   \details Ensures the apparent order of the explicit memory operations before
 278:Drivers/CMSIS/Include/cmsis_gcc.h ****            and after the instruction, without ensuring their completion.
 279:Drivers/CMSIS/Include/cmsis_gcc.h ****  */
 280:Drivers/CMSIS/Include/cmsis_gcc.h **** __STATIC_FORCEINLINE void __DMB(void)
 281:Drivers/CMSIS/Include/cmsis_gcc.h **** {
 282:Drivers/CMSIS/Include/cmsis_gcc.h ****   __ASM volatile ("dmb 0xF":::"memory");
ARM GAS  /tmp/ccaG7QLp.s 			page 35


 283:Drivers/CMSIS/Include/cmsis_gcc.h **** }
 284:Drivers/CMSIS/Include/cmsis_gcc.h **** 
 285:Drivers/CMSIS/Include/cmsis_gcc.h **** 
 286:Drivers/CMSIS/Include/cmsis_gcc.h **** /**
 287:Drivers/CMSIS/Include/cmsis_gcc.h ****   \brief   Reverse byte order (32 bit)
 288:Drivers/CMSIS/Include/cmsis_gcc.h ****   \details Reverses the byte order in unsigned integer value. For example, 0x12345678 becomes 0x785
 289:Drivers/CMSIS/Include/cmsis_gcc.h ****   \param [in]    value  Value to reverse
 290:Drivers/CMSIS/Include/cmsis_gcc.h ****   \return               Reversed value
 291:Drivers/CMSIS/Include/cmsis_gcc.h ****  */
 292:Drivers/CMSIS/Include/cmsis_gcc.h **** __STATIC_FORCEINLINE uint32_t __REV(uint32_t value)
 293:Drivers/CMSIS/Include/cmsis_gcc.h **** {
 294:Drivers/CMSIS/Include/cmsis_gcc.h **** #if (__GNUC__ > 4) || (__GNUC__ == 4 && __GNUC_MINOR__ >= 5)
 295:Drivers/CMSIS/Include/cmsis_gcc.h ****   return __builtin_bswap32(value);
 296:Drivers/CMSIS/Include/cmsis_gcc.h **** #else
 297:Drivers/CMSIS/Include/cmsis_gcc.h ****   uint32_t result;
 298:Drivers/CMSIS/Include/cmsis_gcc.h **** 
 299:Drivers/CMSIS/Include/cmsis_gcc.h ****   __ASM ("rev %0, %1" : __CMSIS_GCC_OUT_REG (result) : __CMSIS_GCC_USE_REG (value) );
 300:Drivers/CMSIS/Include/cmsis_gcc.h ****   return result;
 301:Drivers/CMSIS/Include/cmsis_gcc.h **** #endif
 302:Drivers/CMSIS/Include/cmsis_gcc.h **** }
 303:Drivers/CMSIS/Include/cmsis_gcc.h **** 
 304:Drivers/CMSIS/Include/cmsis_gcc.h **** 
 305:Drivers/CMSIS/Include/cmsis_gcc.h **** /**
 306:Drivers/CMSIS/Include/cmsis_gcc.h ****   \brief   Reverse byte order (16 bit)
 307:Drivers/CMSIS/Include/cmsis_gcc.h ****   \details Reverses the byte order within each halfword of a word. For example, 0x12345678 becomes 
 308:Drivers/CMSIS/Include/cmsis_gcc.h ****   \param [in]    value  Value to reverse
 309:Drivers/CMSIS/Include/cmsis_gcc.h ****   \return               Reversed value
 310:Drivers/CMSIS/Include/cmsis_gcc.h ****  */
 311:Drivers/CMSIS/Include/cmsis_gcc.h **** __STATIC_FORCEINLINE uint32_t __REV16(uint32_t value)
 312:Drivers/CMSIS/Include/cmsis_gcc.h **** {
 313:Drivers/CMSIS/Include/cmsis_gcc.h ****   uint32_t result;
 314:Drivers/CMSIS/Include/cmsis_gcc.h **** 
 315:Drivers/CMSIS/Include/cmsis_gcc.h ****   __ASM ("rev16 %0, %1" : __CMSIS_GCC_OUT_REG (result) : __CMSIS_GCC_USE_REG (value) );
 316:Drivers/CMSIS/Include/cmsis_gcc.h ****   return result;
 317:Drivers/CMSIS/Include/cmsis_gcc.h **** }
 318:Drivers/CMSIS/Include/cmsis_gcc.h **** 
 319:Drivers/CMSIS/Include/cmsis_gcc.h **** 
 320:Drivers/CMSIS/Include/cmsis_gcc.h **** /**
 321:Drivers/CMSIS/Include/cmsis_gcc.h ****   \brief   Reverse byte order (16 bit)
 322:Drivers/CMSIS/Include/cmsis_gcc.h ****   \details Reverses the byte order in a 16-bit value and returns the signed 16-bit result. For exam
 323:Drivers/CMSIS/Include/cmsis_gcc.h ****   \param [in]    value  Value to reverse
 324:Drivers/CMSIS/Include/cmsis_gcc.h ****   \return               Reversed value
 325:Drivers/CMSIS/Include/cmsis_gcc.h ****  */
 326:Drivers/CMSIS/Include/cmsis_gcc.h **** __STATIC_FORCEINLINE int16_t __REVSH(int16_t value)
 327:Drivers/CMSIS/Include/cmsis_gcc.h **** {
 328:Drivers/CMSIS/Include/cmsis_gcc.h **** #if (__GNUC__ > 4) || (__GNUC__ == 4 && __GNUC_MINOR__ >= 8)
 329:Drivers/CMSIS/Include/cmsis_gcc.h ****   return (int16_t)__builtin_bswap16(value);
 330:Drivers/CMSIS/Include/cmsis_gcc.h **** #else
 331:Drivers/CMSIS/Include/cmsis_gcc.h ****   int16_t result;
 332:Drivers/CMSIS/Include/cmsis_gcc.h **** 
 333:Drivers/CMSIS/Include/cmsis_gcc.h ****   __ASM ("revsh %0, %1" : __CMSIS_GCC_OUT_REG (result) : __CMSIS_GCC_USE_REG (value) );
 334:Drivers/CMSIS/Include/cmsis_gcc.h ****   return result;
 335:Drivers/CMSIS/Include/cmsis_gcc.h **** #endif
 336:Drivers/CMSIS/Include/cmsis_gcc.h **** }
 337:Drivers/CMSIS/Include/cmsis_gcc.h **** 
 338:Drivers/CMSIS/Include/cmsis_gcc.h **** 
 339:Drivers/CMSIS/Include/cmsis_gcc.h **** /**
ARM GAS  /tmp/ccaG7QLp.s 			page 36


 340:Drivers/CMSIS/Include/cmsis_gcc.h ****   \brief   Rotate Right in unsigned value (32 bit)
 341:Drivers/CMSIS/Include/cmsis_gcc.h ****   \details Rotate Right (immediate) provides the value of the contents of a register rotated by a v
 342:Drivers/CMSIS/Include/cmsis_gcc.h ****   \param [in]    op1  Value to rotate
 343:Drivers/CMSIS/Include/cmsis_gcc.h ****   \param [in]    op2  Number of Bits to rotate
 344:Drivers/CMSIS/Include/cmsis_gcc.h ****   \return               Rotated value
 345:Drivers/CMSIS/Include/cmsis_gcc.h ****  */
 346:Drivers/CMSIS/Include/cmsis_gcc.h **** __STATIC_FORCEINLINE uint32_t __ROR(uint32_t op1, uint32_t op2)
 347:Drivers/CMSIS/Include/cmsis_gcc.h **** {
 348:Drivers/CMSIS/Include/cmsis_gcc.h ****   op2 %= 32U;
 349:Drivers/CMSIS/Include/cmsis_gcc.h ****   if (op2 == 0U)
 350:Drivers/CMSIS/Include/cmsis_gcc.h ****   {
 351:Drivers/CMSIS/Include/cmsis_gcc.h ****     return op1;
 352:Drivers/CMSIS/Include/cmsis_gcc.h ****   }
 353:Drivers/CMSIS/Include/cmsis_gcc.h ****   return (op1 >> op2) | (op1 << (32U - op2));
 354:Drivers/CMSIS/Include/cmsis_gcc.h **** }
 355:Drivers/CMSIS/Include/cmsis_gcc.h **** 
 356:Drivers/CMSIS/Include/cmsis_gcc.h **** 
 357:Drivers/CMSIS/Include/cmsis_gcc.h **** /**
 358:Drivers/CMSIS/Include/cmsis_gcc.h ****   \brief   Breakpoint
 359:Drivers/CMSIS/Include/cmsis_gcc.h ****   \details Causes the processor to enter Debug state.
 360:Drivers/CMSIS/Include/cmsis_gcc.h ****            Debug tools can use this to investigate system state when the instruction at a particula
 361:Drivers/CMSIS/Include/cmsis_gcc.h ****   \param [in]    value  is ignored by the processor.
 362:Drivers/CMSIS/Include/cmsis_gcc.h ****                  If required, a debugger can use it to store additional information about the break
 363:Drivers/CMSIS/Include/cmsis_gcc.h ****  */
 364:Drivers/CMSIS/Include/cmsis_gcc.h **** #define __BKPT(value)                       __ASM volatile ("bkpt "#value)
 365:Drivers/CMSIS/Include/cmsis_gcc.h **** 
 366:Drivers/CMSIS/Include/cmsis_gcc.h **** 
 367:Drivers/CMSIS/Include/cmsis_gcc.h **** /**
 368:Drivers/CMSIS/Include/cmsis_gcc.h ****   \brief   Reverse bit order of value
 369:Drivers/CMSIS/Include/cmsis_gcc.h ****   \details Reverses the bit order of the given value.
 370:Drivers/CMSIS/Include/cmsis_gcc.h ****   \param [in]    value  Value to reverse
 371:Drivers/CMSIS/Include/cmsis_gcc.h ****   \return               Reversed value
 372:Drivers/CMSIS/Include/cmsis_gcc.h ****  */
 373:Drivers/CMSIS/Include/cmsis_gcc.h **** __STATIC_FORCEINLINE uint32_t __RBIT(uint32_t value)
 374:Drivers/CMSIS/Include/cmsis_gcc.h **** {
 375:Drivers/CMSIS/Include/cmsis_gcc.h ****   uint32_t result;
 376:Drivers/CMSIS/Include/cmsis_gcc.h **** 
 377:Drivers/CMSIS/Include/cmsis_gcc.h **** #if ((defined (__ARM_ARCH_7M__      ) && (__ARM_ARCH_7M__      == 1)) || \
 378:Drivers/CMSIS/Include/cmsis_gcc.h ****      (defined (__ARM_ARCH_7EM__     ) && (__ARM_ARCH_7EM__     == 1)) || \
 379:Drivers/CMSIS/Include/cmsis_gcc.h ****      (defined (__ARM_ARCH_8M_MAIN__ ) && (__ARM_ARCH_8M_MAIN__ == 1))    )
 380:Drivers/CMSIS/Include/cmsis_gcc.h ****    __ASM ("rbit %0, %1" : "=r" (result) : "r" (value) );
 381:Drivers/CMSIS/Include/cmsis_gcc.h **** #else
 382:Drivers/CMSIS/Include/cmsis_gcc.h ****   uint32_t s = (4U /*sizeof(v)*/ * 8U) - 1U; /* extra shift needed at end */
 383:Drivers/CMSIS/Include/cmsis_gcc.h **** 
 384:Drivers/CMSIS/Include/cmsis_gcc.h ****   result = value;                      /* r will be reversed bits of v; first get LSB of v */
 385:Drivers/CMSIS/Include/cmsis_gcc.h ****   for (value >>= 1U; value != 0U; value >>= 1U)
 386:Drivers/CMSIS/Include/cmsis_gcc.h ****   {
 387:Drivers/CMSIS/Include/cmsis_gcc.h ****     result <<= 1U;
 388:Drivers/CMSIS/Include/cmsis_gcc.h ****     result |= value & 1U;
 389:Drivers/CMSIS/Include/cmsis_gcc.h ****     s--;
 390:Drivers/CMSIS/Include/cmsis_gcc.h ****   }
 391:Drivers/CMSIS/Include/cmsis_gcc.h ****   result <<= s;                        /* shift when v's highest bits are zero */
 392:Drivers/CMSIS/Include/cmsis_gcc.h **** #endif
 393:Drivers/CMSIS/Include/cmsis_gcc.h ****   return result;
 394:Drivers/CMSIS/Include/cmsis_gcc.h **** }
 395:Drivers/CMSIS/Include/cmsis_gcc.h **** 
 396:Drivers/CMSIS/Include/cmsis_gcc.h **** 
ARM GAS  /tmp/ccaG7QLp.s 			page 37


 397:Drivers/CMSIS/Include/cmsis_gcc.h **** /**
 398:Drivers/CMSIS/Include/cmsis_gcc.h ****   \brief   Count leading zeros
 399:Drivers/CMSIS/Include/cmsis_gcc.h ****   \details Counts the number of leading zeros of a data value.
 400:Drivers/CMSIS/Include/cmsis_gcc.h ****   \param [in]  value  Value to count the leading zeros
 401:Drivers/CMSIS/Include/cmsis_gcc.h ****   \return             number of leading zeros in value
 402:Drivers/CMSIS/Include/cmsis_gcc.h ****  */
 403:Drivers/CMSIS/Include/cmsis_gcc.h **** __STATIC_FORCEINLINE uint8_t __CLZ(uint32_t value)
 404:Drivers/CMSIS/Include/cmsis_gcc.h **** {
 405:Drivers/CMSIS/Include/cmsis_gcc.h ****   /* Even though __builtin_clz produces a CLZ instruction on ARM, formally
 406:Drivers/CMSIS/Include/cmsis_gcc.h ****      __builtin_clz(0) is undefined behaviour, so handle this case specially.
 407:Drivers/CMSIS/Include/cmsis_gcc.h ****      This guarantees ARM-compatible results if happening to compile on a non-ARM
 408:Drivers/CMSIS/Include/cmsis_gcc.h ****      target, and ensures the compiler doesn't decide to activate any
 409:Drivers/CMSIS/Include/cmsis_gcc.h ****      optimisations using the logic "value was passed to __builtin_clz, so it
 410:Drivers/CMSIS/Include/cmsis_gcc.h ****      is non-zero".
 411:Drivers/CMSIS/Include/cmsis_gcc.h ****      ARM GCC 7.3 and possibly earlier will optimise this test away, leaving a
 412:Drivers/CMSIS/Include/cmsis_gcc.h ****      single CLZ instruction.
 413:Drivers/CMSIS/Include/cmsis_gcc.h ****    */
 414:Drivers/CMSIS/Include/cmsis_gcc.h ****   if (value == 0U)
 415:Drivers/CMSIS/Include/cmsis_gcc.h ****   {
 416:Drivers/CMSIS/Include/cmsis_gcc.h ****     return 32U;
 417:Drivers/CMSIS/Include/cmsis_gcc.h ****   }
 418:Drivers/CMSIS/Include/cmsis_gcc.h ****   return __builtin_clz(value);
 419:Drivers/CMSIS/Include/cmsis_gcc.h **** }
 420:Drivers/CMSIS/Include/cmsis_gcc.h **** 
 421:Drivers/CMSIS/Include/cmsis_gcc.h **** 
 422:Drivers/CMSIS/Include/cmsis_gcc.h **** #if ((defined (__ARM_ARCH_7M__      ) && (__ARM_ARCH_7M__      == 1)) || \
 423:Drivers/CMSIS/Include/cmsis_gcc.h ****      (defined (__ARM_ARCH_7EM__     ) && (__ARM_ARCH_7EM__     == 1)) || \
 424:Drivers/CMSIS/Include/cmsis_gcc.h ****      (defined (__ARM_ARCH_8M_MAIN__ ) && (__ARM_ARCH_8M_MAIN__ == 1)) || \
 425:Drivers/CMSIS/Include/cmsis_gcc.h ****      (defined (__ARM_ARCH_8M_BASE__ ) && (__ARM_ARCH_8M_BASE__ == 1))    )
 426:Drivers/CMSIS/Include/cmsis_gcc.h **** /**
 427:Drivers/CMSIS/Include/cmsis_gcc.h ****   \brief   LDR Exclusive (8 bit)
 428:Drivers/CMSIS/Include/cmsis_gcc.h ****   \details Executes a exclusive LDR instruction for 8 bit value.
 429:Drivers/CMSIS/Include/cmsis_gcc.h ****   \param [in]    ptr  Pointer to data
 430:Drivers/CMSIS/Include/cmsis_gcc.h ****   \return             value of type uint8_t at (*ptr)
 431:Drivers/CMSIS/Include/cmsis_gcc.h ****  */
 432:Drivers/CMSIS/Include/cmsis_gcc.h **** __STATIC_FORCEINLINE uint8_t __LDREXB(volatile uint8_t *addr)
 433:Drivers/CMSIS/Include/cmsis_gcc.h **** {
 434:Drivers/CMSIS/Include/cmsis_gcc.h ****     uint32_t result;
 435:Drivers/CMSIS/Include/cmsis_gcc.h **** 
 436:Drivers/CMSIS/Include/cmsis_gcc.h **** #if (__GNUC__ > 4) || (__GNUC__ == 4 && __GNUC_MINOR__ >= 8)
 437:Drivers/CMSIS/Include/cmsis_gcc.h ****    __ASM volatile ("ldrexb %0, %1" : "=r" (result) : "Q" (*addr) );
 438:Drivers/CMSIS/Include/cmsis_gcc.h **** #else
 439:Drivers/CMSIS/Include/cmsis_gcc.h ****     /* Prior to GCC 4.8, "Q" will be expanded to [rx, #0] which is not
 440:Drivers/CMSIS/Include/cmsis_gcc.h ****        accepted by assembler. So has to use following less efficient pattern.
 441:Drivers/CMSIS/Include/cmsis_gcc.h ****     */
 442:Drivers/CMSIS/Include/cmsis_gcc.h ****    __ASM volatile ("ldrexb %0, [%1]" : "=r" (result) : "r" (addr) : "memory" );
 443:Drivers/CMSIS/Include/cmsis_gcc.h **** #endif
 444:Drivers/CMSIS/Include/cmsis_gcc.h ****    return ((uint8_t) result);    /* Add explicit type cast here */
 445:Drivers/CMSIS/Include/cmsis_gcc.h **** }
 446:Drivers/CMSIS/Include/cmsis_gcc.h **** 
 447:Drivers/CMSIS/Include/cmsis_gcc.h **** 
 448:Drivers/CMSIS/Include/cmsis_gcc.h **** /**
 449:Drivers/CMSIS/Include/cmsis_gcc.h ****   \brief   LDR Exclusive (16 bit)
 450:Drivers/CMSIS/Include/cmsis_gcc.h ****   \details Executes a exclusive LDR instruction for 16 bit values.
 451:Drivers/CMSIS/Include/cmsis_gcc.h ****   \param [in]    ptr  Pointer to data
 452:Drivers/CMSIS/Include/cmsis_gcc.h ****   \return        value of type uint16_t at (*ptr)
 453:Drivers/CMSIS/Include/cmsis_gcc.h ****  */
ARM GAS  /tmp/ccaG7QLp.s 			page 38


 454:Drivers/CMSIS/Include/cmsis_gcc.h **** __STATIC_FORCEINLINE uint16_t __LDREXH(volatile uint16_t *addr)
 455:Drivers/CMSIS/Include/cmsis_gcc.h **** {
 456:Drivers/CMSIS/Include/cmsis_gcc.h ****     uint32_t result;
 457:Drivers/CMSIS/Include/cmsis_gcc.h **** 
 458:Drivers/CMSIS/Include/cmsis_gcc.h **** #if (__GNUC__ > 4) || (__GNUC__ == 4 && __GNUC_MINOR__ >= 8)
 459:Drivers/CMSIS/Include/cmsis_gcc.h ****    __ASM volatile ("ldrexh %0, %1" : "=r" (result) : "Q" (*addr) );
 460:Drivers/CMSIS/Include/cmsis_gcc.h **** #else
 461:Drivers/CMSIS/Include/cmsis_gcc.h ****     /* Prior to GCC 4.8, "Q" will be expanded to [rx, #0] which is not
 462:Drivers/CMSIS/Include/cmsis_gcc.h ****        accepted by assembler. So has to use following less efficient pattern.
 463:Drivers/CMSIS/Include/cmsis_gcc.h ****     */
 464:Drivers/CMSIS/Include/cmsis_gcc.h ****    __ASM volatile ("ldrexh %0, [%1]" : "=r" (result) : "r" (addr) : "memory" );
 465:Drivers/CMSIS/Include/cmsis_gcc.h **** #endif
 466:Drivers/CMSIS/Include/cmsis_gcc.h ****    return ((uint16_t) result);    /* Add explicit type cast here */
 467:Drivers/CMSIS/Include/cmsis_gcc.h **** }
 468:Drivers/CMSIS/Include/cmsis_gcc.h **** 
 469:Drivers/CMSIS/Include/cmsis_gcc.h **** 
 470:Drivers/CMSIS/Include/cmsis_gcc.h **** /**
 471:Drivers/CMSIS/Include/cmsis_gcc.h ****   \brief   LDR Exclusive (32 bit)
 472:Drivers/CMSIS/Include/cmsis_gcc.h ****   \details Executes a exclusive LDR instruction for 32 bit values.
 473:Drivers/CMSIS/Include/cmsis_gcc.h ****   \param [in]    ptr  Pointer to data
 474:Drivers/CMSIS/Include/cmsis_gcc.h ****   \return        value of type uint32_t at (*ptr)
 475:Drivers/CMSIS/Include/cmsis_gcc.h ****  */
 476:Drivers/CMSIS/Include/cmsis_gcc.h **** __STATIC_FORCEINLINE uint32_t __LDREXW(volatile uint32_t *addr)
 477:Drivers/CMSIS/Include/cmsis_gcc.h **** {
 478:Drivers/CMSIS/Include/cmsis_gcc.h ****     uint32_t result;
 479:Drivers/CMSIS/Include/cmsis_gcc.h **** 
 480:Drivers/CMSIS/Include/cmsis_gcc.h ****    __ASM volatile ("ldrex %0, %1" : "=r" (result) : "Q" (*addr) );
 481:Drivers/CMSIS/Include/cmsis_gcc.h ****    return(result);
 482:Drivers/CMSIS/Include/cmsis_gcc.h **** }
 483:Drivers/CMSIS/Include/cmsis_gcc.h **** 
 484:Drivers/CMSIS/Include/cmsis_gcc.h **** 
 485:Drivers/CMSIS/Include/cmsis_gcc.h **** /**
 486:Drivers/CMSIS/Include/cmsis_gcc.h ****   \brief   STR Exclusive (8 bit)
 487:Drivers/CMSIS/Include/cmsis_gcc.h ****   \details Executes a exclusive STR instruction for 8 bit values.
 488:Drivers/CMSIS/Include/cmsis_gcc.h ****   \param [in]  value  Value to store
 489:Drivers/CMSIS/Include/cmsis_gcc.h ****   \param [in]    ptr  Pointer to location
 490:Drivers/CMSIS/Include/cmsis_gcc.h ****   \return          0  Function succeeded
 491:Drivers/CMSIS/Include/cmsis_gcc.h ****   \return          1  Function failed
 492:Drivers/CMSIS/Include/cmsis_gcc.h ****  */
 493:Drivers/CMSIS/Include/cmsis_gcc.h **** __STATIC_FORCEINLINE uint32_t __STREXB(uint8_t value, volatile uint8_t *addr)
 494:Drivers/CMSIS/Include/cmsis_gcc.h **** {
 495:Drivers/CMSIS/Include/cmsis_gcc.h ****    uint32_t result;
 496:Drivers/CMSIS/Include/cmsis_gcc.h **** 
 497:Drivers/CMSIS/Include/cmsis_gcc.h ****    __ASM volatile ("strexb %0, %2, %1" : "=&r" (result), "=Q" (*addr) : "r" ((uint32_t)value) );
 498:Drivers/CMSIS/Include/cmsis_gcc.h ****    return(result);
 499:Drivers/CMSIS/Include/cmsis_gcc.h **** }
 500:Drivers/CMSIS/Include/cmsis_gcc.h **** 
 501:Drivers/CMSIS/Include/cmsis_gcc.h **** 
 502:Drivers/CMSIS/Include/cmsis_gcc.h **** /**
 503:Drivers/CMSIS/Include/cmsis_gcc.h ****   \brief   STR Exclusive (16 bit)
 504:Drivers/CMSIS/Include/cmsis_gcc.h ****   \details Executes a exclusive STR instruction for 16 bit values.
 505:Drivers/CMSIS/Include/cmsis_gcc.h ****   \param [in]  value  Value to store
 506:Drivers/CMSIS/Include/cmsis_gcc.h ****   \param [in]    ptr  Pointer to location
 507:Drivers/CMSIS/Include/cmsis_gcc.h ****   \return          0  Function succeeded
 508:Drivers/CMSIS/Include/cmsis_gcc.h ****   \return          1  Function failed
 509:Drivers/CMSIS/Include/cmsis_gcc.h ****  */
 510:Drivers/CMSIS/Include/cmsis_gcc.h **** __STATIC_FORCEINLINE uint32_t __STREXH(uint16_t value, volatile uint16_t *addr)
ARM GAS  /tmp/ccaG7QLp.s 			page 39


 511:Drivers/CMSIS/Include/cmsis_gcc.h **** {
 512:Drivers/CMSIS/Include/cmsis_gcc.h ****    uint32_t result;
 513:Drivers/CMSIS/Include/cmsis_gcc.h **** 
 514:Drivers/CMSIS/Include/cmsis_gcc.h ****    __ASM volatile ("strexh %0, %2, %1" : "=&r" (result), "=Q" (*addr) : "r" ((uint32_t)value) );
 515:Drivers/CMSIS/Include/cmsis_gcc.h ****    return(result);
 516:Drivers/CMSIS/Include/cmsis_gcc.h **** }
 517:Drivers/CMSIS/Include/cmsis_gcc.h **** 
 518:Drivers/CMSIS/Include/cmsis_gcc.h **** 
 519:Drivers/CMSIS/Include/cmsis_gcc.h **** /**
 520:Drivers/CMSIS/Include/cmsis_gcc.h ****   \brief   STR Exclusive (32 bit)
 521:Drivers/CMSIS/Include/cmsis_gcc.h ****   \details Executes a exclusive STR instruction for 32 bit values.
 522:Drivers/CMSIS/Include/cmsis_gcc.h ****   \param [in]  value  Value to store
 523:Drivers/CMSIS/Include/cmsis_gcc.h ****   \param [in]    ptr  Pointer to location
 524:Drivers/CMSIS/Include/cmsis_gcc.h ****   \return          0  Function succeeded
 525:Drivers/CMSIS/Include/cmsis_gcc.h ****   \return          1  Function failed
 526:Drivers/CMSIS/Include/cmsis_gcc.h ****  */
 527:Drivers/CMSIS/Include/cmsis_gcc.h **** __STATIC_FORCEINLINE uint32_t __STREXW(uint32_t value, volatile uint32_t *addr)
 528:Drivers/CMSIS/Include/cmsis_gcc.h **** {
 529:Drivers/CMSIS/Include/cmsis_gcc.h ****    uint32_t result;
 530:Drivers/CMSIS/Include/cmsis_gcc.h **** 
 531:Drivers/CMSIS/Include/cmsis_gcc.h ****    __ASM volatile ("strex %0, %2, %1" : "=&r" (result), "=Q" (*addr) : "r" (value) );
 532:Drivers/CMSIS/Include/cmsis_gcc.h ****    return(result);
 533:Drivers/CMSIS/Include/cmsis_gcc.h **** }
 534:Drivers/CMSIS/Include/cmsis_gcc.h **** 
 535:Drivers/CMSIS/Include/cmsis_gcc.h **** 
 536:Drivers/CMSIS/Include/cmsis_gcc.h **** /**
 537:Drivers/CMSIS/Include/cmsis_gcc.h ****   \brief   Remove the exclusive lock
 538:Drivers/CMSIS/Include/cmsis_gcc.h ****   \details Removes the exclusive lock which is created by LDREX.
 539:Drivers/CMSIS/Include/cmsis_gcc.h ****  */
 540:Drivers/CMSIS/Include/cmsis_gcc.h **** __STATIC_FORCEINLINE void __CLREX(void)
 541:Drivers/CMSIS/Include/cmsis_gcc.h **** {
 542:Drivers/CMSIS/Include/cmsis_gcc.h ****   __ASM volatile ("clrex" ::: "memory");
 543:Drivers/CMSIS/Include/cmsis_gcc.h **** }
 544:Drivers/CMSIS/Include/cmsis_gcc.h **** 
 545:Drivers/CMSIS/Include/cmsis_gcc.h **** #endif /* ((defined (__ARM_ARCH_7M__      ) && (__ARM_ARCH_7M__      == 1)) || \
 546:Drivers/CMSIS/Include/cmsis_gcc.h ****            (defined (__ARM_ARCH_7EM__     ) && (__ARM_ARCH_7EM__     == 1)) || \
 547:Drivers/CMSIS/Include/cmsis_gcc.h ****            (defined (__ARM_ARCH_8M_MAIN__ ) && (__ARM_ARCH_8M_MAIN__ == 1)) || \
 548:Drivers/CMSIS/Include/cmsis_gcc.h ****            (defined (__ARM_ARCH_8M_BASE__ ) && (__ARM_ARCH_8M_BASE__ == 1))    ) */
 549:Drivers/CMSIS/Include/cmsis_gcc.h **** 
 550:Drivers/CMSIS/Include/cmsis_gcc.h **** 
 551:Drivers/CMSIS/Include/cmsis_gcc.h **** #if ((defined (__ARM_ARCH_7M__      ) && (__ARM_ARCH_7M__      == 1)) || \
 552:Drivers/CMSIS/Include/cmsis_gcc.h ****      (defined (__ARM_ARCH_7EM__     ) && (__ARM_ARCH_7EM__     == 1)) || \
 553:Drivers/CMSIS/Include/cmsis_gcc.h ****      (defined (__ARM_ARCH_8M_MAIN__ ) && (__ARM_ARCH_8M_MAIN__ == 1))    )
 554:Drivers/CMSIS/Include/cmsis_gcc.h **** /**
 555:Drivers/CMSIS/Include/cmsis_gcc.h ****   \brief   Signed Saturate
 556:Drivers/CMSIS/Include/cmsis_gcc.h ****   \details Saturates a signed value.
 557:Drivers/CMSIS/Include/cmsis_gcc.h ****   \param [in]  ARG1  Value to be saturated
 558:Drivers/CMSIS/Include/cmsis_gcc.h ****   \param [in]  ARG2  Bit position to saturate to (1..32)
 559:Drivers/CMSIS/Include/cmsis_gcc.h ****   \return             Saturated value
 560:Drivers/CMSIS/Include/cmsis_gcc.h ****  */
 561:Drivers/CMSIS/Include/cmsis_gcc.h **** #define __SSAT(ARG1, ARG2) \
 562:Drivers/CMSIS/Include/cmsis_gcc.h **** __extension__ \
 563:Drivers/CMSIS/Include/cmsis_gcc.h **** ({                          \
 564:Drivers/CMSIS/Include/cmsis_gcc.h ****   int32_t __RES, __ARG1 = (ARG1); \
 565:Drivers/CMSIS/Include/cmsis_gcc.h ****   __ASM volatile ("ssat %0, %1, %2" : "=r" (__RES) :  "I" (ARG2), "r" (__ARG1) : "cc" ); \
 566:Drivers/CMSIS/Include/cmsis_gcc.h ****   __RES; \
 567:Drivers/CMSIS/Include/cmsis_gcc.h ****  })
ARM GAS  /tmp/ccaG7QLp.s 			page 40


 568:Drivers/CMSIS/Include/cmsis_gcc.h **** 
 569:Drivers/CMSIS/Include/cmsis_gcc.h **** 
 570:Drivers/CMSIS/Include/cmsis_gcc.h **** /**
 571:Drivers/CMSIS/Include/cmsis_gcc.h ****   \brief   Unsigned Saturate
 572:Drivers/CMSIS/Include/cmsis_gcc.h ****   \details Saturates an unsigned value.
 573:Drivers/CMSIS/Include/cmsis_gcc.h ****   \param [in]  ARG1  Value to be saturated
 574:Drivers/CMSIS/Include/cmsis_gcc.h ****   \param [in]  ARG2  Bit position to saturate to (0..31)
 575:Drivers/CMSIS/Include/cmsis_gcc.h ****   \return             Saturated value
 576:Drivers/CMSIS/Include/cmsis_gcc.h ****  */
 577:Drivers/CMSIS/Include/cmsis_gcc.h **** #define __USAT(ARG1, ARG2) \
 578:Drivers/CMSIS/Include/cmsis_gcc.h **** __extension__ \
 579:Drivers/CMSIS/Include/cmsis_gcc.h **** ({                          \
 580:Drivers/CMSIS/Include/cmsis_gcc.h ****   uint32_t __RES, __ARG1 = (ARG1); \
 581:Drivers/CMSIS/Include/cmsis_gcc.h ****   __ASM volatile ("usat %0, %1, %2" : "=r" (__RES) :  "I" (ARG2), "r" (__ARG1) : "cc" ); \
 582:Drivers/CMSIS/Include/cmsis_gcc.h ****   __RES; \
 583:Drivers/CMSIS/Include/cmsis_gcc.h ****  })
 584:Drivers/CMSIS/Include/cmsis_gcc.h **** 
 585:Drivers/CMSIS/Include/cmsis_gcc.h **** 
 586:Drivers/CMSIS/Include/cmsis_gcc.h **** /**
 587:Drivers/CMSIS/Include/cmsis_gcc.h ****   \brief   Rotate Right with Extend (32 bit)
 588:Drivers/CMSIS/Include/cmsis_gcc.h ****   \details Moves each bit of a bitstring right by one bit.
 589:Drivers/CMSIS/Include/cmsis_gcc.h ****            The carry input is shifted in at the left end of the bitstring.
 590:Drivers/CMSIS/Include/cmsis_gcc.h ****   \param [in]    value  Value to rotate
 591:Drivers/CMSIS/Include/cmsis_gcc.h ****   \return               Rotated value
 592:Drivers/CMSIS/Include/cmsis_gcc.h ****  */
 593:Drivers/CMSIS/Include/cmsis_gcc.h **** __STATIC_FORCEINLINE uint32_t __RRX(uint32_t value)
 594:Drivers/CMSIS/Include/cmsis_gcc.h **** {
 595:Drivers/CMSIS/Include/cmsis_gcc.h ****   uint32_t result;
 596:Drivers/CMSIS/Include/cmsis_gcc.h **** 
 597:Drivers/CMSIS/Include/cmsis_gcc.h ****   __ASM volatile ("rrx %0, %1" : __CMSIS_GCC_OUT_REG (result) : __CMSIS_GCC_USE_REG (value) );
 598:Drivers/CMSIS/Include/cmsis_gcc.h ****   return(result);
 599:Drivers/CMSIS/Include/cmsis_gcc.h **** }
 600:Drivers/CMSIS/Include/cmsis_gcc.h **** 
 601:Drivers/CMSIS/Include/cmsis_gcc.h **** 
 602:Drivers/CMSIS/Include/cmsis_gcc.h **** /**
 603:Drivers/CMSIS/Include/cmsis_gcc.h ****   \brief   LDRT Unprivileged (8 bit)
 604:Drivers/CMSIS/Include/cmsis_gcc.h ****   \details Executes a Unprivileged LDRT instruction for 8 bit value.
 605:Drivers/CMSIS/Include/cmsis_gcc.h ****   \param [in]    ptr  Pointer to data
 606:Drivers/CMSIS/Include/cmsis_gcc.h ****   \return             value of type uint8_t at (*ptr)
 607:Drivers/CMSIS/Include/cmsis_gcc.h ****  */
 608:Drivers/CMSIS/Include/cmsis_gcc.h **** __STATIC_FORCEINLINE uint8_t __LDRBT(volatile uint8_t *ptr)
 609:Drivers/CMSIS/Include/cmsis_gcc.h **** {
 610:Drivers/CMSIS/Include/cmsis_gcc.h ****     uint32_t result;
 611:Drivers/CMSIS/Include/cmsis_gcc.h **** 
 612:Drivers/CMSIS/Include/cmsis_gcc.h **** #if (__GNUC__ > 4) || (__GNUC__ == 4 && __GNUC_MINOR__ >= 8)
 613:Drivers/CMSIS/Include/cmsis_gcc.h ****    __ASM volatile ("ldrbt %0, %1" : "=r" (result) : "Q" (*ptr) );
 614:Drivers/CMSIS/Include/cmsis_gcc.h **** #else
 615:Drivers/CMSIS/Include/cmsis_gcc.h ****     /* Prior to GCC 4.8, "Q" will be expanded to [rx, #0] which is not
 616:Drivers/CMSIS/Include/cmsis_gcc.h ****        accepted by assembler. So has to use following less efficient pattern.
 617:Drivers/CMSIS/Include/cmsis_gcc.h ****     */
 618:Drivers/CMSIS/Include/cmsis_gcc.h ****    __ASM volatile ("ldrbt %0, [%1]" : "=r" (result) : "r" (ptr) : "memory" );
 619:Drivers/CMSIS/Include/cmsis_gcc.h **** #endif
 620:Drivers/CMSIS/Include/cmsis_gcc.h ****    return ((uint8_t) result);    /* Add explicit type cast here */
 621:Drivers/CMSIS/Include/cmsis_gcc.h **** }
 622:Drivers/CMSIS/Include/cmsis_gcc.h **** 
 623:Drivers/CMSIS/Include/cmsis_gcc.h **** 
 624:Drivers/CMSIS/Include/cmsis_gcc.h **** /**
ARM GAS  /tmp/ccaG7QLp.s 			page 41


 625:Drivers/CMSIS/Include/cmsis_gcc.h ****   \brief   LDRT Unprivileged (16 bit)
 626:Drivers/CMSIS/Include/cmsis_gcc.h ****   \details Executes a Unprivileged LDRT instruction for 16 bit values.
 627:Drivers/CMSIS/Include/cmsis_gcc.h ****   \param [in]    ptr  Pointer to data
 628:Drivers/CMSIS/Include/cmsis_gcc.h ****   \return        value of type uint16_t at (*ptr)
 629:Drivers/CMSIS/Include/cmsis_gcc.h ****  */
 630:Drivers/CMSIS/Include/cmsis_gcc.h **** __STATIC_FORCEINLINE uint16_t __LDRHT(volatile uint16_t *ptr)
 631:Drivers/CMSIS/Include/cmsis_gcc.h **** {
 632:Drivers/CMSIS/Include/cmsis_gcc.h ****     uint32_t result;
 633:Drivers/CMSIS/Include/cmsis_gcc.h **** 
 634:Drivers/CMSIS/Include/cmsis_gcc.h **** #if (__GNUC__ > 4) || (__GNUC__ == 4 && __GNUC_MINOR__ >= 8)
 635:Drivers/CMSIS/Include/cmsis_gcc.h ****    __ASM volatile ("ldrht %0, %1" : "=r" (result) : "Q" (*ptr) );
 636:Drivers/CMSIS/Include/cmsis_gcc.h **** #else
 637:Drivers/CMSIS/Include/cmsis_gcc.h ****     /* Prior to GCC 4.8, "Q" will be expanded to [rx, #0] which is not
 638:Drivers/CMSIS/Include/cmsis_gcc.h ****        accepted by assembler. So has to use following less efficient pattern.
 639:Drivers/CMSIS/Include/cmsis_gcc.h ****     */
 640:Drivers/CMSIS/Include/cmsis_gcc.h ****    __ASM volatile ("ldrht %0, [%1]" : "=r" (result) : "r" (ptr) : "memory" );
 641:Drivers/CMSIS/Include/cmsis_gcc.h **** #endif
 642:Drivers/CMSIS/Include/cmsis_gcc.h ****    return ((uint16_t) result);    /* Add explicit type cast here */
 643:Drivers/CMSIS/Include/cmsis_gcc.h **** }
 644:Drivers/CMSIS/Include/cmsis_gcc.h **** 
 645:Drivers/CMSIS/Include/cmsis_gcc.h **** 
 646:Drivers/CMSIS/Include/cmsis_gcc.h **** /**
 647:Drivers/CMSIS/Include/cmsis_gcc.h ****   \brief   LDRT Unprivileged (32 bit)
 648:Drivers/CMSIS/Include/cmsis_gcc.h ****   \details Executes a Unprivileged LDRT instruction for 32 bit values.
 649:Drivers/CMSIS/Include/cmsis_gcc.h ****   \param [in]    ptr  Pointer to data
 650:Drivers/CMSIS/Include/cmsis_gcc.h ****   \return        value of type uint32_t at (*ptr)
 651:Drivers/CMSIS/Include/cmsis_gcc.h ****  */
 652:Drivers/CMSIS/Include/cmsis_gcc.h **** __STATIC_FORCEINLINE uint32_t __LDRT(volatile uint32_t *ptr)
 653:Drivers/CMSIS/Include/cmsis_gcc.h **** {
 654:Drivers/CMSIS/Include/cmsis_gcc.h ****     uint32_t result;
 655:Drivers/CMSIS/Include/cmsis_gcc.h **** 
 656:Drivers/CMSIS/Include/cmsis_gcc.h ****    __ASM volatile ("ldrt %0, %1" : "=r" (result) : "Q" (*ptr) );
 657:Drivers/CMSIS/Include/cmsis_gcc.h ****    return(result);
 658:Drivers/CMSIS/Include/cmsis_gcc.h **** }
 659:Drivers/CMSIS/Include/cmsis_gcc.h **** 
 660:Drivers/CMSIS/Include/cmsis_gcc.h **** 
 661:Drivers/CMSIS/Include/cmsis_gcc.h **** /**
 662:Drivers/CMSIS/Include/cmsis_gcc.h ****   \brief   STRT Unprivileged (8 bit)
 663:Drivers/CMSIS/Include/cmsis_gcc.h ****   \details Executes a Unprivileged STRT instruction for 8 bit values.
 664:Drivers/CMSIS/Include/cmsis_gcc.h ****   \param [in]  value  Value to store
 665:Drivers/CMSIS/Include/cmsis_gcc.h ****   \param [in]    ptr  Pointer to location
 666:Drivers/CMSIS/Include/cmsis_gcc.h ****  */
 667:Drivers/CMSIS/Include/cmsis_gcc.h **** __STATIC_FORCEINLINE void __STRBT(uint8_t value, volatile uint8_t *ptr)
 668:Drivers/CMSIS/Include/cmsis_gcc.h **** {
 669:Drivers/CMSIS/Include/cmsis_gcc.h ****    __ASM volatile ("strbt %1, %0" : "=Q" (*ptr) : "r" ((uint32_t)value) );
 670:Drivers/CMSIS/Include/cmsis_gcc.h **** }
 671:Drivers/CMSIS/Include/cmsis_gcc.h **** 
 672:Drivers/CMSIS/Include/cmsis_gcc.h **** 
 673:Drivers/CMSIS/Include/cmsis_gcc.h **** /**
 674:Drivers/CMSIS/Include/cmsis_gcc.h ****   \brief   STRT Unprivileged (16 bit)
 675:Drivers/CMSIS/Include/cmsis_gcc.h ****   \details Executes a Unprivileged STRT instruction for 16 bit values.
 676:Drivers/CMSIS/Include/cmsis_gcc.h ****   \param [in]  value  Value to store
 677:Drivers/CMSIS/Include/cmsis_gcc.h ****   \param [in]    ptr  Pointer to location
 678:Drivers/CMSIS/Include/cmsis_gcc.h ****  */
 679:Drivers/CMSIS/Include/cmsis_gcc.h **** __STATIC_FORCEINLINE void __STRHT(uint16_t value, volatile uint16_t *ptr)
 680:Drivers/CMSIS/Include/cmsis_gcc.h **** {
 681:Drivers/CMSIS/Include/cmsis_gcc.h ****    __ASM volatile ("strht %1, %0" : "=Q" (*ptr) : "r" ((uint32_t)value) );
ARM GAS  /tmp/ccaG7QLp.s 			page 42


 682:Drivers/CMSIS/Include/cmsis_gcc.h **** }
 683:Drivers/CMSIS/Include/cmsis_gcc.h **** 
 684:Drivers/CMSIS/Include/cmsis_gcc.h **** 
 685:Drivers/CMSIS/Include/cmsis_gcc.h **** /**
 686:Drivers/CMSIS/Include/cmsis_gcc.h ****   \brief   STRT Unprivileged (32 bit)
 687:Drivers/CMSIS/Include/cmsis_gcc.h ****   \details Executes a Unprivileged STRT instruction for 32 bit values.
 688:Drivers/CMSIS/Include/cmsis_gcc.h ****   \param [in]  value  Value to store
 689:Drivers/CMSIS/Include/cmsis_gcc.h ****   \param [in]    ptr  Pointer to location
 690:Drivers/CMSIS/Include/cmsis_gcc.h ****  */
 691:Drivers/CMSIS/Include/cmsis_gcc.h **** __STATIC_FORCEINLINE void __STRT(uint32_t value, volatile uint32_t *ptr)
 692:Drivers/CMSIS/Include/cmsis_gcc.h **** {
 693:Drivers/CMSIS/Include/cmsis_gcc.h ****    __ASM volatile ("strt %1, %0" : "=Q" (*ptr) : "r" (value) );
 694:Drivers/CMSIS/Include/cmsis_gcc.h **** }
 695:Drivers/CMSIS/Include/cmsis_gcc.h **** 
 696:Drivers/CMSIS/Include/cmsis_gcc.h **** #else  /* ((defined (__ARM_ARCH_7M__      ) && (__ARM_ARCH_7M__      == 1)) || \
 697:Drivers/CMSIS/Include/cmsis_gcc.h ****            (defined (__ARM_ARCH_7EM__     ) && (__ARM_ARCH_7EM__     == 1)) || \
 698:Drivers/CMSIS/Include/cmsis_gcc.h ****            (defined (__ARM_ARCH_8M_MAIN__ ) && (__ARM_ARCH_8M_MAIN__ == 1))    ) */
 699:Drivers/CMSIS/Include/cmsis_gcc.h **** 
 700:Drivers/CMSIS/Include/cmsis_gcc.h **** /**
 701:Drivers/CMSIS/Include/cmsis_gcc.h ****   \brief   Signed Saturate
 702:Drivers/CMSIS/Include/cmsis_gcc.h ****   \details Saturates a signed value.
 703:Drivers/CMSIS/Include/cmsis_gcc.h ****   \param [in]  value  Value to be saturated
 704:Drivers/CMSIS/Include/cmsis_gcc.h ****   \param [in]    sat  Bit position to saturate to (1..32)
 705:Drivers/CMSIS/Include/cmsis_gcc.h ****   \return             Saturated value
 706:Drivers/CMSIS/Include/cmsis_gcc.h ****  */
 707:Drivers/CMSIS/Include/cmsis_gcc.h **** __STATIC_FORCEINLINE int32_t __SSAT(int32_t val, uint32_t sat)
 708:Drivers/CMSIS/Include/cmsis_gcc.h **** {
 709:Drivers/CMSIS/Include/cmsis_gcc.h ****   if ((sat >= 1U) && (sat <= 32U))
 710:Drivers/CMSIS/Include/cmsis_gcc.h ****   {
 711:Drivers/CMSIS/Include/cmsis_gcc.h ****     const int32_t max = (int32_t)((1U << (sat - 1U)) - 1U);
 712:Drivers/CMSIS/Include/cmsis_gcc.h ****     const int32_t min = -1 - max ;
 713:Drivers/CMSIS/Include/cmsis_gcc.h ****     if (val > max)
 714:Drivers/CMSIS/Include/cmsis_gcc.h ****     {
 715:Drivers/CMSIS/Include/cmsis_gcc.h ****       return max;
 716:Drivers/CMSIS/Include/cmsis_gcc.h ****     }
 717:Drivers/CMSIS/Include/cmsis_gcc.h ****     else if (val < min)
 718:Drivers/CMSIS/Include/cmsis_gcc.h ****     {
 719:Drivers/CMSIS/Include/cmsis_gcc.h ****       return min;
 720:Drivers/CMSIS/Include/cmsis_gcc.h ****     }
 721:Drivers/CMSIS/Include/cmsis_gcc.h ****   }
 722:Drivers/CMSIS/Include/cmsis_gcc.h ****   return val;
 723:Drivers/CMSIS/Include/cmsis_gcc.h **** }
 724:Drivers/CMSIS/Include/cmsis_gcc.h **** 
 725:Drivers/CMSIS/Include/cmsis_gcc.h **** /**
 726:Drivers/CMSIS/Include/cmsis_gcc.h ****   \brief   Unsigned Saturate
 727:Drivers/CMSIS/Include/cmsis_gcc.h ****   \details Saturates an unsigned value.
 728:Drivers/CMSIS/Include/cmsis_gcc.h ****   \param [in]  value  Value to be saturated
 729:Drivers/CMSIS/Include/cmsis_gcc.h ****   \param [in]    sat  Bit position to saturate to (0..31)
 730:Drivers/CMSIS/Include/cmsis_gcc.h ****   \return             Saturated value
 731:Drivers/CMSIS/Include/cmsis_gcc.h ****  */
 732:Drivers/CMSIS/Include/cmsis_gcc.h **** __STATIC_FORCEINLINE uint32_t __USAT(int32_t val, uint32_t sat)
 733:Drivers/CMSIS/Include/cmsis_gcc.h **** {
 734:Drivers/CMSIS/Include/cmsis_gcc.h ****   if (sat <= 31U)
 735:Drivers/CMSIS/Include/cmsis_gcc.h ****   {
 736:Drivers/CMSIS/Include/cmsis_gcc.h ****     const uint32_t max = ((1U << sat) - 1U);
 737:Drivers/CMSIS/Include/cmsis_gcc.h ****     if (val > (int32_t)max)
 738:Drivers/CMSIS/Include/cmsis_gcc.h ****     {
ARM GAS  /tmp/ccaG7QLp.s 			page 43


 739:Drivers/CMSIS/Include/cmsis_gcc.h ****       return max;
 740:Drivers/CMSIS/Include/cmsis_gcc.h ****     }
 741:Drivers/CMSIS/Include/cmsis_gcc.h ****     else if (val < 0)
 742:Drivers/CMSIS/Include/cmsis_gcc.h ****     {
 743:Drivers/CMSIS/Include/cmsis_gcc.h ****       return 0U;
 744:Drivers/CMSIS/Include/cmsis_gcc.h ****     }
 745:Drivers/CMSIS/Include/cmsis_gcc.h ****   }
 746:Drivers/CMSIS/Include/cmsis_gcc.h ****   return (uint32_t)val;
 747:Drivers/CMSIS/Include/cmsis_gcc.h **** }
 748:Drivers/CMSIS/Include/cmsis_gcc.h **** 
 749:Drivers/CMSIS/Include/cmsis_gcc.h **** #endif /* ((defined (__ARM_ARCH_7M__      ) && (__ARM_ARCH_7M__      == 1)) || \
 750:Drivers/CMSIS/Include/cmsis_gcc.h ****            (defined (__ARM_ARCH_7EM__     ) && (__ARM_ARCH_7EM__     == 1)) || \
 751:Drivers/CMSIS/Include/cmsis_gcc.h ****            (defined (__ARM_ARCH_8M_MAIN__ ) && (__ARM_ARCH_8M_MAIN__ == 1))    ) */
 752:Drivers/CMSIS/Include/cmsis_gcc.h **** 
 753:Drivers/CMSIS/Include/cmsis_gcc.h **** 
 754:Drivers/CMSIS/Include/cmsis_gcc.h **** #if ((defined (__ARM_ARCH_8M_MAIN__ ) && (__ARM_ARCH_8M_MAIN__ == 1)) || \
 755:Drivers/CMSIS/Include/cmsis_gcc.h ****      (defined (__ARM_ARCH_8M_BASE__ ) && (__ARM_ARCH_8M_BASE__ == 1))    )
 756:Drivers/CMSIS/Include/cmsis_gcc.h **** /**
 757:Drivers/CMSIS/Include/cmsis_gcc.h ****   \brief   Load-Acquire (8 bit)
 758:Drivers/CMSIS/Include/cmsis_gcc.h ****   \details Executes a LDAB instruction for 8 bit value.
 759:Drivers/CMSIS/Include/cmsis_gcc.h ****   \param [in]    ptr  Pointer to data
 760:Drivers/CMSIS/Include/cmsis_gcc.h ****   \return             value of type uint8_t at (*ptr)
 761:Drivers/CMSIS/Include/cmsis_gcc.h ****  */
 762:Drivers/CMSIS/Include/cmsis_gcc.h **** __STATIC_FORCEINLINE uint8_t __LDAB(volatile uint8_t *ptr)
 763:Drivers/CMSIS/Include/cmsis_gcc.h **** {
 764:Drivers/CMSIS/Include/cmsis_gcc.h ****     uint32_t result;
 765:Drivers/CMSIS/Include/cmsis_gcc.h **** 
 766:Drivers/CMSIS/Include/cmsis_gcc.h ****    __ASM volatile ("ldab %0, %1" : "=r" (result) : "Q" (*ptr) : "memory" );
 767:Drivers/CMSIS/Include/cmsis_gcc.h ****    return ((uint8_t) result);
 768:Drivers/CMSIS/Include/cmsis_gcc.h **** }
 769:Drivers/CMSIS/Include/cmsis_gcc.h **** 
 770:Drivers/CMSIS/Include/cmsis_gcc.h **** 
 771:Drivers/CMSIS/Include/cmsis_gcc.h **** /**
 772:Drivers/CMSIS/Include/cmsis_gcc.h ****   \brief   Load-Acquire (16 bit)
 773:Drivers/CMSIS/Include/cmsis_gcc.h ****   \details Executes a LDAH instruction for 16 bit values.
 774:Drivers/CMSIS/Include/cmsis_gcc.h ****   \param [in]    ptr  Pointer to data
 775:Drivers/CMSIS/Include/cmsis_gcc.h ****   \return        value of type uint16_t at (*ptr)
 776:Drivers/CMSIS/Include/cmsis_gcc.h ****  */
 777:Drivers/CMSIS/Include/cmsis_gcc.h **** __STATIC_FORCEINLINE uint16_t __LDAH(volatile uint16_t *ptr)
 778:Drivers/CMSIS/Include/cmsis_gcc.h **** {
 779:Drivers/CMSIS/Include/cmsis_gcc.h ****     uint32_t result;
 780:Drivers/CMSIS/Include/cmsis_gcc.h **** 
 781:Drivers/CMSIS/Include/cmsis_gcc.h ****    __ASM volatile ("ldah %0, %1" : "=r" (result) : "Q" (*ptr) : "memory" );
 782:Drivers/CMSIS/Include/cmsis_gcc.h ****    return ((uint16_t) result);
 783:Drivers/CMSIS/Include/cmsis_gcc.h **** }
 784:Drivers/CMSIS/Include/cmsis_gcc.h **** 
 785:Drivers/CMSIS/Include/cmsis_gcc.h **** 
 786:Drivers/CMSIS/Include/cmsis_gcc.h **** /**
 787:Drivers/CMSIS/Include/cmsis_gcc.h ****   \brief   Load-Acquire (32 bit)
 788:Drivers/CMSIS/Include/cmsis_gcc.h ****   \details Executes a LDA instruction for 32 bit values.
 789:Drivers/CMSIS/Include/cmsis_gcc.h ****   \param [in]    ptr  Pointer to data
 790:Drivers/CMSIS/Include/cmsis_gcc.h ****   \return        value of type uint32_t at (*ptr)
 791:Drivers/CMSIS/Include/cmsis_gcc.h ****  */
 792:Drivers/CMSIS/Include/cmsis_gcc.h **** __STATIC_FORCEINLINE uint32_t __LDA(volatile uint32_t *ptr)
 793:Drivers/CMSIS/Include/cmsis_gcc.h **** {
 794:Drivers/CMSIS/Include/cmsis_gcc.h ****     uint32_t result;
 795:Drivers/CMSIS/Include/cmsis_gcc.h **** 
ARM GAS  /tmp/ccaG7QLp.s 			page 44


 796:Drivers/CMSIS/Include/cmsis_gcc.h ****    __ASM volatile ("lda %0, %1" : "=r" (result) : "Q" (*ptr) : "memory" );
 797:Drivers/CMSIS/Include/cmsis_gcc.h ****    return(result);
 798:Drivers/CMSIS/Include/cmsis_gcc.h **** }
 799:Drivers/CMSIS/Include/cmsis_gcc.h **** 
 800:Drivers/CMSIS/Include/cmsis_gcc.h **** 
 801:Drivers/CMSIS/Include/cmsis_gcc.h **** /**
 802:Drivers/CMSIS/Include/cmsis_gcc.h ****   \brief   Store-Release (8 bit)
 803:Drivers/CMSIS/Include/cmsis_gcc.h ****   \details Executes a STLB instruction for 8 bit values.
 804:Drivers/CMSIS/Include/cmsis_gcc.h ****   \param [in]  value  Value to store
 805:Drivers/CMSIS/Include/cmsis_gcc.h ****   \param [in]    ptr  Pointer to location
 806:Drivers/CMSIS/Include/cmsis_gcc.h ****  */
 807:Drivers/CMSIS/Include/cmsis_gcc.h **** __STATIC_FORCEINLINE void __STLB(uint8_t value, volatile uint8_t *ptr)
 808:Drivers/CMSIS/Include/cmsis_gcc.h **** {
 809:Drivers/CMSIS/Include/cmsis_gcc.h ****    __ASM volatile ("stlb %1, %0" : "=Q" (*ptr) : "r" ((uint32_t)value) : "memory" );
 810:Drivers/CMSIS/Include/cmsis_gcc.h **** }
 811:Drivers/CMSIS/Include/cmsis_gcc.h **** 
 812:Drivers/CMSIS/Include/cmsis_gcc.h **** 
 813:Drivers/CMSIS/Include/cmsis_gcc.h **** /**
 814:Drivers/CMSIS/Include/cmsis_gcc.h ****   \brief   Store-Release (16 bit)
 815:Drivers/CMSIS/Include/cmsis_gcc.h ****   \details Executes a STLH instruction for 16 bit values.
 816:Drivers/CMSIS/Include/cmsis_gcc.h ****   \param [in]  value  Value to store
 817:Drivers/CMSIS/Include/cmsis_gcc.h ****   \param [in]    ptr  Pointer to location
 818:Drivers/CMSIS/Include/cmsis_gcc.h ****  */
 819:Drivers/CMSIS/Include/cmsis_gcc.h **** __STATIC_FORCEINLINE void __STLH(uint16_t value, volatile uint16_t *ptr)
 820:Drivers/CMSIS/Include/cmsis_gcc.h **** {
 821:Drivers/CMSIS/Include/cmsis_gcc.h ****    __ASM volatile ("stlh %1, %0" : "=Q" (*ptr) : "r" ((uint32_t)value) : "memory" );
 822:Drivers/CMSIS/Include/cmsis_gcc.h **** }
 823:Drivers/CMSIS/Include/cmsis_gcc.h **** 
 824:Drivers/CMSIS/Include/cmsis_gcc.h **** 
 825:Drivers/CMSIS/Include/cmsis_gcc.h **** /**
 826:Drivers/CMSIS/Include/cmsis_gcc.h ****   \brief   Store-Release (32 bit)
 827:Drivers/CMSIS/Include/cmsis_gcc.h ****   \details Executes a STL instruction for 32 bit values.
 828:Drivers/CMSIS/Include/cmsis_gcc.h ****   \param [in]  value  Value to store
 829:Drivers/CMSIS/Include/cmsis_gcc.h ****   \param [in]    ptr  Pointer to location
 830:Drivers/CMSIS/Include/cmsis_gcc.h ****  */
 831:Drivers/CMSIS/Include/cmsis_gcc.h **** __STATIC_FORCEINLINE void __STL(uint32_t value, volatile uint32_t *ptr)
 832:Drivers/CMSIS/Include/cmsis_gcc.h **** {
 833:Drivers/CMSIS/Include/cmsis_gcc.h ****    __ASM volatile ("stl %1, %0" : "=Q" (*ptr) : "r" ((uint32_t)value) : "memory" );
 834:Drivers/CMSIS/Include/cmsis_gcc.h **** }
 835:Drivers/CMSIS/Include/cmsis_gcc.h **** 
 836:Drivers/CMSIS/Include/cmsis_gcc.h **** 
 837:Drivers/CMSIS/Include/cmsis_gcc.h **** /**
 838:Drivers/CMSIS/Include/cmsis_gcc.h ****   \brief   Load-Acquire Exclusive (8 bit)
 839:Drivers/CMSIS/Include/cmsis_gcc.h ****   \details Executes a LDAB exclusive instruction for 8 bit value.
 840:Drivers/CMSIS/Include/cmsis_gcc.h ****   \param [in]    ptr  Pointer to data
 841:Drivers/CMSIS/Include/cmsis_gcc.h ****   \return             value of type uint8_t at (*ptr)
 842:Drivers/CMSIS/Include/cmsis_gcc.h ****  */
 843:Drivers/CMSIS/Include/cmsis_gcc.h **** __STATIC_FORCEINLINE uint8_t __LDAEXB(volatile uint8_t *ptr)
 844:Drivers/CMSIS/Include/cmsis_gcc.h **** {
 845:Drivers/CMSIS/Include/cmsis_gcc.h ****     uint32_t result;
 846:Drivers/CMSIS/Include/cmsis_gcc.h **** 
 847:Drivers/CMSIS/Include/cmsis_gcc.h ****    __ASM volatile ("ldaexb %0, %1" : "=r" (result) : "Q" (*ptr) : "memory" );
 848:Drivers/CMSIS/Include/cmsis_gcc.h ****    return ((uint8_t) result);
 849:Drivers/CMSIS/Include/cmsis_gcc.h **** }
 850:Drivers/CMSIS/Include/cmsis_gcc.h **** 
 851:Drivers/CMSIS/Include/cmsis_gcc.h **** 
 852:Drivers/CMSIS/Include/cmsis_gcc.h **** /**
ARM GAS  /tmp/ccaG7QLp.s 			page 45


 853:Drivers/CMSIS/Include/cmsis_gcc.h ****   \brief   Load-Acquire Exclusive (16 bit)
 854:Drivers/CMSIS/Include/cmsis_gcc.h ****   \details Executes a LDAH exclusive instruction for 16 bit values.
 855:Drivers/CMSIS/Include/cmsis_gcc.h ****   \param [in]    ptr  Pointer to data
 856:Drivers/CMSIS/Include/cmsis_gcc.h ****   \return        value of type uint16_t at (*ptr)
 857:Drivers/CMSIS/Include/cmsis_gcc.h ****  */
 858:Drivers/CMSIS/Include/cmsis_gcc.h **** __STATIC_FORCEINLINE uint16_t __LDAEXH(volatile uint16_t *ptr)
 859:Drivers/CMSIS/Include/cmsis_gcc.h **** {
 860:Drivers/CMSIS/Include/cmsis_gcc.h ****     uint32_t result;
 861:Drivers/CMSIS/Include/cmsis_gcc.h **** 
 862:Drivers/CMSIS/Include/cmsis_gcc.h ****    __ASM volatile ("ldaexh %0, %1" : "=r" (result) : "Q" (*ptr) : "memory" );
 863:Drivers/CMSIS/Include/cmsis_gcc.h ****    return ((uint16_t) result);
 864:Drivers/CMSIS/Include/cmsis_gcc.h **** }
 865:Drivers/CMSIS/Include/cmsis_gcc.h **** 
 866:Drivers/CMSIS/Include/cmsis_gcc.h **** 
 867:Drivers/CMSIS/Include/cmsis_gcc.h **** /**
 868:Drivers/CMSIS/Include/cmsis_gcc.h ****   \brief   Load-Acquire Exclusive (32 bit)
 869:Drivers/CMSIS/Include/cmsis_gcc.h ****   \details Executes a LDA exclusive instruction for 32 bit values.
 870:Drivers/CMSIS/Include/cmsis_gcc.h ****   \param [in]    ptr  Pointer to data
 871:Drivers/CMSIS/Include/cmsis_gcc.h ****   \return        value of type uint32_t at (*ptr)
 872:Drivers/CMSIS/Include/cmsis_gcc.h ****  */
 873:Drivers/CMSIS/Include/cmsis_gcc.h **** __STATIC_FORCEINLINE uint32_t __LDAEX(volatile uint32_t *ptr)
 874:Drivers/CMSIS/Include/cmsis_gcc.h **** {
 875:Drivers/CMSIS/Include/cmsis_gcc.h ****     uint32_t result;
 876:Drivers/CMSIS/Include/cmsis_gcc.h **** 
 877:Drivers/CMSIS/Include/cmsis_gcc.h ****    __ASM volatile ("ldaex %0, %1" : "=r" (result) : "Q" (*ptr) : "memory" );
 878:Drivers/CMSIS/Include/cmsis_gcc.h ****    return(result);
 879:Drivers/CMSIS/Include/cmsis_gcc.h **** }
 880:Drivers/CMSIS/Include/cmsis_gcc.h **** 
 881:Drivers/CMSIS/Include/cmsis_gcc.h **** 
 882:Drivers/CMSIS/Include/cmsis_gcc.h **** /**
 883:Drivers/CMSIS/Include/cmsis_gcc.h ****   \brief   Store-Release Exclusive (8 bit)
 884:Drivers/CMSIS/Include/cmsis_gcc.h ****   \details Executes a STLB exclusive instruction for 8 bit values.
 885:Drivers/CMSIS/Include/cmsis_gcc.h ****   \param [in]  value  Value to store
 886:Drivers/CMSIS/Include/cmsis_gcc.h ****   \param [in]    ptr  Pointer to location
 887:Drivers/CMSIS/Include/cmsis_gcc.h ****   \return          0  Function succeeded
 888:Drivers/CMSIS/Include/cmsis_gcc.h ****   \return          1  Function failed
 889:Drivers/CMSIS/Include/cmsis_gcc.h ****  */
 890:Drivers/CMSIS/Include/cmsis_gcc.h **** __STATIC_FORCEINLINE uint32_t __STLEXB(uint8_t value, volatile uint8_t *ptr)
 891:Drivers/CMSIS/Include/cmsis_gcc.h **** {
 892:Drivers/CMSIS/Include/cmsis_gcc.h ****    uint32_t result;
 893:Drivers/CMSIS/Include/cmsis_gcc.h **** 
 894:Drivers/CMSIS/Include/cmsis_gcc.h ****    __ASM volatile ("stlexb %0, %2, %1" : "=&r" (result), "=Q" (*ptr) : "r" ((uint32_t)value) : "mem
 895:Drivers/CMSIS/Include/cmsis_gcc.h ****    return(result);
 896:Drivers/CMSIS/Include/cmsis_gcc.h **** }
 897:Drivers/CMSIS/Include/cmsis_gcc.h **** 
 898:Drivers/CMSIS/Include/cmsis_gcc.h **** 
 899:Drivers/CMSIS/Include/cmsis_gcc.h **** /**
 900:Drivers/CMSIS/Include/cmsis_gcc.h ****   \brief   Store-Release Exclusive (16 bit)
 901:Drivers/CMSIS/Include/cmsis_gcc.h ****   \details Executes a STLH exclusive instruction for 16 bit values.
 902:Drivers/CMSIS/Include/cmsis_gcc.h ****   \param [in]  value  Value to store
 903:Drivers/CMSIS/Include/cmsis_gcc.h ****   \param [in]    ptr  Pointer to location
 904:Drivers/CMSIS/Include/cmsis_gcc.h ****   \return          0  Function succeeded
 905:Drivers/CMSIS/Include/cmsis_gcc.h ****   \return          1  Function failed
 906:Drivers/CMSIS/Include/cmsis_gcc.h ****  */
 907:Drivers/CMSIS/Include/cmsis_gcc.h **** __STATIC_FORCEINLINE uint32_t __STLEXH(uint16_t value, volatile uint16_t *ptr)
 908:Drivers/CMSIS/Include/cmsis_gcc.h **** {
 909:Drivers/CMSIS/Include/cmsis_gcc.h ****    uint32_t result;
ARM GAS  /tmp/ccaG7QLp.s 			page 46


 910:Drivers/CMSIS/Include/cmsis_gcc.h **** 
 911:Drivers/CMSIS/Include/cmsis_gcc.h ****    __ASM volatile ("stlexh %0, %2, %1" : "=&r" (result), "=Q" (*ptr) : "r" ((uint32_t)value) : "mem
 912:Drivers/CMSIS/Include/cmsis_gcc.h ****    return(result);
 913:Drivers/CMSIS/Include/cmsis_gcc.h **** }
 914:Drivers/CMSIS/Include/cmsis_gcc.h **** 
 915:Drivers/CMSIS/Include/cmsis_gcc.h **** 
 916:Drivers/CMSIS/Include/cmsis_gcc.h **** /**
 917:Drivers/CMSIS/Include/cmsis_gcc.h ****   \brief   Store-Release Exclusive (32 bit)
 918:Drivers/CMSIS/Include/cmsis_gcc.h ****   \details Executes a STL exclusive instruction for 32 bit values.
 919:Drivers/CMSIS/Include/cmsis_gcc.h ****   \param [in]  value  Value to store
 920:Drivers/CMSIS/Include/cmsis_gcc.h ****   \param [in]    ptr  Pointer to location
 921:Drivers/CMSIS/Include/cmsis_gcc.h ****   \return          0  Function succeeded
 922:Drivers/CMSIS/Include/cmsis_gcc.h ****   \return          1  Function failed
 923:Drivers/CMSIS/Include/cmsis_gcc.h ****  */
 924:Drivers/CMSIS/Include/cmsis_gcc.h **** __STATIC_FORCEINLINE uint32_t __STLEX(uint32_t value, volatile uint32_t *ptr)
 925:Drivers/CMSIS/Include/cmsis_gcc.h **** {
 926:Drivers/CMSIS/Include/cmsis_gcc.h ****    uint32_t result;
 927:Drivers/CMSIS/Include/cmsis_gcc.h **** 
 928:Drivers/CMSIS/Include/cmsis_gcc.h ****    __ASM volatile ("stlex %0, %2, %1" : "=&r" (result), "=Q" (*ptr) : "r" ((uint32_t)value) : "memo
 929:Drivers/CMSIS/Include/cmsis_gcc.h ****    return(result);
 930:Drivers/CMSIS/Include/cmsis_gcc.h **** }
 931:Drivers/CMSIS/Include/cmsis_gcc.h **** 
 932:Drivers/CMSIS/Include/cmsis_gcc.h **** #endif /* ((defined (__ARM_ARCH_8M_MAIN__ ) && (__ARM_ARCH_8M_MAIN__ == 1)) || \
 933:Drivers/CMSIS/Include/cmsis_gcc.h ****            (defined (__ARM_ARCH_8M_BASE__ ) && (__ARM_ARCH_8M_BASE__ == 1))    ) */
 934:Drivers/CMSIS/Include/cmsis_gcc.h **** 
 935:Drivers/CMSIS/Include/cmsis_gcc.h **** /*@}*/ /* end of group CMSIS_Core_InstructionInterface */
 936:Drivers/CMSIS/Include/cmsis_gcc.h **** 
 937:Drivers/CMSIS/Include/cmsis_gcc.h **** 
 938:Drivers/CMSIS/Include/cmsis_gcc.h **** /* ###########################  Core Function Access  ########################### */
 939:Drivers/CMSIS/Include/cmsis_gcc.h **** /** \ingroup  CMSIS_Core_FunctionInterface
 940:Drivers/CMSIS/Include/cmsis_gcc.h ****     \defgroup CMSIS_Core_RegAccFunctions CMSIS Core Register Access Functions
 941:Drivers/CMSIS/Include/cmsis_gcc.h ****   @{
 942:Drivers/CMSIS/Include/cmsis_gcc.h ****  */
 943:Drivers/CMSIS/Include/cmsis_gcc.h **** 
 944:Drivers/CMSIS/Include/cmsis_gcc.h **** /**
 945:Drivers/CMSIS/Include/cmsis_gcc.h ****   \brief   Enable IRQ Interrupts
 946:Drivers/CMSIS/Include/cmsis_gcc.h ****   \details Enables IRQ interrupts by clearing special-purpose register PRIMASK.
 947:Drivers/CMSIS/Include/cmsis_gcc.h ****            Can only be executed in Privileged modes.
 948:Drivers/CMSIS/Include/cmsis_gcc.h ****  */
 949:Drivers/CMSIS/Include/cmsis_gcc.h **** __STATIC_FORCEINLINE void __enable_irq(void)
 950:Drivers/CMSIS/Include/cmsis_gcc.h **** {
 951:Drivers/CMSIS/Include/cmsis_gcc.h ****   __ASM volatile ("cpsie i" : : : "memory");
 952:Drivers/CMSIS/Include/cmsis_gcc.h **** }
 953:Drivers/CMSIS/Include/cmsis_gcc.h **** 
 954:Drivers/CMSIS/Include/cmsis_gcc.h **** 
 955:Drivers/CMSIS/Include/cmsis_gcc.h **** /**
 956:Drivers/CMSIS/Include/cmsis_gcc.h ****   \brief   Disable IRQ Interrupts
 957:Drivers/CMSIS/Include/cmsis_gcc.h ****   \details Disables IRQ interrupts by setting special-purpose register PRIMASK.
 958:Drivers/CMSIS/Include/cmsis_gcc.h ****            Can only be executed in Privileged modes.
 959:Drivers/CMSIS/Include/cmsis_gcc.h ****  */
 960:Drivers/CMSIS/Include/cmsis_gcc.h **** __STATIC_FORCEINLINE void __disable_irq(void)
 1115              		.loc 2 960 27 view .LVU279
 1116              	.LBB35:
 961:Drivers/CMSIS/Include/cmsis_gcc.h **** {
 962:Drivers/CMSIS/Include/cmsis_gcc.h ****   __ASM volatile ("cpsid i" : : : "memory");
 1117              		.loc 2 962 3 view .LVU280
 1118              		.syntax unified
ARM GAS  /tmp/ccaG7QLp.s 			page 47


 1119              	@ 962 "Drivers/CMSIS/Include/cmsis_gcc.h" 1
 1120 0000 72B6     		cpsid i
 1121              	@ 0 "" 2
 1122              		.thumb
 1123              		.syntax unified
 1124              	.L65:
 1125              	.LBE35:
 1126              	.LBE34:
 402:Core/Src/main.c ****   while (1)
 1127              		.loc 1 402 3 view .LVU281
 403:Core/Src/main.c ****   {
 404:Core/Src/main.c ****   }
 1128              		.loc 1 404 3 view .LVU282
 402:Core/Src/main.c ****   while (1)
 1129              		.loc 1 402 9 view .LVU283
 1130 0002 FEE7     		b	.L65
 1131              		.cfi_endproc
 1132              	.LFE142:
 1134              		.section	.text.SystemClock_Config,"ax",%progbits
 1135              		.align	1
 1136              		.global	SystemClock_Config
 1137              		.syntax unified
 1138              		.thumb
 1139              		.thumb_func
 1141              	SystemClock_Config:
 1142              	.LFB135:
 191:Core/Src/main.c ****   RCC_OscInitTypeDef RCC_OscInitStruct = {0};
 1143              		.loc 1 191 1 view -0
 1144              		.cfi_startproc
 1145              		@ args = 0, pretend = 0, frame = 72
 1146              		@ frame_needed = 0, uses_anonymous_args = 0
 1147 0000 00B5     		push	{lr}
 1148              	.LCFI15:
 1149              		.cfi_def_cfa_offset 4
 1150              		.cfi_offset 14, -4
 1151 0002 93B0     		sub	sp, sp, #76
 1152              	.LCFI16:
 1153              		.cfi_def_cfa_offset 80
 192:Core/Src/main.c ****   RCC_ClkInitTypeDef RCC_ClkInitStruct = {0};
 1154              		.loc 1 192 3 view .LVU285
 192:Core/Src/main.c ****   RCC_ClkInitTypeDef RCC_ClkInitStruct = {0};
 1155              		.loc 1 192 22 is_stmt 0 view .LVU286
 1156 0004 3422     		movs	r2, #52
 1157 0006 0021     		movs	r1, #0
 1158 0008 05A8     		add	r0, sp, #20
 1159 000a FFF7FEFF 		bl	memset
 1160              	.LVL100:
 193:Core/Src/main.c **** 
 1161              		.loc 1 193 3 is_stmt 1 view .LVU287
 193:Core/Src/main.c **** 
 1162              		.loc 1 193 22 is_stmt 0 view .LVU288
 1163 000e 0023     		movs	r3, #0
 1164 0010 0093     		str	r3, [sp]
 1165 0012 0193     		str	r3, [sp, #4]
 1166 0014 0293     		str	r3, [sp, #8]
 1167 0016 0393     		str	r3, [sp, #12]
 1168 0018 0493     		str	r3, [sp, #16]
ARM GAS  /tmp/ccaG7QLp.s 			page 48


 198:Core/Src/main.c ****   RCC_OscInitStruct.HSIState = RCC_HSI_ON;
 1169              		.loc 1 198 3 is_stmt 1 view .LVU289
 198:Core/Src/main.c ****   RCC_OscInitStruct.HSIState = RCC_HSI_ON;
 1170              		.loc 1 198 36 is_stmt 0 view .LVU290
 1171 001a 0223     		movs	r3, #2
 1172 001c 0593     		str	r3, [sp, #20]
 199:Core/Src/main.c ****   RCC_OscInitStruct.HSICalibrationValue = RCC_HSICALIBRATION_DEFAULT;
 1173              		.loc 1 199 3 is_stmt 1 view .LVU291
 199:Core/Src/main.c ****   RCC_OscInitStruct.HSICalibrationValue = RCC_HSICALIBRATION_DEFAULT;
 1174              		.loc 1 199 30 is_stmt 0 view .LVU292
 1175 001e 0123     		movs	r3, #1
 1176 0020 0893     		str	r3, [sp, #32]
 200:Core/Src/main.c ****   RCC_OscInitStruct.PLL.PLLState = RCC_PLL_NONE;
 1177              		.loc 1 200 3 is_stmt 1 view .LVU293
 200:Core/Src/main.c ****   RCC_OscInitStruct.PLL.PLLState = RCC_PLL_NONE;
 1178              		.loc 1 200 41 is_stmt 0 view .LVU294
 1179 0022 1023     		movs	r3, #16
 1180 0024 0993     		str	r3, [sp, #36]
 201:Core/Src/main.c ****   if (HAL_RCC_OscConfig(&RCC_OscInitStruct) != HAL_OK)
 1181              		.loc 1 201 3 is_stmt 1 view .LVU295
 202:Core/Src/main.c ****   {
 1182              		.loc 1 202 3 view .LVU296
 202:Core/Src/main.c ****   {
 1183              		.loc 1 202 7 is_stmt 0 view .LVU297
 1184 0026 05A8     		add	r0, sp, #20
 1185 0028 FFF7FEFF 		bl	HAL_RCC_OscConfig
 1186              	.LVL101:
 202:Core/Src/main.c ****   {
 1187              		.loc 1 202 6 discriminator 1 view .LVU298
 1188 002c 60B9     		cbnz	r0, .L70
 209:Core/Src/main.c ****                               |RCC_CLOCKTYPE_PCLK1;
 1189              		.loc 1 209 3 is_stmt 1 view .LVU299
 209:Core/Src/main.c ****                               |RCC_CLOCKTYPE_PCLK1;
 1190              		.loc 1 209 31 is_stmt 0 view .LVU300
 1191 002e 0723     		movs	r3, #7
 1192 0030 0093     		str	r3, [sp]
 211:Core/Src/main.c ****   RCC_ClkInitStruct.AHBCLKDivider = RCC_SYSCLK_DIV1;
 1193              		.loc 1 211 3 is_stmt 1 view .LVU301
 211:Core/Src/main.c ****   RCC_ClkInitStruct.AHBCLKDivider = RCC_SYSCLK_DIV1;
 1194              		.loc 1 211 34 is_stmt 0 view .LVU302
 1195 0032 0021     		movs	r1, #0
 1196 0034 0191     		str	r1, [sp, #4]
 212:Core/Src/main.c ****   RCC_ClkInitStruct.APB1CLKDivider = RCC_HCLK_DIV1;
 1197              		.loc 1 212 3 is_stmt 1 view .LVU303
 212:Core/Src/main.c ****   RCC_ClkInitStruct.APB1CLKDivider = RCC_HCLK_DIV1;
 1198              		.loc 1 212 35 is_stmt 0 view .LVU304
 1199 0036 0291     		str	r1, [sp, #8]
 213:Core/Src/main.c **** 
 1200              		.loc 1 213 3 is_stmt 1 view .LVU305
 213:Core/Src/main.c **** 
 1201              		.loc 1 213 36 is_stmt 0 view .LVU306
 1202 0038 0391     		str	r1, [sp, #12]
 215:Core/Src/main.c ****   {
 1203              		.loc 1 215 3 is_stmt 1 view .LVU307
 215:Core/Src/main.c ****   {
 1204              		.loc 1 215 7 is_stmt 0 view .LVU308
 1205 003a 6846     		mov	r0, sp
ARM GAS  /tmp/ccaG7QLp.s 			page 49


 1206 003c FFF7FEFF 		bl	HAL_RCC_ClockConfig
 1207              	.LVL102:
 215:Core/Src/main.c ****   {
 1208              		.loc 1 215 6 discriminator 1 view .LVU309
 1209 0040 20B9     		cbnz	r0, .L71
 219:Core/Src/main.c **** 
 1210              		.loc 1 219 1 view .LVU310
 1211 0042 13B0     		add	sp, sp, #76
 1212              	.LCFI17:
 1213              		.cfi_remember_state
 1214              		.cfi_def_cfa_offset 4
 1215              		@ sp needed
 1216 0044 5DF804FB 		ldr	pc, [sp], #4
 1217              	.L70:
 1218              	.LCFI18:
 1219              		.cfi_restore_state
 204:Core/Src/main.c ****   }
 1220              		.loc 1 204 5 is_stmt 1 view .LVU311
 1221 0048 FFF7FEFF 		bl	Error_Handler
 1222              	.LVL103:
 1223              	.L71:
 217:Core/Src/main.c ****   }
 1224              		.loc 1 217 5 view .LVU312
 1225 004c FFF7FEFF 		bl	Error_Handler
 1226              	.LVL104:
 1227              		.cfi_endproc
 1228              	.LFE135:
 1230              		.section	.text.main,"ax",%progbits
 1231              		.align	1
 1232              		.global	main
 1233              		.syntax unified
 1234              		.thumb
 1235              		.thumb_func
 1237              	main:
 1238              	.LFB134:
  99:Core/Src/main.c ****   /* USER CODE BEGIN 1 */
 1239              		.loc 1 99 1 view -0
 1240              		.cfi_startproc
 1241              		@ args = 0, pretend = 0, frame = 0
 1242              		@ frame_needed = 0, uses_anonymous_args = 0
 1243 0000 2DE9F041 		push	{r4, r5, r6, r7, r8, lr}
 1244              	.LCFI19:
 1245              		.cfi_def_cfa_offset 24
 1246              		.cfi_offset 4, -24
 1247              		.cfi_offset 5, -20
 1248              		.cfi_offset 6, -16
 1249              		.cfi_offset 7, -12
 1250              		.cfi_offset 8, -8
 1251              		.cfi_offset 14, -4
 107:Core/Src/main.c **** 
 1252              		.loc 1 107 3 view .LVU314
 1253 0004 FFF7FEFF 		bl	HAL_Init
 1254              	.LVL105:
 114:Core/Src/main.c **** 
 1255              		.loc 1 114 3 view .LVU315
 1256 0008 FFF7FEFF 		bl	SystemClock_Config
 1257              	.LVL106:
ARM GAS  /tmp/ccaG7QLp.s 			page 50


 121:Core/Src/main.c ****   /* USER CODE BEGIN 2 */
 1258              		.loc 1 121 3 view .LVU316
 1259 000c FFF7FEFF 		bl	MX_GPIO_Init
 1260              	.LVL107:
 124:Core/Src/main.c **** 
 1261              		.loc 1 124 3 view .LVU317
 1262 0010 0122     		movs	r2, #1
 1263 0012 1146     		mov	r1, r2
 1264 0014 2948     		ldr	r0, .L77
 1265 0016 FFF7FEFF 		bl	HAL_GPIO_WritePin
 1266              	.LVL108:
 126:Core/Src/main.c **** 
 1267              		.loc 1 126 3 view .LVU318
 1268              	.LBB36:
 126:Core/Src/main.c **** 
 1269              		.loc 1 126 8 view .LVU319
 126:Core/Src/main.c **** 
 1270              		.loc 1 126 12 is_stmt 0 view .LVU320
 1271 001a 0024     		movs	r4, #0
 126:Core/Src/main.c **** 
 1272              		.loc 1 126 3 view .LVU321
 1273 001c 40E0     		b	.L73
 1274              	.LVL109:
 1275              	.L74:
 1276              	.LBB37:
 128:Core/Src/main.c **** 	  int height = image_heights[i];
 1277              		.loc 1 128 4 is_stmt 1 view .LVU322
 128:Core/Src/main.c **** 	  int height = image_heights[i];
 1278              		.loc 1 128 8 is_stmt 0 view .LVU323
 1279 001e 284F     		ldr	r7, .L77+4
 1280 0020 57F82450 		ldr	r5, [r7, r4, lsl #2]
 1281              	.LVL110:
 129:Core/Src/main.c **** 
 1282              		.loc 1 129 4 is_stmt 1 view .LVU324
 129:Core/Src/main.c **** 
 1283              		.loc 1 129 8 is_stmt 0 view .LVU325
 1284 0024 274B     		ldr	r3, .L77+8
 1285 0026 53F82460 		ldr	r6, [r3, r4, lsl #2]
 1286              	.LVL111:
 132:Core/Src/main.c **** 
 1287              		.loc 1 132 4 is_stmt 1 view .LVU326
 135:Core/Src/main.c **** 	  start_cycles = get_cycle_count();
 1288              		.loc 1 135 4 view .LVU327
 135:Core/Src/main.c **** 	  start_cycles = get_cycle_count();
 1289              		.loc 1 135 17 is_stmt 0 view .LVU328
 1290 002a FFF7FEFF 		bl	HAL_GetTick
 1291              	.LVL112:
 135:Core/Src/main.c **** 	  start_cycles = get_cycle_count();
 1292              		.loc 1 135 15 discriminator 1 view .LVU329
 1293 002e DFF89880 		ldr	r8, .L77+12
 1294 0032 C8F80000 		str	r0, [r8]
 136:Core/Src/main.c **** 
 1295              		.loc 1 136 4 is_stmt 1 view .LVU330
 136:Core/Src/main.c **** 
 1296              		.loc 1 136 19 is_stmt 0 view .LVU331
 1297 0036 FFF7FEFF 		bl	get_cycle_count
 1298              	.LVL113:
ARM GAS  /tmp/ccaG7QLp.s 			page 51


 136:Core/Src/main.c **** 
 1299              		.loc 1 136 17 discriminator 1 view .LVU332
 1300 003a 244B     		ldr	r3, .L77+16
 1301 003c 1860     		str	r0, [r3]
 141:Core/Src/main.c **** 
 1302              		.loc 1 141 4 is_stmt 1 view .LVU333
 141:Core/Src/main.c **** 
 1303              		.loc 1 141 24 is_stmt 0 view .LVU334
 1304 003e 244B     		ldr	r3, .L77+20
 1305 0040 1A68     		ldr	r2, [r3]
 1306 0042 3146     		mov	r1, r6
 1307 0044 2846     		mov	r0, r5
 1308 0046 FFF7FEFF 		bl	calculate_mandelbrot_double
 1309              	.LVL114:
 1310 004a 0646     		mov	r6, r0
 1311              	.LVL115:
 141:Core/Src/main.c **** 
 1312              		.loc 1 141 24 view .LVU335
 1313 004c 0D46     		mov	r5, r1
 1314              	.LVL116:
 145:Core/Src/main.c **** 	  end_time = HAL_GetTick();
 1315              		.loc 1 145 4 is_stmt 1 view .LVU336
 145:Core/Src/main.c **** 	  end_time = HAL_GetTick();
 1316              		.loc 1 145 17 is_stmt 0 view .LVU337
 1317 004e FFF7FEFF 		bl	get_cycle_count
 1318              	.LVL117:
 145:Core/Src/main.c **** 	  end_time = HAL_GetTick();
 1319              		.loc 1 145 15 discriminator 1 view .LVU338
 1320 0052 204B     		ldr	r3, .L77+24
 1321 0054 1860     		str	r0, [r3]
 146:Core/Src/main.c **** 
 1322              		.loc 1 146 4 is_stmt 1 view .LVU339
 146:Core/Src/main.c **** 
 1323              		.loc 1 146 15 is_stmt 0 view .LVU340
 1324 0056 FFF7FEFF 		bl	HAL_GetTick
 1325              	.LVL118:
 146:Core/Src/main.c **** 
 1326              		.loc 1 146 13 discriminator 1 view .LVU341
 1327 005a 1F4B     		ldr	r3, .L77+28
 1328 005c 1860     		str	r0, [r3]
 148:Core/Src/main.c **** 
 1329              		.loc 1 148 4 is_stmt 1 view .LVU342
 148:Core/Src/main.c **** 
 1330              		.loc 1 148 31 is_stmt 0 view .LVU343
 1331 005e D8F80030 		ldr	r3, [r8]
 148:Core/Src/main.c **** 
 1332              		.loc 1 148 13 view .LVU344
 1333 0062 C31A     		subs	r3, r0, r3
 1334              	.LVL119:
 150:Core/Src/main.c **** 	  results[i].wall_clock_time_ms = wall_clock_time;
 1335              		.loc 1 150 4 is_stmt 1 view .LVU345
 150:Core/Src/main.c **** 	  results[i].wall_clock_time_ms = wall_clock_time;
 1336              		.loc 1 150 40 is_stmt 0 view .LVU346
 1337 0064 57F82470 		ldr	r7, [r7, r4, lsl #2]
 150:Core/Src/main.c **** 	  results[i].wall_clock_time_ms = wall_clock_time;
 1338              		.loc 1 150 26 view .LVU347
 1339 0068 1C49     		ldr	r1, .L77+32
ARM GAS  /tmp/ccaG7QLp.s 			page 52


 1340 006a 04EB4400 		add	r0, r4, r4, lsl #1
 1341 006e 01EBC002 		add	r2, r1, r0, lsl #3
 1342 0072 41F83070 		str	r7, [r1, r0, lsl #3]
 151:Core/Src/main.c **** 	  results[i].checksum = checksum;
 1343              		.loc 1 151 4 is_stmt 1 view .LVU348
 151:Core/Src/main.c **** 	  results[i].checksum = checksum;
 1344              		.loc 1 151 34 is_stmt 0 view .LVU349
 1345 0076 0027     		movs	r7, #0
 1346 0078 9360     		str	r3, [r2, #8]
 1347 007a D760     		str	r7, [r2, #12]
 152:Core/Src/main.c **** 
 1348              		.loc 1 152 4 is_stmt 1 view .LVU350
 152:Core/Src/main.c **** 
 1349              		.loc 1 152 24 is_stmt 0 view .LVU351
 1350 007c 1661     		str	r6, [r2, #16]
 1351 007e 5561     		str	r5, [r2, #20]
 159:Core/Src/main.c **** 
 1352              		.loc 1 159 4 is_stmt 1 view .LVU352
 1353 0080 0E4D     		ldr	r5, .L77
 1354              	.LVL120:
 159:Core/Src/main.c **** 
 1355              		.loc 1 159 4 is_stmt 0 view .LVU353
 1356 0082 0122     		movs	r2, #1
 1357              	.LVL121:
 159:Core/Src/main.c **** 
 1358              		.loc 1 159 4 view .LVU354
 1359 0084 0221     		movs	r1, #2
 1360              	.LVL122:
 159:Core/Src/main.c **** 
 1361              		.loc 1 159 4 view .LVU355
 1362 0086 2846     		mov	r0, r5
 1363              	.LVL123:
 159:Core/Src/main.c **** 
 1364              		.loc 1 159 4 view .LVU356
 1365 0088 FFF7FEFF 		bl	HAL_GPIO_WritePin
 1366              	.LVL124:
 162:Core/Src/main.c **** 
 1367              		.loc 1 162 4 is_stmt 1 view .LVU357
 1368 008c 4FF47A70 		mov	r0, #1000
 1369 0090 FFF7FEFF 		bl	HAL_Delay
 1370              	.LVL125:
 165:Core/Src/main.c **** 
 1371              		.loc 1 165 4 view .LVU358
 1372 0094 3A46     		mov	r2, r7
 1373 0096 0221     		movs	r1, #2
 1374 0098 2846     		mov	r0, r5
 1375 009a FFF7FEFF 		bl	HAL_GPIO_WritePin
 1376              	.LVL126:
 1377              	.LBE37:
 126:Core/Src/main.c **** 
 1378              		.loc 1 126 27 discriminator 3 view .LVU359
 1379 009e 0134     		adds	r4, r4, #1
 1380              	.LVL127:
 1381              	.L73:
 126:Core/Src/main.c **** 
 1382              		.loc 1 126 21 discriminator 1 view .LVU360
 1383 00a0 042C     		cmp	r4, #4
ARM GAS  /tmp/ccaG7QLp.s 			page 53


 1384 00a2 BCDD     		ble	.L74
 1385              	.LBE36:
 170:Core/Src/main.c **** 
 1386              		.loc 1 170 3 view .LVU361
 1387 00a4 0022     		movs	r2, #0
 1388 00a6 0121     		movs	r1, #1
 1389 00a8 0448     		ldr	r0, .L77
 1390 00aa FFF7FEFF 		bl	HAL_GPIO_WritePin
 1391              	.LVL128:
 1392              	.L75:
 177:Core/Src/main.c ****   {
 1393              		.loc 1 177 3 view .LVU362
 180:Core/Src/main.c ****     /* USER CODE BEGIN 3 */
 1394              		.loc 1 180 4 discriminator 1 view .LVU363
 1395 00ae 0022     		movs	r2, #0
 1396 00b0 0121     		movs	r1, #1
 1397 00b2 0248     		ldr	r0, .L77
 1398 00b4 FFF7FEFF 		bl	HAL_GPIO_WritePin
 1399              	.LVL129:
 177:Core/Src/main.c ****   {
 1400              		.loc 1 177 9 view .LVU364
 1401 00b8 F9E7     		b	.L75
 1402              	.L78:
 1403 00ba 00BF     		.align	2
 1404              	.L77:
 1405 00bc 00040240 		.word	1073873920
 1406 00c0 00000000 		.word	image_widths
 1407 00c4 00000000 		.word	image_heights
 1408 00c8 00000000 		.word	start_time
 1409 00cc 00000000 		.word	start_cycles
 1410 00d0 00000000 		.word	MAX_ITERS
 1411 00d4 00000000 		.word	end_cycles
 1412 00d8 00000000 		.word	end_time
 1413 00dc 00000000 		.word	results
 1414              		.cfi_endproc
 1415              	.LFE134:
 1417              		.global	currentIteration
 1418              		.section	.bss.currentIteration,"aw",%nobits
 1419              		.align	2
 1422              	currentIteration:
 1423 0000 00000000 		.space	4
 1424              		.global	results
 1425              		.section	.bss.results,"aw",%nobits
 1426              		.align	3
 1429              	results:
 1430 0000 00000000 		.space	120
 1430      00000000 
 1430      00000000 
 1430      00000000 
 1430      00000000 
 1431              		.global	end_cycles
 1432              		.section	.bss.end_cycles,"aw",%nobits
 1433              		.align	2
 1436              	end_cycles:
 1437 0000 00000000 		.space	4
 1438              		.global	start_cycles
 1439              		.section	.bss.start_cycles,"aw",%nobits
ARM GAS  /tmp/ccaG7QLp.s 			page 54


 1440              		.align	2
 1443              	start_cycles:
 1444 0000 00000000 		.space	4
 1445              		.global	end_time
 1446              		.section	.bss.end_time,"aw",%nobits
 1447              		.align	2
 1450              	end_time:
 1451 0000 00000000 		.space	4
 1452              		.global	start_time
 1453              		.section	.bss.start_time,"aw",%nobits
 1454              		.align	2
 1457              	start_time:
 1458 0000 00000000 		.space	4
 1459              		.global	completed_executions
 1460              		.section	.bss.completed_executions,"aw",%nobits
 1461              		.align	2
 1464              	completed_executions:
 1465 0000 00000000 		.space	4
 1466              		.global	MAX_ITERS
 1467              		.section	.data.MAX_ITERS,"aw"
 1468              		.align	2
 1471              	MAX_ITERS:
 1472 0000 64000000 		.word	100
 1473              		.global	image_heights
 1474              		.section	.data.image_heights,"aw"
 1475              		.align	2
 1478              	image_heights:
 1479 0000 80000000 		.word	128
 1480 0004 A0000000 		.word	160
 1481 0008 C0000000 		.word	192
 1482 000c E0000000 		.word	224
 1483 0010 00010000 		.word	256
 1484              		.global	image_widths
 1485              		.section	.data.image_widths,"aw"
 1486              		.align	2
 1489              	image_widths:
 1490 0000 80000000 		.word	128
 1491 0004 A0000000 		.word	160
 1492 0008 C0000000 		.word	192
 1493 000c E0000000 		.word	224
 1494 0010 00010000 		.word	256
 1495              		.text
 1496              	.Letext0:
 1497              		.file 3 "/opt/st/stm32cubeide_1.19.0_2/plugins/com.st.stm32cube.ide.mcu.externaltools.gnu-tools-fo
 1498              		.file 4 "/opt/st/stm32cubeide_1.19.0_2/plugins/com.st.stm32cube.ide.mcu.externaltools.gnu-tools-fo
 1499              		.file 5 "Drivers/CMSIS/Include/core_cm4.h"
 1500              		.file 6 "Drivers/CMSIS/Device/ST/STM32F4xx/Include/stm32f446xx.h"
 1501              		.file 7 "Drivers/STM32F4xx_HAL_Driver/Inc/stm32f4xx_hal_def.h"
 1502              		.file 8 "Drivers/STM32F4xx_HAL_Driver/Inc/stm32f4xx_hal_rcc_ex.h"
 1503              		.file 9 "Drivers/STM32F4xx_HAL_Driver/Inc/stm32f4xx_hal_rcc.h"
 1504              		.file 10 "Drivers/STM32F4xx_HAL_Driver/Inc/stm32f4xx_hal_gpio.h"
 1505              		.file 11 "Drivers/STM32F4xx_HAL_Driver/Inc/stm32f4xx_hal.h"
 1506              		.file 12 "<built-in>"
ARM GAS  /tmp/ccaG7QLp.s 			page 55


DEFINED SYMBOLS
                            *ABS*:00000000 main.c
     /tmp/ccaG7QLp.s:19     .text.MX_GPIO_Init:00000000 $t
     /tmp/ccaG7QLp.s:24     .text.MX_GPIO_Init:00000000 MX_GPIO_Init
     /tmp/ccaG7QLp.s:115    .text.MX_GPIO_Init:00000060 $d
     /tmp/ccaG7QLp.s:121    .text.get_cycle_count:00000000 $t
     /tmp/ccaG7QLp.s:127    .text.get_cycle_count:00000000 get_cycle_count
     /tmp/ccaG7QLp.s:160    .text.calculate_throughput:00000000 $t
     /tmp/ccaG7QLp.s:166    .text.calculate_throughput:00000000 calculate_throughput
     /tmp/ccaG7QLp.s:225    .text.calculate_throughput:0000002c $d
     /tmp/ccaG7QLp.s:231    .text.calculate_mandelbrot_fixed_point_arithmetic:00000000 $t
     /tmp/ccaG7QLp.s:237    .text.calculate_mandelbrot_fixed_point_arithmetic:00000000 calculate_mandelbrot_fixed_point_arithmetic
     /tmp/ccaG7QLp.s:465    .text.calculate_mandelbrot_fixed_point_arithmetic_split:00000000 $t
     /tmp/ccaG7QLp.s:471    .text.calculate_mandelbrot_fixed_point_arithmetic_split:00000000 calculate_mandelbrot_fixed_point_arithmetic_split
     /tmp/ccaG7QLp.s:805    .text.calculate_mandelbrot_double:00000000 $t
     /tmp/ccaG7QLp.s:811    .text.calculate_mandelbrot_double:00000000 calculate_mandelbrot_double
     /tmp/ccaG7QLp.s:1089   .text.calculate_mandelbrot_double:00000168 $d
     /tmp/ccaG7QLp.s:1097   .text.Error_Handler:00000000 $t
     /tmp/ccaG7QLp.s:1103   .text.Error_Handler:00000000 Error_Handler
     /tmp/ccaG7QLp.s:1135   .text.SystemClock_Config:00000000 $t
     /tmp/ccaG7QLp.s:1141   .text.SystemClock_Config:00000000 SystemClock_Config
     /tmp/ccaG7QLp.s:1231   .text.main:00000000 $t
     /tmp/ccaG7QLp.s:1237   .text.main:00000000 main
     /tmp/ccaG7QLp.s:1405   .text.main:000000bc $d
     /tmp/ccaG7QLp.s:1489   .data.image_widths:00000000 image_widths
     /tmp/ccaG7QLp.s:1478   .data.image_heights:00000000 image_heights
     /tmp/ccaG7QLp.s:1457   .bss.start_time:00000000 start_time
     /tmp/ccaG7QLp.s:1443   .bss.start_cycles:00000000 start_cycles
     /tmp/ccaG7QLp.s:1471   .data.MAX_ITERS:00000000 MAX_ITERS
     /tmp/ccaG7QLp.s:1436   .bss.end_cycles:00000000 end_cycles
     /tmp/ccaG7QLp.s:1450   .bss.end_time:00000000 end_time
     /tmp/ccaG7QLp.s:1429   .bss.results:00000000 results
     /tmp/ccaG7QLp.s:1422   .bss.currentIteration:00000000 currentIteration
     /tmp/ccaG7QLp.s:1419   .bss.currentIteration:00000000 $d
     /tmp/ccaG7QLp.s:1426   .bss.results:00000000 $d
     /tmp/ccaG7QLp.s:1433   .bss.end_cycles:00000000 $d
     /tmp/ccaG7QLp.s:1440   .bss.start_cycles:00000000 $d
     /tmp/ccaG7QLp.s:1447   .bss.end_time:00000000 $d
     /tmp/ccaG7QLp.s:1454   .bss.start_time:00000000 $d
     /tmp/ccaG7QLp.s:1464   .bss.completed_executions:00000000 completed_executions
     /tmp/ccaG7QLp.s:1461   .bss.completed_executions:00000000 $d
     /tmp/ccaG7QLp.s:1468   .data.MAX_ITERS:00000000 $d
     /tmp/ccaG7QLp.s:1475   .data.image_heights:00000000 $d
     /tmp/ccaG7QLp.s:1486   .data.image_widths:00000000 $d

UNDEFINED SYMBOLS
HAL_GPIO_WritePin
HAL_GPIO_Init
HAL_GetTick
__aeabi_i2f
__aeabi_ui2f
__aeabi_fdiv
__aeabi_ldivmod
__aeabi_i2d
__aeabi_ddiv
__aeabi_dmul
__aeabi_dsub
ARM GAS  /tmp/ccaG7QLp.s 			page 56


__aeabi_dadd
__aeabi_dcmple
memset
HAL_RCC_OscConfig
HAL_RCC_ClockConfig
HAL_Init
HAL_Delay
